Aussaat_ID,Versuchsjahr,Termin,Termin_Aufgang,Parzelle_ID,Saatstaerke_kg_ha,Reihenabstand,Pflanzenabstand,Saat_Pflanzgut_ID,Keimfaehige_Koerner,Technik_ID
1,1967,19670421,19670519,1,,62.5,40,1,,10
2,1967,19670421,19670519,2,,62.5,40,1,,10
3,1967,19670421,19670519,3,,62.5,40,1,,10
4,1967,19670421,19670519,4,,62.5,40,1,,10
5,1967,19670421,19670519,5,,62.5,40,1,,10
6,1967,19670421,19670519,6,,62.5,40,1,,10
7,1967,19670421,19670519,7,,62.5,40,1,,10
8,1967,19670421,19670519,8,,62.5,40,1,,10
9,1967,19670421,19670519,9,,62.5,40,1,,10
10,1967,19670421,19670519,10,,62.5,40,1,,10
11,1967,19670421,19670519,11,,62.5,40,1,,10
12,1967,19670421,19670519,12,,62.5,40,1,,10
13,1967,19670421,19670519,13,,62.5,40,1,,10
14,1967,19670421,19670519,14,,62.5,40,1,,10
15,1967,19670421,19670519,15,,62.5,40,1,,10
16,1967,19670421,19670519,16,,62.5,40,1,,10
17,1967,19670421,19670519,17,,62.5,40,1,,10
18,1967,19670421,19670519,18,,62.5,40,1,,10
19,1967,19670421,19670519,19,,62.5,40,1,,10
20,1967,19670421,19670519,20,,62.5,40,1,,10
21,1967,19670421,19670519,21,,62.5,40,1,,10
22,1967,19670421,19670519,22,,62.5,40,1,,10
23,1967,19670421,19670519,23,,62.5,40,1,,10
24,1967,19670421,19670519,24,,62.5,40,1,,10
25,1967,19670421,19670519,25,,62.5,40,1,,10
26,1967,19670421,19670519,26,,62.5,40,1,,10
27,1967,19670421,19670519,27,,62.5,40,1,,10
28,1967,19670421,19670519,28,,62.5,40,1,,10
29,1967,19670421,19670519,29,,62.5,40,1,,10
30,1967,19670421,19670519,30,,62.5,40,1,,10
31,1967,19670421,19670519,31,,62.5,40,1,,10
32,1967,19670421,19670519,32,,62.5,40,1,,10
33,1967,19670421,19670519,33,,62.5,40,1,,10
34,1967,19670421,19670519,34,,62.5,40,1,,10
35,1967,19670421,19670519,35,,62.5,40,1,,10
36,1967,19670421,19670519,36,,62.5,40,1,,10
37,1967,19670421,19670519,37,,62.5,40,1,,10
38,1967,19670421,19670519,38,,62.5,40,1,,10
39,1967,19670421,19670519,39,,62.5,40,1,,10
40,1967,19670421,19670519,40,,62.5,40,1,,10
41,1967,19670421,19670519,41,,62.5,40,1,,10
42,1967,19670421,19670519,42,,62.5,40,1,,10
43,1967,19670421,19670519,43,,62.5,40,1,,10
44,1967,19670421,19670519,44,,62.5,40,1,,10
45,1967,19670421,19670519,45,,62.5,40,1,,10
46,1967,19670421,19670519,46,,62.5,40,1,,10
47,1967,19670421,19670519,47,,62.5,40,1,,10
48,1967,19670421,19670519,48,,62.5,40,1,,10
49,1967,19670421,19670519,49,,62.5,40,1,,10
50,1967,19670421,19670519,50,,62.5,40,1,,10
51,1967,19670421,19670519,51,,62.5,40,1,,10
52,1967,19670421,19670519,52,,62.5,40,1,,10
53,1967,19670421,19670519,53,,62.5,40,1,,10
54,1967,19670421,19670519,54,,62.5,40,1,,10
55,1967,19670421,19670519,55,,62.5,40,1,,10
56,1967,19670421,19670519,56,,62.5,40,1,,10
57,1967,19670421,19670519,57,,62.5,40,1,,10
58,1967,19670421,19670519,58,,62.5,40,1,,10
59,1967,19670421,19670519,59,,62.5,40,1,,10
60,1967,19670421,19670519,60,,62.5,40,1,,10
61,1967,19670421,19670519,61,,62.5,40,1,,10
62,1967,19670421,19670519,62,,62.5,40,1,,10
63,1967,19670421,19670519,63,,62.5,40,1,,10
64,1967,19670421,19670519,64,,62.5,40,1,,10
65,1968,19671020,19671106,1,192,20,,2,,9
66,1968,19671020,19671106,2,192,20,,2,,9
67,1968,19671020,19671106,3,192,20,,2,,9
68,1968,19671020,19671106,4,192,20,,2,,9
69,1968,19671020,19671106,5,192,20,,2,,9
70,1968,19671020,19671106,6,192,20,,2,,9
71,1968,19671020,19671106,7,192,20,,2,,9
72,1968,19671020,19671106,8,192,20,,2,,9
73,1968,19671020,19671106,9,192,20,,2,,9
74,1968,19671020,19671106,10,192,20,,2,,9
75,1968,19671020,19671106,11,192,20,,2,,9
76,1968,19671020,19671106,12,192,20,,2,,9
77,1968,19671020,19671106,13,192,20,,2,,9
78,1968,19671020,19671106,14,192,20,,2,,9
79,1968,19671020,19671106,15,192,20,,2,,9
80,1968,19671020,19671106,16,192,20,,2,,9
81,1968,19671020,19671106,17,192,20,,2,,9
82,1968,19671020,19671106,18,192,20,,2,,9
83,1968,19671020,19671106,19,192,20,,2,,9
84,1968,19671020,19671106,20,192,20,,2,,9
85,1968,19671020,19671106,21,192,20,,2,,9
86,1968,19671020,19671106,22,192,20,,2,,9
87,1968,19671020,19671106,23,192,20,,2,,9
88,1968,19671020,19671106,24,192,20,,2,,9
89,1968,19671020,19671106,25,192,20,,2,,9
90,1968,19671020,19671106,26,192,20,,2,,9
91,1968,19671020,19671106,27,192,20,,2,,9
92,1968,19671020,19671106,28,192,20,,2,,9
93,1968,19671020,19671106,29,192,20,,2,,9
94,1968,19671020,19671106,30,192,20,,2,,9
95,1968,19671020,19671106,31,192,20,,2,,9
96,1968,19671020,19671106,32,192,20,,2,,9
97,1968,19671020,19671106,33,192,20,,2,,9
98,1968,19671020,19671106,34,192,20,,2,,9
99,1968,19671020,19671106,35,192,20,,2,,9
100,1968,19671020,19671106,36,192,20,,2,,9
101,1968,19671020,19671106,37,192,20,,2,,9
102,1968,19671020,19671106,38,192,20,,2,,9
103,1968,19671020,19671106,39,192,20,,2,,9
104,1968,19671020,19671106,40,192,20,,2,,9
105,1968,19671020,19671106,41,192,20,,2,,9
106,1968,19671020,19671106,42,192,20,,2,,9
107,1968,19671020,19671106,43,192,20,,2,,9
108,1968,19671020,19671106,44,192,20,,2,,9
109,1968,19671020,19671106,45,192,20,,2,,9
110,1968,19671020,19671106,46,192,20,,2,,9
111,1968,19671020,19671106,47,192,20,,2,,9
112,1968,19671020,19671106,48,192,20,,2,,9
113,1968,19671020,19671106,49,192,20,,2,,9
114,1968,19671020,19671106,50,192,20,,2,,9
115,1968,19671020,19671106,51,192,20,,2,,9
116,1968,19671020,19671106,52,192,20,,2,,9
117,1968,19671020,19671106,53,192,20,,2,,9
118,1968,19671020,19671106,54,192,20,,2,,9
119,1968,19671020,19671106,55,192,20,,2,,9
120,1968,19671020,19671106,56,192,20,,2,,9
121,1968,19671020,19671106,57,192,20,,2,,9
122,1968,19671020,19671106,58,192,20,,2,,9
123,1968,19671020,19671106,59,192,20,,2,,9
124,1968,19671020,19671106,60,192,20,,2,,9
125,1968,19671020,19671106,61,192,20,,2,,9
126,1968,19671020,19671106,62,192,20,,2,,9
127,1968,19671020,19671106,63,192,20,,2,,9
128,1968,19671020,19671106,64,192,20,,2,,9
129,1969,19690510,19690527,1,40,41.7,,3,,8
130,1969,19690510,19690527,2,40,41.7,,3,,8
131,1969,19690510,19690527,3,40,41.7,,3,,8
132,1969,19690510,19690527,4,40,41.7,,3,,8
133,1969,19690510,19690527,5,40,41.7,,3,,8
134,1969,19690510,19690527,6,40,41.7,,3,,8
135,1969,19690510,19690527,7,40,41.7,,3,,8
136,1969,19690510,19690527,8,40,41.7,,3,,8
137,1969,19690510,19690527,9,40,41.7,,3,,8
138,1969,19690510,19690527,10,40,41.7,,3,,8
139,1969,19690510,19690527,11,40,41.7,,3,,8
140,1969,19690510,19690527,12,40,41.7,,3,,8
141,1969,19690510,19690527,13,40,41.7,,3,,8
142,1969,19690510,19690527,14,40,41.7,,3,,8
143,1969,19690510,19690527,15,40,41.7,,3,,8
144,1969,19690510,19690527,16,40,41.7,,3,,8
145,1969,19690510,19690527,17,40,41.7,,3,,8
146,1969,19690510,19690527,18,40,41.7,,3,,8
147,1969,19690510,19690527,19,40,41.7,,3,,8
148,1969,19690510,19690527,20,40,41.7,,3,,8
149,1969,19690510,19690527,21,40,41.7,,3,,8
150,1969,19690510,19690527,22,40,41.7,,3,,8
151,1969,19690510,19690527,23,40,41.7,,3,,8
152,1969,19690510,19690527,24,40,41.7,,3,,8
153,1969,19690510,19690527,25,40,41.7,,3,,8
154,1969,19690510,19690527,26,40,41.7,,3,,8
155,1969,19690510,19690527,27,40,41.7,,3,,8
156,1969,19690510,19690527,28,40,41.7,,3,,8
157,1969,19690510,19690527,29,40,41.7,,3,,8
158,1969,19690510,19690527,30,40,41.7,,3,,8
159,1969,19690510,19690527,31,40,41.7,,3,,8
160,1969,19690510,19690527,32,40,41.7,,3,,8
161,1969,19690510,19690527,33,40,41.7,,3,,8
162,1969,19690510,19690527,34,40,41.7,,3,,8
163,1969,19690510,19690527,35,40,41.7,,3,,8
164,1969,19690510,19690527,36,40,41.7,,3,,8
165,1969,19690510,19690527,37,40,41.7,,3,,8
166,1969,19690510,19690527,38,40,41.7,,3,,8
167,1969,19690510,19690527,39,40,41.7,,3,,8
168,1969,19690510,19690527,40,40,41.7,,3,,8
169,1969,19690510,19690527,41,40,41.7,,3,,8
170,1969,19690510,19690527,42,40,41.7,,3,,8
171,1969,19690510,19690527,43,40,41.7,,3,,8
172,1969,19690510,19690527,44,40,41.7,,3,,8
173,1969,19690510,19690527,45,40,41.7,,3,,8
174,1969,19690510,19690527,46,40,41.7,,3,,8
175,1969,19690510,19690527,47,40,41.7,,3,,8
176,1969,19690510,19690527,48,40,41.7,,3,,8
177,1969,19690510,19690527,49,40,41.7,,3,,8
178,1969,19690510,19690527,50,40,41.7,,3,,8
179,1969,19690510,19690527,51,40,41.7,,3,,8
180,1969,19690510,19690527,52,40,41.7,,3,,8
181,1969,19690510,19690527,53,40,41.7,,3,,8
182,1969,19690510,19690527,54,40,41.7,,3,,8
183,1969,19690510,19690527,55,40,41.7,,3,,8
184,1969,19690510,19690527,56,40,41.7,,3,,8
185,1969,19690510,19690527,57,40,41.7,,3,,8
186,1969,19690510,19690527,58,40,41.7,,3,,8
187,1969,19690510,19690527,59,40,41.7,,3,,8
188,1969,19690510,19690527,60,40,41.7,,3,,8
189,1969,19690510,19690527,61,40,41.7,,3,,8
190,1969,19690510,19690527,62,40,41.7,,3,,8
191,1969,19690510,19690527,63,40,41.7,,3,,8
192,1969,19690510,19690527,64,40,41.7,,3,,8
193,1970,19700407,19700424,1,158,12.5,,4,,9
194,1970,19700407,19700424,2,158,12.5,,4,,9
195,1970,19700407,19700424,3,158,12.5,,4,,9
196,1970,19700407,19700424,4,158,12.5,,4,,9
197,1970,19700407,19700424,5,158,12.5,,4,,9
198,1970,19700407,19700424,6,158,12.5,,4,,9
199,1970,19700407,19700424,7,158,12.5,,4,,9
200,1970,19700407,19700424,8,158,12.5,,4,,9
201,1970,19700407,19700424,9,158,12.5,,4,,9
202,1970,19700407,19700424,10,158,12.5,,4,,9
203,1970,19700407,19700424,11,158,12.5,,4,,9
204,1970,19700407,19700424,12,158,12.5,,4,,9
205,1970,19700407,19700424,13,158,12.5,,4,,9
206,1970,19700407,19700424,14,158,12.5,,4,,9
207,1970,19700407,19700424,15,158,12.5,,4,,9
208,1970,19700407,19700424,16,158,12.5,,4,,9
209,1970,19700407,19700424,17,158,12.5,,4,,9
210,1970,19700407,19700424,18,158,12.5,,4,,9
211,1970,19700407,19700424,19,158,12.5,,4,,9
212,1970,19700407,19700424,20,158,12.5,,4,,9
213,1970,19700407,19700424,21,158,12.5,,4,,9
214,1970,19700407,19700424,22,158,12.5,,4,,9
215,1970,19700407,19700424,23,158,12.5,,4,,9
216,1970,19700407,19700424,24,158,12.5,,4,,9
217,1970,19700407,19700424,25,158,12.5,,4,,9
218,1970,19700407,19700424,26,158,12.5,,4,,9
219,1970,19700407,19700424,27,158,12.5,,4,,9
220,1970,19700407,19700424,28,158,12.5,,4,,9
221,1970,19700407,19700424,29,158,12.5,,4,,9
222,1970,19700407,19700424,30,158,12.5,,4,,9
223,1970,19700407,19700424,31,158,12.5,,4,,9
224,1970,19700407,19700424,32,158,12.5,,4,,9
225,1970,19700407,19700424,33,158,12.5,,4,,9
226,1970,19700407,19700424,34,158,12.5,,4,,9
227,1970,19700407,19700424,35,158,12.5,,4,,9
228,1970,19700407,19700424,36,158,12.5,,4,,9
229,1970,19700407,19700424,37,158,12.5,,4,,9
230,1970,19700407,19700424,38,158,12.5,,4,,9
231,1970,19700407,19700424,39,158,12.5,,4,,9
232,1970,19700407,19700424,40,158,12.5,,4,,9
233,1970,19700407,19700424,41,158,12.5,,4,,9
234,1970,19700407,19700424,42,158,12.5,,4,,9
235,1970,19700407,19700424,43,158,12.5,,4,,9
236,1970,19700407,19700424,44,158,12.5,,4,,9
237,1970,19700407,19700424,45,158,12.5,,4,,9
238,1970,19700407,19700424,46,158,12.5,,4,,9
239,1970,19700407,19700424,47,158,12.5,,4,,9
240,1970,19700407,19700424,48,158,12.5,,4,,9
241,1970,19700407,19700424,49,158,12.5,,4,,9
242,1970,19700407,19700424,50,158,12.5,,4,,9
243,1970,19700407,19700424,51,158,12.5,,4,,9
244,1970,19700407,19700424,52,158,12.5,,4,,9
245,1970,19700407,19700424,53,158,12.5,,4,,9
246,1970,19700407,19700424,54,158,12.5,,4,,9
247,1970,19700407,19700424,55,158,12.5,,4,,9
248,1970,19700407,19700424,56,158,12.5,,4,,9
249,1970,19700407,19700424,57,158,12.5,,4,,9
250,1970,19700407,19700424,58,158,12.5,,4,,9
251,1970,19700407,19700424,59,158,12.5,,4,,9
252,1970,19700407,19700424,60,158,12.5,,4,,9
253,1970,19700407,19700424,61,158,12.5,,4,,9
254,1970,19700407,19700424,62,158,12.5,,4,,9
255,1970,19700407,19700424,63,158,12.5,,4,,9
256,1970,19700407,19700424,64,158,12.5,,4,,9
257,1971,19710419,19700524,1,,75,33.3,5,,10
258,1971,19710419,19700524,2,,75,33.3,5,,10
259,1971,19710419,19700524,3,,75,33.3,5,,10
260,1971,19710419,19700524,4,,75,33.3,5,,10
261,1971,19710419,19700524,5,,75,33.3,5,,10
262,1971,19710419,19700524,6,,75,33.3,5,,10
263,1971,19710419,19700524,7,,75,33.3,5,,10
264,1971,19710419,19700524,8,,75,33.3,5,,10
265,1971,19710419,19700524,9,,75,33.3,5,,10
266,1971,19710419,19700524,10,,75,33.3,5,,10
267,1971,19710419,19700524,11,,75,33.3,5,,10
268,1971,19710419,19700524,12,,75,33.3,5,,10
269,1971,19710419,19700524,13,,75,33.3,5,,10
270,1971,19710419,19700524,14,,75,33.3,5,,10
271,1971,19710419,19700524,15,,75,33.3,5,,10
272,1971,19710419,19700524,16,,75,33.3,5,,10
273,1971,19710419,19700524,17,,75,33.3,5,,10
274,1971,19710419,19700524,18,,75,33.3,5,,10
275,1971,19710419,19700524,19,,75,33.3,5,,10
276,1971,19710419,19700524,20,,75,33.3,5,,10
277,1971,19710419,19700524,21,,75,33.3,5,,10
278,1971,19710419,19700524,22,,75,33.3,5,,10
279,1971,19710419,19700524,23,,75,33.3,5,,10
280,1971,19710419,19700524,24,,75,33.3,5,,10
281,1971,19710419,19700524,25,,75,33.3,5,,10
282,1971,19710419,19700524,26,,75,33.3,5,,10
283,1971,19710419,19700524,27,,75,33.3,5,,10
284,1971,19710419,19700524,28,,75,33.3,5,,10
285,1971,19710419,19700524,29,,75,33.3,5,,10
286,1971,19710419,19700524,30,,75,33.3,5,,10
287,1971,19710419,19700524,31,,75,33.3,5,,10
288,1971,19710419,19700524,32,,75,33.3,5,,10
289,1971,19710419,19700524,33,,75,33.3,5,,10
290,1971,19710419,19700524,34,,75,33.3,5,,10
291,1971,19710419,19700524,35,,75,33.3,5,,10
292,1971,19710419,19700524,36,,75,33.3,5,,10
293,1971,19710419,19700524,37,,75,33.3,5,,10
294,1971,19710419,19700524,38,,75,33.3,5,,10
295,1971,19710419,19700524,39,,75,33.3,5,,10
296,1971,19710419,19700524,40,,75,33.3,5,,10
297,1971,19710419,19700524,41,,75,33.3,5,,10
298,1971,19710419,19700524,42,,75,33.3,5,,10
299,1971,19710419,19700524,43,,75,33.3,5,,10
300,1971,19710419,19700524,44,,75,33.3,5,,10
301,1971,19710419,19700524,45,,75,33.3,5,,10
302,1971,19710419,19700524,46,,75,33.3,5,,10
303,1971,19710419,19700524,47,,75,33.3,5,,10
304,1971,19710419,19700524,48,,75,33.3,5,,10
305,1971,19710419,19700524,49,,75,33.3,5,,10
306,1971,19710419,19700524,50,,75,33.3,5,,10
307,1971,19710419,19700524,51,,75,33.3,5,,10
308,1971,19710419,19700524,52,,75,33.3,5,,10
309,1971,19710419,19700524,53,,75,33.3,5,,10
310,1971,19710419,19700524,54,,75,33.3,5,,10
311,1971,19710419,19700524,55,,75,33.3,5,,10
312,1971,19710419,19700524,56,,75,33.3,5,,10
313,1971,19710419,19700524,57,,75,33.3,5,,10
314,1971,19710419,19700524,58,,75,33.3,5,,10
315,1971,19710419,19700524,59,,75,33.3,5,,10
316,1971,19710419,19700524,60,,75,33.3,5,,10
317,1971,19710419,19700524,61,,75,33.3,5,,10
318,1971,19710419,19700524,62,,75,33.3,5,,10
319,1971,19710419,19700524,63,,75,33.3,5,,10
320,1971,19710419,19700524,64,,75,33.3,5,,10
321,1972,19711011,19711027,1,256,12.5,,6,,9
322,1972,19711011,19711027,2,256,12.5,,6,,9
323,1972,19711011,19711027,3,256,12.5,,6,,9
324,1972,19711011,19711027,4,256,12.5,,6,,9
325,1972,19711011,19711027,5,256,12.5,,6,,9
326,1972,19711011,19711027,6,256,12.5,,6,,9
327,1972,19711011,19711027,7,256,12.5,,6,,9
328,1972,19711011,19711027,8,256,12.5,,6,,9
329,1972,19711011,19711027,9,256,12.5,,6,,9
330,1972,19711011,19711027,10,256,12.5,,6,,9
331,1972,19711011,19711027,11,256,12.5,,6,,9
332,1972,19711011,19711027,12,256,12.5,,6,,9
333,1972,19711011,19711027,13,256,12.5,,6,,9
334,1972,19711011,19711027,14,256,12.5,,6,,9
335,1972,19711011,19711027,15,256,12.5,,6,,9
336,1972,19711011,19711027,16,256,12.5,,6,,9
337,1972,19711011,19711027,17,256,12.5,,6,,9
338,1972,19711011,19711027,18,256,12.5,,6,,9
339,1972,19711011,19711027,19,256,12.5,,6,,9
340,1972,19711011,19711027,20,256,12.5,,6,,9
341,1972,19711011,19711027,21,256,12.5,,6,,9
342,1972,19711011,19711027,22,256,12.5,,6,,9
343,1972,19711011,19711027,23,256,12.5,,6,,9
344,1972,19711011,19711027,24,256,12.5,,6,,9
345,1972,19711011,19711027,25,256,12.5,,6,,9
346,1972,19711011,19711027,26,256,12.5,,6,,9
347,1972,19711011,19711027,27,256,12.5,,6,,9
348,1972,19711011,19711027,28,256,12.5,,6,,9
349,1972,19711011,19711027,29,256,12.5,,6,,9
350,1972,19711011,19711027,30,256,12.5,,6,,9
351,1972,19711011,19711027,31,256,12.5,,6,,9
352,1972,19711011,19711027,32,256,12.5,,6,,9
353,1972,19711011,19711027,33,256,12.5,,6,,9
354,1972,19711011,19711027,34,256,12.5,,6,,9
355,1972,19711011,19711027,35,256,12.5,,6,,9
356,1972,19711011,19711027,36,256,12.5,,6,,9
357,1972,19711011,19711027,37,256,12.5,,6,,9
358,1972,19711011,19711027,38,256,12.5,,6,,9
359,1972,19711011,19711027,39,256,12.5,,6,,9
360,1972,19711011,19711027,40,256,12.5,,6,,9
361,1972,19711011,19711027,41,256,12.5,,6,,9
362,1972,19711011,19711027,42,256,12.5,,6,,9
363,1972,19711011,19711027,43,256,12.5,,6,,9
364,1972,19711011,19711027,44,256,12.5,,6,,9
365,1972,19711011,19711027,45,256,12.5,,6,,9
366,1972,19711011,19711027,46,256,12.5,,6,,9
367,1972,19711011,19711027,47,256,12.5,,6,,9
368,1972,19711011,19711027,48,256,12.5,,6,,9
369,1972,19711011,19711027,49,256,12.5,,6,,9
370,1972,19711011,19711027,50,256,12.5,,6,,9
371,1972,19711011,19711027,51,256,12.5,,6,,9
372,1972,19711011,19711027,52,256,12.5,,6,,9
373,1972,19711011,19711027,53,256,12.5,,6,,9
374,1972,19711011,19711027,54,256,12.5,,6,,9
375,1972,19711011,19711027,55,256,12.5,,6,,9
376,1972,19711011,19711027,56,256,12.5,,6,,9
377,1972,19711011,19711027,57,256,12.5,,6,,9
378,1972,19711011,19711027,58,256,12.5,,6,,9
379,1972,19711011,19711027,59,256,12.5,,6,,9
380,1972,19711011,19711027,60,256,12.5,,6,,9
381,1972,19711011,19711027,61,256,12.5,,6,,9
382,1972,19711011,19711027,62,256,12.5,,6,,9
383,1972,19711011,19711027,63,256,12.5,,6,,9
384,1972,19711011,19711027,64,256,12.5,,6,,9
385,1973,19730426,19730509,1,12.8,41.7,,7,,8
386,1973,19730426,19730509,2,12.8,41.7,,7,,8
387,1973,19730426,19730509,3,12.8,41.7,,7,,8
388,1973,19730426,19730509,4,12.8,41.7,,7,,8
389,1973,19730426,19730509,5,12.8,41.7,,7,,8
390,1973,19730426,19730509,6,12.8,41.7,,7,,8
391,1973,19730426,19730509,7,12.8,41.7,,7,,8
392,1973,19730426,19730509,8,12.8,41.7,,7,,8
393,1973,19730426,19730509,9,12.8,41.7,,7,,8
394,1973,19730426,19730509,10,12.8,41.7,,7,,8
395,1973,19730426,19730509,11,12.8,41.7,,7,,8
396,1973,19730426,19730509,12,12.8,41.7,,7,,8
397,1973,19730426,19730509,13,12.8,41.7,,7,,8
398,1973,19730426,19730509,14,12.8,41.7,,7,,8
399,1973,19730426,19730509,15,12.8,41.7,,7,,8
400,1973,19730426,19730509,16,12.8,41.7,,7,,8
401,1973,19730426,19730509,17,12.8,41.7,,7,,8
402,1973,19730426,19730509,18,12.8,41.7,,7,,8
403,1973,19730426,19730509,19,12.8,41.7,,7,,8
404,1973,19730426,19730509,20,12.8,41.7,,7,,8
405,1973,19730426,19730509,21,12.8,41.7,,7,,8
406,1973,19730426,19730509,22,12.8,41.7,,7,,8
407,1973,19730426,19730509,23,12.8,41.7,,7,,8
408,1973,19730426,19730509,24,12.8,41.7,,7,,8
409,1973,19730426,19730509,25,12.8,41.7,,7,,8
410,1973,19730426,19730509,26,12.8,41.7,,7,,8
411,1973,19730426,19730509,27,12.8,41.7,,7,,8
412,1973,19730426,19730509,28,12.8,41.7,,7,,8
413,1973,19730426,19730509,29,12.8,41.7,,7,,8
414,1973,19730426,19730509,30,12.8,41.7,,7,,8
415,1973,19730426,19730509,31,12.8,41.7,,7,,8
416,1973,19730426,19730509,32,12.8,41.7,,7,,8
417,1973,19730426,19730509,33,12.8,41.7,,7,,8
418,1973,19730426,19730509,34,12.8,41.7,,7,,8
419,1973,19730426,19730509,35,12.8,41.7,,7,,8
420,1973,19730426,19730509,36,12.8,41.7,,7,,8
421,1973,19730426,19730509,37,12.8,41.7,,7,,8
422,1973,19730426,19730509,38,12.8,41.7,,7,,8
423,1973,19730426,19730509,39,12.8,41.7,,7,,8
424,1973,19730426,19730509,40,12.8,41.7,,7,,8
425,1973,19730426,19730509,41,12.8,41.7,,7,,8
426,1973,19730426,19730509,42,12.8,41.7,,7,,8
427,1973,19730426,19730509,43,12.8,41.7,,7,,8
428,1973,19730426,19730509,44,12.8,41.7,,7,,8
429,1973,19730426,19730509,45,12.8,41.7,,7,,8
430,1973,19730426,19730509,46,12.8,41.7,,7,,8
431,1973,19730426,19730509,47,12.8,41.7,,7,,8
432,1973,19730426,19730509,48,12.8,41.7,,7,,8
433,1973,19730426,19730509,49,12.8,41.7,,7,,8
434,1973,19730426,19730509,50,12.8,41.7,,7,,8
435,1973,19730426,19730509,51,12.8,41.7,,7,,8
436,1973,19730426,19730509,52,12.8,41.7,,7,,8
437,1973,19730426,19730509,53,12.8,41.7,,7,,8
438,1973,19730426,19730509,54,12.8,41.7,,7,,8
439,1973,19730426,19730509,55,12.8,41.7,,7,,8
440,1973,19730426,19730509,56,12.8,41.7,,7,,8
441,1973,19730426,19730509,57,12.8,41.7,,7,,8
442,1973,19730426,19730509,58,12.8,41.7,,7,,8
443,1973,19730426,19730509,59,12.8,41.7,,7,,8
444,1973,19730426,19730509,60,12.8,41.7,,7,,8
445,1973,19730426,19730509,61,12.8,41.7,,7,,8
446,1973,19730426,19730509,62,12.8,41.7,,7,,8
447,1973,19730426,19730509,63,12.8,41.7,,7,,8
448,1973,19730426,19730509,64,12.8,41.7,,7,,8
449,1974,19740315,19740402,1,140,12.5,,8,,9
450,1974,19740315,19740402,2,140,12.5,,8,,9
451,1974,19740315,19740402,3,140,12.5,,8,,9
452,1974,19740315,19740402,4,140,12.5,,8,,9
453,1974,19740315,19740402,5,140,12.5,,8,,9
454,1974,19740315,19740402,6,140,12.5,,8,,9
455,1974,19740315,19740402,7,140,12.5,,8,,9
456,1974,19740315,19740402,8,140,12.5,,8,,9
457,1974,19740315,19740402,9,140,12.5,,8,,9
458,1974,19740315,19740402,10,140,12.5,,8,,9
459,1974,19740315,19740402,11,140,12.5,,8,,9
460,1974,19740315,19740402,12,140,12.5,,8,,9
461,1974,19740315,19740402,13,140,12.5,,8,,9
462,1974,19740315,19740402,14,140,12.5,,8,,9
463,1974,19740315,19740402,15,140,12.5,,8,,9
464,1974,19740315,19740402,16,140,12.5,,8,,9
465,1974,19740315,19740402,17,140,12.5,,8,,9
466,1974,19740315,19740402,18,140,12.5,,8,,9
467,1974,19740315,19740402,19,140,12.5,,8,,9
468,1974,19740315,19740402,20,140,12.5,,8,,9
469,1974,19740315,19740402,21,140,12.5,,8,,9
470,1974,19740315,19740402,22,140,12.5,,8,,9
471,1974,19740315,19740402,23,140,12.5,,8,,9
472,1974,19740315,19740402,24,140,12.5,,8,,9
473,1974,19740315,19740402,25,140,12.5,,8,,9
474,1974,19740315,19740402,26,140,12.5,,8,,9
475,1974,19740315,19740402,27,140,12.5,,8,,9
476,1974,19740315,19740402,28,140,12.5,,8,,9
477,1974,19740315,19740402,29,140,12.5,,8,,9
478,1974,19740315,19740402,30,140,12.5,,8,,9
479,1974,19740315,19740402,31,140,12.5,,8,,9
480,1974,19740315,19740402,32,140,12.5,,8,,9
481,1974,19740315,19740402,33,140,12.5,,8,,9
482,1974,19740315,19740402,34,140,12.5,,8,,9
483,1974,19740315,19740402,35,140,12.5,,8,,9
484,1974,19740315,19740402,36,140,12.5,,8,,9
485,1974,19740315,19740402,37,140,12.5,,8,,9
486,1974,19740315,19740402,38,140,12.5,,8,,9
487,1974,19740315,19740402,39,140,12.5,,8,,9
488,1974,19740315,19740402,40,140,12.5,,8,,9
489,1974,19740315,19740402,41,140,12.5,,8,,9
490,1974,19740315,19740402,42,140,12.5,,8,,9
491,1974,19740315,19740402,43,140,12.5,,8,,9
492,1974,19740315,19740402,44,140,12.5,,8,,9
493,1974,19740315,19740402,45,140,12.5,,8,,9
494,1974,19740315,19740402,46,140,12.5,,8,,9
495,1974,19740315,19740402,47,140,12.5,,8,,9
496,1974,19740315,19740402,48,140,12.5,,8,,9
497,1974,19740315,19740402,49,140,12.5,,8,,9
498,1974,19740315,19740402,50,140,12.5,,8,,9
499,1974,19740315,19740402,51,140,12.5,,8,,9
500,1974,19740315,19740402,52,140,12.5,,8,,9
501,1974,19740315,19740402,53,140,12.5,,8,,9
502,1974,19740315,19740402,54,140,12.5,,8,,9
503,1974,19740315,19740402,55,140,12.5,,8,,9
504,1974,19740315,19740402,56,140,12.5,,8,,9
505,1974,19740315,19740402,57,140,12.5,,8,,9
506,1974,19740315,19740402,58,140,12.5,,8,,9
507,1974,19740315,19740402,59,140,12.5,,8,,9
508,1974,19740315,19740402,60,140,12.5,,8,,9
509,1974,19740315,19740402,61,140,12.5,,8,,9
510,1974,19740315,19740402,62,140,12.5,,8,,9
511,1974,19740315,19740402,63,140,12.5,,8,,9
512,1974,19740315,19740402,64,140,12.5,,8,,9
513,1975,19750425,,1,,75,30,5,,10
514,1975,19750425,,2,,75,30,5,,10
515,1975,19750425,,3,,75,30,5,,10
516,1975,19750425,,4,,75,30,5,,10
517,1975,19750425,,5,,75,30,5,,10
518,1975,19750425,,6,,75,30,5,,10
519,1975,19750425,,7,,75,30,5,,10
520,1975,19750425,,8,,75,30,5,,10
521,1975,19750425,,9,,75,30,5,,10
522,1975,19750425,,10,,75,30,5,,10
523,1975,19750425,,11,,75,30,5,,10
524,1975,19750425,,12,,75,30,5,,10
525,1975,19750425,,13,,75,30,5,,10
526,1975,19750425,,14,,75,30,5,,10
527,1975,19750425,,15,,75,30,5,,10
528,1975,19750425,,16,,75,30,5,,10
529,1975,19750425,,17,,75,30,5,,10
530,1975,19750425,,18,,75,30,5,,10
531,1975,19750425,,19,,75,30,5,,10
532,1975,19750425,,20,,75,30,5,,10
533,1975,19750425,,21,,75,30,5,,10
534,1975,19750425,,22,,75,30,5,,10
535,1975,19750425,,23,,75,30,5,,10
536,1975,19750425,,24,,75,30,5,,10
537,1975,19750425,,25,,75,30,5,,10
538,1975,19750425,,26,,75,30,5,,10
539,1975,19750425,,27,,75,30,5,,10
540,1975,19750425,,28,,75,30,5,,10
541,1975,19750425,,29,,75,30,5,,10
542,1975,19750425,,30,,75,30,5,,10
543,1975,19750425,,31,,75,30,5,,10
544,1975,19750425,,32,,75,30,5,,10
545,1975,19750425,,33,,75,30,5,,10
546,1975,19750425,,34,,75,30,5,,10
547,1975,19750425,,35,,75,30,5,,10
548,1975,19750425,,36,,75,30,5,,10
549,1975,19750425,,37,,75,30,5,,10
550,1975,19750425,,38,,75,30,5,,10
551,1975,19750425,,39,,75,30,5,,10
552,1975,19750425,,40,,75,30,5,,10
553,1975,19750425,,41,,75,30,5,,10
554,1975,19750425,,42,,75,30,5,,10
555,1975,19750425,,43,,75,30,5,,10
556,1975,19750425,,44,,75,30,5,,10
557,1975,19750425,,45,,75,30,5,,10
558,1975,19750425,,46,,75,30,5,,10
559,1975,19750425,,47,,75,30,5,,10
560,1975,19750425,,48,,75,30,5,,10
561,1975,19750425,,49,,75,30,5,,10
562,1975,19750425,,50,,75,30,5,,10
563,1975,19750425,,51,,75,30,5,,10
564,1975,19750425,,52,,75,30,5,,10
565,1975,19750425,,53,,75,30,5,,10
566,1975,19750425,,54,,75,30,5,,10
567,1975,19750425,,55,,75,30,5,,10
568,1975,19750425,,56,,75,30,5,,10
569,1975,19750425,,57,,75,30,5,,10
570,1975,19750425,,58,,75,30,5,,10
571,1975,19750425,,59,,75,30,5,,10
572,1975,19750425,,60,,75,30,5,,10
573,1975,19750425,,61,,75,30,5,,10
574,1975,19750425,,62,,75,30,5,,10
575,1975,19750425,,63,,75,30,5,,10
576,1975,19750425,,64,,75,30,5,,10
577,1976,19751001,,1,175.8,12.5,,9,,9
578,1976,19751001,,2,175.8,12.5,,9,,9
579,1976,19751001,,3,175.8,12.5,,9,,9
580,1976,19751001,,4,175.8,12.5,,9,,9
581,1976,19751001,,5,175.8,12.5,,9,,9
582,1976,19751001,,6,175.8,12.5,,9,,9
583,1976,19751001,,7,175.8,12.5,,9,,9
584,1976,19751001,,8,175.8,12.5,,9,,9
585,1976,19751001,,9,175.8,12.5,,9,,9
586,1976,19751001,,10,175.8,12.5,,9,,9
587,1976,19751001,,11,175.8,12.5,,9,,9
588,1976,19751001,,12,175.8,12.5,,9,,9
589,1976,19751001,,13,175.8,12.5,,9,,9
590,1976,19751001,,14,175.8,12.5,,9,,9
591,1976,19751001,,15,175.8,12.5,,9,,9
592,1976,19751001,,16,175.8,12.5,,9,,9
593,1976,19751001,,17,175.8,12.5,,9,,9
594,1976,19751001,,18,175.8,12.5,,9,,9
595,1976,19751001,,19,175.8,12.5,,9,,9
596,1976,19751001,,20,175.8,12.5,,9,,9
597,1976,19751001,,21,175.8,12.5,,9,,9
598,1976,19751001,,22,175.8,12.5,,9,,9
599,1976,19751001,,23,175.8,12.5,,9,,9
600,1976,19751001,,24,175.8,12.5,,9,,9
601,1976,19751001,,25,175.8,12.5,,9,,9
602,1976,19751001,,26,175.8,12.5,,9,,9
603,1976,19751001,,27,175.8,12.5,,9,,9
604,1976,19751001,,28,175.8,12.5,,9,,9
605,1976,19751001,,29,175.8,12.5,,9,,9
606,1976,19751001,,30,175.8,12.5,,9,,9
607,1976,19751001,,31,175.8,12.5,,9,,9
608,1976,19751001,,32,175.8,12.5,,9,,9
609,1976,19751001,,33,175.8,12.5,,9,,9
610,1976,19751001,,34,175.8,12.5,,9,,9
611,1976,19751001,,35,175.8,12.5,,9,,9
612,1976,19751001,,36,175.8,12.5,,9,,9
613,1976,19751001,,37,175.8,12.5,,9,,9
614,1976,19751001,,38,175.8,12.5,,9,,9
615,1976,19751001,,39,175.8,12.5,,9,,9
616,1976,19751001,,40,175.8,12.5,,9,,9
617,1976,19751001,,41,175.8,12.5,,9,,9
618,1976,19751001,,42,175.8,12.5,,9,,9
619,1976,19751001,,43,175.8,12.5,,9,,9
620,1976,19751001,,44,175.8,12.5,,9,,9
621,1976,19751001,,45,175.8,12.5,,9,,9
622,1976,19751001,,46,175.8,12.5,,9,,9
623,1976,19751001,,47,175.8,12.5,,9,,9
624,1976,19751001,,48,175.8,12.5,,9,,9
625,1976,19751001,,49,175.8,12.5,,9,,9
626,1976,19751001,,50,175.8,12.5,,9,,9
627,1976,19751001,,51,175.8,12.5,,9,,9
628,1976,19751001,,52,175.8,12.5,,9,,9
629,1976,19751001,,53,175.8,12.5,,9,,9
630,1976,19751001,,54,175.8,12.5,,9,,9
631,1976,19751001,,55,175.8,12.5,,9,,9
632,1976,19751001,,56,175.8,12.5,,9,,9
633,1976,19751001,,57,175.8,12.5,,9,,9
634,1976,19751001,,58,175.8,12.5,,9,,9
635,1976,19751001,,59,175.8,12.5,,9,,9
636,1976,19751001,,60,175.8,12.5,,9,,9
637,1976,19751001,,61,175.8,12.5,,9,,9
638,1976,19751001,,62,175.8,12.5,,9,,9
639,1976,19751001,,63,175.8,12.5,,9,,9
640,1976,19751001,,64,175.8,12.5,,9,,9
641,1977,19770421,,1,8.2,41.7,,10,,8
642,1977,19770421,,2,8.2,41.7,,10,,8
643,1977,19770421,,3,8.2,41.7,,10,,8
644,1977,19770421,,4,8.2,41.7,,10,,8
645,1977,19770421,,5,8.2,41.7,,10,,8
646,1977,19770421,,6,8.2,41.7,,10,,8
647,1977,19770421,,7,8.2,41.7,,10,,8
648,1977,19770421,,8,8.2,41.7,,10,,8
649,1977,19770421,,9,8.2,41.7,,10,,8
650,1977,19770421,,10,8.2,41.7,,10,,8
651,1977,19770421,,11,8.2,41.7,,10,,8
652,1977,19770421,,12,8.2,41.7,,10,,8
653,1977,19770421,,13,8.2,41.7,,10,,8
654,1977,19770421,,14,8.2,41.7,,10,,8
655,1977,19770421,,15,8.2,41.7,,10,,8
656,1977,19770421,,16,8.2,41.7,,10,,8
657,1977,19770421,,17,8.2,41.7,,10,,8
658,1977,19770421,,18,8.2,41.7,,10,,8
659,1977,19770421,,19,8.2,41.7,,10,,8
660,1977,19770421,,20,8.2,41.7,,10,,8
661,1977,19770421,,21,8.2,41.7,,10,,8
662,1977,19770421,,22,8.2,41.7,,10,,8
663,1977,19770421,,23,8.2,41.7,,10,,8
664,1977,19770421,,24,8.2,41.7,,10,,8
665,1977,19770421,,25,8.2,41.7,,10,,8
666,1977,19770421,,26,8.2,41.7,,10,,8
667,1977,19770421,,27,8.2,41.7,,10,,8
668,1977,19770421,,28,8.2,41.7,,10,,8
669,1977,19770421,,29,8.2,41.7,,10,,8
670,1977,19770421,,30,8.2,41.7,,10,,8
671,1977,19770421,,31,8.2,41.7,,10,,8
672,1977,19770421,,32,8.2,41.7,,10,,8
673,1977,19770421,,33,8.2,41.7,,10,,8
674,1977,19770421,,34,8.2,41.7,,10,,8
675,1977,19770421,,35,8.2,41.7,,10,,8
676,1977,19770421,,36,8.2,41.7,,10,,8
677,1977,19770421,,37,8.2,41.7,,10,,8
678,1977,19770421,,38,8.2,41.7,,10,,8
679,1977,19770421,,39,8.2,41.7,,10,,8
680,1977,19770421,,40,8.2,41.7,,10,,8
681,1977,19770421,,41,8.2,41.7,,10,,8
682,1977,19770421,,42,8.2,41.7,,10,,8
683,1977,19770421,,43,8.2,41.7,,10,,8
684,1977,19770421,,44,8.2,41.7,,10,,8
685,1977,19770421,,45,8.2,41.7,,10,,8
686,1977,19770421,,46,8.2,41.7,,10,,8
687,1977,19770421,,47,8.2,41.7,,10,,8
688,1977,19770421,,48,8.2,41.7,,10,,8
689,1977,19770421,,49,8.2,41.7,,10,,8
690,1977,19770421,,50,8.2,41.7,,10,,8
691,1977,19770421,,51,8.2,41.7,,10,,8
692,1977,19770421,,52,8.2,41.7,,10,,8
693,1977,19770421,,53,8.2,41.7,,10,,8
694,1977,19770421,,54,8.2,41.7,,10,,8
695,1977,19770421,,55,8.2,41.7,,10,,8
696,1977,19770421,,56,8.2,41.7,,10,,8
697,1977,19770421,,57,8.2,41.7,,10,,8
698,1977,19770421,,58,8.2,41.7,,10,,8
699,1977,19770421,,59,8.2,41.7,,10,,8
700,1977,19770421,,60,8.2,41.7,,10,,8
701,1977,19770421,,61,8.2,41.7,,10,,8
702,1977,19770421,,62,8.2,41.7,,10,,8
703,1977,19770421,,63,8.2,41.7,,10,,8
704,1977,19770421,,64,8.2,41.7,,10,,8
705,1978,19780330,,1,132.3,12.5,,11,,9
706,1978,19780330,,2,132.3,12.5,,11,,9
707,1978,19780330,,3,132.3,12.5,,11,,9
708,1978,19780330,,4,132.3,12.5,,11,,9
709,1978,19780330,,5,132.3,12.5,,11,,9
710,1978,19780330,,6,132.3,12.5,,11,,9
711,1978,19780330,,7,132.3,12.5,,11,,9
712,1978,19780330,,8,132.3,12.5,,11,,9
713,1978,19780330,,9,132.3,12.5,,11,,9
714,1978,19780330,,10,132.3,12.5,,11,,9
715,1978,19780330,,11,132.3,12.5,,11,,9
716,1978,19780330,,12,132.3,12.5,,11,,9
717,1978,19780330,,13,132.3,12.5,,11,,9
718,1978,19780330,,14,132.3,12.5,,11,,9
719,1978,19780330,,15,132.3,12.5,,11,,9
720,1978,19780330,,16,132.3,12.5,,11,,9
721,1978,19780330,,17,132.3,12.5,,11,,9
722,1978,19780330,,18,132.3,12.5,,11,,9
723,1978,19780330,,19,132.3,12.5,,11,,9
724,1978,19780330,,20,132.3,12.5,,11,,9
725,1978,19780330,,21,132.3,12.5,,11,,9
726,1978,19780330,,22,132.3,12.5,,11,,9
727,1978,19780330,,23,132.3,12.5,,11,,9
728,1978,19780330,,24,132.3,12.5,,11,,9
729,1978,19780330,,25,132.3,12.5,,11,,9
730,1978,19780330,,26,132.3,12.5,,11,,9
731,1978,19780330,,27,132.3,12.5,,11,,9
732,1978,19780330,,28,132.3,12.5,,11,,9
733,1978,19780330,,29,132.3,12.5,,11,,9
734,1978,19780330,,30,132.3,12.5,,11,,9
735,1978,19780330,,31,132.3,12.5,,11,,9
736,1978,19780330,,32,132.3,12.5,,11,,9
737,1978,19780330,,33,132.3,12.5,,11,,9
738,1978,19780330,,34,132.3,12.5,,11,,9
739,1978,19780330,,35,132.3,12.5,,11,,9
740,1978,19780330,,36,132.3,12.5,,11,,9
741,1978,19780330,,37,132.3,12.5,,11,,9
742,1978,19780330,,38,132.3,12.5,,11,,9
743,1978,19780330,,39,132.3,12.5,,11,,9
744,1978,19780330,,40,132.3,12.5,,11,,9
745,1978,19780330,,41,132.3,12.5,,11,,9
746,1978,19780330,,42,132.3,12.5,,11,,9
747,1978,19780330,,43,132.3,12.5,,11,,9
748,1978,19780330,,44,132.3,12.5,,11,,9
749,1978,19780330,,45,132.3,12.5,,11,,9
750,1978,19780330,,46,132.3,12.5,,11,,9
751,1978,19780330,,47,132.3,12.5,,11,,9
752,1978,19780330,,48,132.3,12.5,,11,,9
753,1978,19780330,,49,132.3,12.5,,11,,9
754,1978,19780330,,50,132.3,12.5,,11,,9
755,1978,19780330,,51,132.3,12.5,,11,,9
756,1978,19780330,,52,132.3,12.5,,11,,9
757,1978,19780330,,53,132.3,12.5,,11,,9
758,1978,19780330,,54,132.3,12.5,,11,,9
759,1978,19780330,,55,132.3,12.5,,11,,9
760,1978,19780330,,56,132.3,12.5,,11,,9
761,1978,19780330,,57,132.3,12.5,,11,,9
762,1978,19780330,,58,132.3,12.5,,11,,9
763,1978,19780330,,59,132.3,12.5,,11,,9
764,1978,19780330,,60,132.3,12.5,,11,,9
765,1978,19780330,,61,132.3,12.5,,11,,9
766,1978,19780330,,62,132.3,12.5,,11,,9
767,1978,19780330,,63,132.3,12.5,,11,,9
768,1978,19780330,,64,132.3,12.5,,11,,9
769,1979,19790508,,1,,75,33.3,12,,10
770,1979,19790508,,2,,75,33.3,12,,10
771,1979,19790508,,3,,75,33.3,12,,10
772,1979,19790508,,4,,75,33.3,12,,10
773,1979,19790508,,5,,75,33.3,12,,10
774,1979,19790508,,6,,75,33.3,12,,10
775,1979,19790508,,7,,75,33.3,12,,10
776,1979,19790508,,8,,75,33.3,12,,10
777,1979,19790508,,9,,75,33.3,12,,10
778,1979,19790508,,10,,75,33.3,12,,10
779,1979,19790508,,11,,75,33.3,12,,10
780,1979,19790508,,12,,75,33.3,12,,10
781,1979,19790508,,13,,75,33.3,12,,10
782,1979,19790508,,14,,75,33.3,12,,10
783,1979,19790508,,15,,75,33.3,12,,10
784,1979,19790508,,16,,75,33.3,12,,10
785,1979,19790508,,17,,75,33.3,12,,10
786,1979,19790508,,18,,75,33.3,12,,10
787,1979,19790508,,19,,75,33.3,12,,10
788,1979,19790508,,20,,75,33.3,12,,10
789,1979,19790508,,21,,75,33.3,12,,10
790,1979,19790508,,22,,75,33.3,12,,10
791,1979,19790508,,23,,75,33.3,12,,10
792,1979,19790508,,24,,75,33.3,12,,10
793,1979,19790508,,25,,75,33.3,12,,10
794,1979,19790508,,26,,75,33.3,12,,10
795,1979,19790508,,27,,75,33.3,12,,10
796,1979,19790508,,28,,75,33.3,12,,10
797,1979,19790508,,29,,75,33.3,12,,10
798,1979,19790508,,30,,75,33.3,12,,10
799,1979,19790508,,31,,75,33.3,12,,10
800,1979,19790508,,32,,75,33.3,12,,10
801,1979,19790508,,33,,75,33.3,12,,10
802,1979,19790508,,34,,75,33.3,12,,10
803,1979,19790508,,35,,75,33.3,12,,10
804,1979,19790508,,36,,75,33.3,12,,10
805,1979,19790508,,37,,75,33.3,12,,10
806,1979,19790508,,38,,75,33.3,12,,10
807,1979,19790508,,39,,75,33.3,12,,10
808,1979,19790508,,40,,75,33.3,12,,10
809,1979,19790508,,41,,75,33.3,12,,10
810,1979,19790508,,42,,75,33.3,12,,10
811,1979,19790508,,43,,75,33.3,12,,10
812,1979,19790508,,44,,75,33.3,12,,10
813,1979,19790508,,45,,75,33.3,12,,10
814,1979,19790508,,46,,75,33.3,12,,10
815,1979,19790508,,47,,75,33.3,12,,10
816,1979,19790508,,48,,75,33.3,12,,10
817,1979,19790508,,49,,75,33.3,12,,10
818,1979,19790508,,50,,75,33.3,12,,10
819,1979,19790508,,51,,75,33.3,12,,10
820,1979,19790508,,52,,75,33.3,12,,10
821,1979,19790508,,53,,75,33.3,12,,10
822,1979,19790508,,54,,75,33.3,12,,10
823,1979,19790508,,55,,75,33.3,12,,10
824,1979,19790508,,56,,75,33.3,12,,10
825,1979,19790508,,57,,75,33.3,12,,10
826,1979,19790508,,58,,75,33.3,12,,10
827,1979,19790508,,59,,75,33.3,12,,10
828,1979,19790508,,60,,75,33.3,12,,10
829,1979,19790508,,61,,75,33.3,12,,10
830,1979,19790508,,62,,75,33.3,12,,10
831,1979,19790508,,63,,75,33.3,12,,10
832,1979,19790508,,64,,75,33.3,12,,10
833,1980,19791003,,1,197,12.5,,9,420,9
834,1980,19791003,,2,197,12.5,,9,420,9
835,1980,19791003,,3,197,12.5,,9,420,9
836,1980,19791003,,4,197,12.5,,9,420,9
837,1980,19791003,,5,197,12.5,,9,420,9
838,1980,19791003,,6,197,12.5,,9,420,9
839,1980,19791003,,7,197,12.5,,9,420,9
840,1980,19791003,,8,197,12.5,,9,420,9
841,1980,19791003,,9,197,12.5,,9,420,9
842,1980,19791003,,10,197,12.5,,9,420,9
843,1980,19791003,,11,197,12.5,,9,420,9
844,1980,19791003,,12,197,12.5,,9,420,9
845,1980,19791003,,13,197,12.5,,9,420,9
846,1980,19791003,,14,197,12.5,,9,420,9
847,1980,19791003,,15,197,12.5,,9,420,9
848,1980,19791003,,16,197,12.5,,9,420,9
849,1980,19791003,,17,197,12.5,,9,420,9
850,1980,19791003,,18,197,12.5,,9,420,9
851,1980,19791003,,19,197,12.5,,9,420,9
852,1980,19791003,,20,197,12.5,,9,420,9
853,1980,19791003,,21,197,12.5,,9,420,9
854,1980,19791003,,22,197,12.5,,9,420,9
855,1980,19791003,,23,197,12.5,,9,420,9
856,1980,19791003,,24,197,12.5,,9,420,9
857,1980,19791003,,25,197,12.5,,9,420,9
858,1980,19791003,,26,197,12.5,,9,420,9
859,1980,19791003,,27,197,12.5,,9,420,9
860,1980,19791003,,28,197,12.5,,9,420,9
861,1980,19791003,,29,197,12.5,,9,420,9
862,1980,19791003,,30,197,12.5,,9,420,9
863,1980,19791003,,31,197,12.5,,9,420,9
864,1980,19791003,,32,197,12.5,,9,420,9
865,1980,19791003,,33,197,12.5,,9,420,9
866,1980,19791003,,34,197,12.5,,9,420,9
867,1980,19791003,,35,197,12.5,,9,420,9
868,1980,19791003,,36,197,12.5,,9,420,9
869,1980,19791003,,37,197,12.5,,9,420,9
870,1980,19791003,,38,197,12.5,,9,420,9
871,1980,19791003,,39,197,12.5,,9,420,9
872,1980,19791003,,40,197,12.5,,9,420,9
873,1980,19791003,,41,197,12.5,,9,420,9
874,1980,19791003,,42,197,12.5,,9,420,9
875,1980,19791003,,43,197,12.5,,9,420,9
876,1980,19791003,,44,197,12.5,,9,420,9
877,1980,19791003,,45,197,12.5,,9,420,9
878,1980,19791003,,46,197,12.5,,9,420,9
879,1980,19791003,,47,197,12.5,,9,420,9
880,1980,19791003,,48,197,12.5,,9,420,9
881,1980,19791003,,49,197,12.5,,9,420,9
882,1980,19791003,,50,197,12.5,,9,420,9
883,1980,19791003,,51,197,12.5,,9,420,9
884,1980,19791003,,52,197,12.5,,9,420,9
885,1980,19791003,,53,197,12.5,,9,420,9
886,1980,19791003,,54,197,12.5,,9,420,9
887,1980,19791003,,55,197,12.5,,9,420,9
888,1980,19791003,,56,197,12.5,,9,420,9
889,1980,19791003,,57,197,12.5,,9,420,9
890,1980,19791003,,58,197,12.5,,9,420,9
891,1980,19791003,,59,197,12.5,,9,420,9
892,1980,19791003,,60,197,12.5,,9,420,9
893,1980,19791003,,61,197,12.5,,9,420,9
894,1980,19791003,,62,197,12.5,,9,420,9
895,1980,19791003,,63,197,12.5,,9,420,9
896,1980,19791003,,64,197,12.5,,9,420,9
897,1981,19800923,,1,126,12.5,,13,,9
898,1981,19800923,,2,126,12.5,,13,,9
899,1981,19800923,,3,126,12.5,,13,,9
900,1981,19800923,,4,126,12.5,,13,,9
901,1981,19800923,,5,126,12.5,,13,,9
902,1981,19800923,,6,126,12.5,,13,,9
903,1981,19800923,,7,126,12.5,,13,,9
904,1981,19800923,,8,126,12.5,,13,,9
905,1981,19800923,,9,126,12.5,,13,,9
906,1981,19800923,,10,126,12.5,,13,,9
907,1981,19800923,,11,126,12.5,,13,,9
908,1981,19800923,,12,126,12.5,,13,,9
909,1981,19800923,,13,126,12.5,,13,,9
910,1981,19800923,,14,126,12.5,,13,,9
911,1981,19800923,,15,126,12.5,,13,,9
912,1981,19800923,,16,126,12.5,,13,,9
913,1981,19800923,,17,126,12.5,,13,,9
914,1981,19800923,,18,126,12.5,,13,,9
915,1981,19800923,,19,126,12.5,,13,,9
916,1981,19800923,,20,126,12.5,,13,,9
917,1981,19800923,,21,126,12.5,,13,,9
918,1981,19800923,,22,126,12.5,,13,,9
919,1981,19800923,,23,126,12.5,,13,,9
920,1981,19800923,,24,126,12.5,,13,,9
921,1981,19800923,,25,126,12.5,,13,,9
922,1981,19800923,,26,126,12.5,,13,,9
923,1981,19800923,,27,126,12.5,,13,,9
924,1981,19800923,,28,126,12.5,,13,,9
925,1981,19800923,,29,126,12.5,,13,,9
926,1981,19800923,,30,126,12.5,,13,,9
927,1981,19800923,,31,126,12.5,,13,,9
928,1981,19800923,,32,126,12.5,,13,,9
929,1981,19800923,,33,126,12.5,,13,,9
930,1981,19800923,,34,126,12.5,,13,,9
931,1981,19800923,,35,126,12.5,,13,,9
932,1981,19800923,,36,126,12.5,,13,,9
933,1981,19800923,,37,126,12.5,,13,,9
934,1981,19800923,,38,126,12.5,,13,,9
935,1981,19800923,,39,126,12.5,,13,,9
936,1981,19800923,,40,126,12.5,,13,,9
937,1981,19800923,,41,126,12.5,,13,,9
938,1981,19800923,,42,126,12.5,,13,,9
939,1981,19800923,,43,126,12.5,,13,,9
940,1981,19800923,,44,126,12.5,,13,,9
941,1981,19800923,,45,126,12.5,,13,,9
942,1981,19800923,,46,126,12.5,,13,,9
943,1981,19800923,,47,126,12.5,,13,,9
944,1981,19800923,,48,126,12.5,,13,,9
945,1981,19800923,,49,126,12.5,,13,,9
946,1981,19800923,,50,126,12.5,,13,,9
947,1981,19800923,,51,126,12.5,,13,,9
948,1981,19800923,,52,126,12.5,,13,,9
949,1981,19800923,,53,126,12.5,,13,,9
950,1981,19800923,,54,126,12.5,,13,,9
951,1981,19800923,,55,126,12.5,,13,,9
952,1981,19800923,,56,126,12.5,,13,,9
953,1981,19800923,,57,126,12.5,,13,,9
954,1981,19800923,,58,126,12.5,,13,,9
955,1981,19800923,,59,126,12.5,,13,,9
956,1981,19800923,,60,126,12.5,,13,,9
957,1981,19800923,,61,126,12.5,,13,,9
958,1981,19800923,,62,126,12.5,,13,,9
959,1981,19800923,,63,126,12.5,,13,,9
960,1981,19800923,,64,126,12.5,,13,,9
961,1982,19820415,,1,8,41.7,,10,,8
962,1982,19820415,,2,8,41.7,,10,,8
963,1982,19820415,,3,8,41.7,,10,,8
964,1982,19820415,,4,8,41.7,,10,,8
965,1982,19820415,,5,8,41.7,,10,,8
966,1982,19820415,,6,8,41.7,,10,,8
967,1982,19820415,,7,8,41.7,,10,,8
968,1982,19820415,,8,8,41.7,,10,,8
969,1982,19820415,,9,8,41.7,,10,,8
970,1982,19820415,,10,8,41.7,,10,,8
971,1982,19820415,,11,8,41.7,,10,,8
972,1982,19820415,,12,8,41.7,,10,,8
973,1982,19820415,,13,8,41.7,,10,,8
974,1982,19820415,,14,8,41.7,,10,,8
975,1982,19820415,,15,8,41.7,,10,,8
976,1982,19820415,,16,8,41.7,,10,,8
977,1982,19820415,,17,8,41.7,,10,,8
978,1982,19820415,,18,8,41.7,,10,,8
979,1982,19820415,,19,8,41.7,,10,,8
980,1982,19820415,,20,8,41.7,,10,,8
981,1982,19820415,,21,8,41.7,,10,,8
982,1982,19820415,,22,8,41.7,,10,,8
983,1982,19820415,,23,8,41.7,,10,,8
984,1982,19820415,,24,8,41.7,,10,,8
985,1982,19820415,,25,8,41.7,,10,,8
986,1982,19820415,,26,8,41.7,,10,,8
987,1982,19820415,,27,8,41.7,,10,,8
988,1982,19820415,,28,8,41.7,,10,,8
989,1982,19820415,,29,8,41.7,,10,,8
990,1982,19820415,,30,8,41.7,,10,,8
991,1982,19820415,,31,8,41.7,,10,,8
992,1982,19820415,,32,8,41.7,,10,,8
993,1982,19820415,,33,8,41.7,,10,,8
994,1982,19820415,,34,8,41.7,,10,,8
995,1982,19820415,,35,8,41.7,,10,,8
996,1982,19820415,,36,8,41.7,,10,,8
997,1982,19820415,,37,8,41.7,,10,,8
998,1982,19820415,,38,8,41.7,,10,,8
999,1982,19820415,,39,8,41.7,,10,,8
1000,1982,19820415,,40,8,41.7,,10,,8
1001,1982,19820415,,41,8,41.7,,10,,8
1002,1982,19820415,,42,8,41.7,,10,,8
1003,1982,19820415,,43,8,41.7,,10,,8
1004,1982,19820415,,44,8,41.7,,10,,8
1005,1982,19820415,,45,8,41.7,,10,,8
1006,1982,19820415,,46,8,41.7,,10,,8
1007,1982,19820415,,47,8,41.7,,10,,8
1008,1982,19820415,,48,8,41.7,,10,,8
1009,1982,19820415,,49,8,41.7,,10,,8
1010,1982,19820415,,50,8,41.7,,10,,8
1011,1982,19820415,,51,8,41.7,,10,,8
1012,1982,19820415,,52,8,41.7,,10,,8
1013,1982,19820415,,53,8,41.7,,10,,8
1014,1982,19820415,,54,8,41.7,,10,,8
1015,1982,19820415,,55,8,41.7,,10,,8
1016,1982,19820415,,56,8,41.7,,10,,8
1017,1982,19820415,,57,8,41.7,,10,,8
1018,1982,19820415,,58,8,41.7,,10,,8
1019,1982,19820415,,59,8,41.7,,10,,8
1020,1982,19820415,,60,8,41.7,,10,,8
1021,1982,19820415,,61,8,41.7,,10,,8
1022,1982,19820415,,62,8,41.7,,10,,8
1023,1982,19820415,,63,8,41.7,,10,,8
1024,1982,19820415,,64,8,41.7,,10,,8
1025,1983,19830315,,1,150,12.5,,14,300,9
1026,1983,19830315,,2,150,12.5,,14,300,9
1027,1983,19830315,,3,150,12.5,,14,300,9
1028,1983,19830315,,4,150,12.5,,14,300,9
1029,1983,19830315,,5,150,12.5,,14,300,9
1030,1983,19830315,,6,150,12.5,,14,300,9
1031,1983,19830315,,7,150,12.5,,14,300,9
1032,1983,19830315,,8,150,12.5,,14,300,9
1033,1983,19830315,,9,150,12.5,,14,300,9
1034,1983,19830315,,10,150,12.5,,14,300,9
1035,1983,19830315,,11,150,12.5,,14,300,9
1036,1983,19830315,,12,150,12.5,,14,300,9
1037,1983,19830315,,13,150,12.5,,14,300,9
1038,1983,19830315,,14,150,12.5,,14,300,9
1039,1983,19830315,,15,150,12.5,,14,300,9
1040,1983,19830315,,16,150,12.5,,14,300,9
1041,1983,19830315,,17,150,12.5,,14,300,9
1042,1983,19830315,,18,150,12.5,,14,300,9
1043,1983,19830315,,19,150,12.5,,14,300,9
1044,1983,19830315,,20,150,12.5,,14,300,9
1045,1983,19830315,,21,150,12.5,,14,300,9
1046,1983,19830315,,22,150,12.5,,14,300,9
1047,1983,19830315,,23,150,12.5,,14,300,9
1048,1983,19830315,,24,150,12.5,,14,300,9
1049,1983,19830315,,25,150,12.5,,14,300,9
1050,1983,19830315,,26,150,12.5,,14,300,9
1051,1983,19830315,,27,150,12.5,,14,300,9
1052,1983,19830315,,28,150,12.5,,14,300,9
1053,1983,19830315,,29,150,12.5,,14,300,9
1054,1983,19830315,,30,150,12.5,,14,300,9
1055,1983,19830315,,31,150,12.5,,14,300,9
1056,1983,19830315,,32,150,12.5,,14,300,9
1057,1983,19830315,,33,150,12.5,,14,300,9
1058,1983,19830315,,34,150,12.5,,14,300,9
1059,1983,19830315,,35,150,12.5,,14,300,9
1060,1983,19830315,,36,150,12.5,,14,300,9
1061,1983,19830315,,37,150,12.5,,14,300,9
1062,1983,19830315,,38,150,12.5,,14,300,9
1063,1983,19830315,,39,150,12.5,,14,300,9
1064,1983,19830315,,40,150,12.5,,14,300,9
1065,1983,19830315,,41,150,12.5,,14,300,9
1066,1983,19830315,,42,150,12.5,,14,300,9
1067,1983,19830315,,43,150,12.5,,14,300,9
1068,1983,19830315,,44,150,12.5,,14,300,9
1069,1983,19830315,,45,150,12.5,,14,300,9
1070,1983,19830315,,46,150,12.5,,14,300,9
1071,1983,19830315,,47,150,12.5,,14,300,9
1072,1983,19830315,,48,150,12.5,,14,300,9
1073,1983,19830315,,49,150,12.5,,14,300,9
1074,1983,19830315,,50,150,12.5,,14,300,9
1075,1983,19830315,,51,150,12.5,,14,300,9
1076,1983,19830315,,52,150,12.5,,14,300,9
1077,1983,19830315,,53,150,12.5,,14,300,9
1078,1983,19830315,,54,150,12.5,,14,300,9
1079,1983,19830315,,55,150,12.5,,14,300,9
1080,1983,19830315,,56,150,12.5,,14,300,9
1081,1983,19830315,,57,150,12.5,,14,300,9
1082,1983,19830315,,58,150,12.5,,14,300,9
1083,1983,19830315,,59,150,12.5,,14,300,9
1084,1983,19830315,,60,150,12.5,,14,300,9
1085,1983,19830315,,61,150,12.5,,14,300,9
1086,1983,19830315,,62,150,12.5,,14,300,9
1087,1983,19830315,,63,150,12.5,,14,300,9
1088,1983,19830315,,64,150,12.5,,14,300,9
1089,1984,19840427,,1,43.5,41.7,,15,14,9
1090,1984,19840427,,2,43.5,41.7,,15,14,9
1091,1984,19840427,,3,43.5,41.7,,15,14,9
1092,1984,19840427,,4,43.5,41.7,,15,14,9
1093,1984,19840427,,5,43.5,41.7,,15,14,9
1094,1984,19840427,,6,43.5,41.7,,15,14,9
1095,1984,19840427,,7,43.5,41.7,,15,14,9
1096,1984,19840427,,8,43.5,41.7,,15,14,9
1097,1984,19840427,,9,43.5,41.7,,15,14,9
1098,1984,19840427,,10,43.5,41.7,,15,14,9
1099,1984,19840427,,11,43.5,41.7,,15,14,9
1100,1984,19840427,,12,43.5,41.7,,15,14,9
1101,1984,19840427,,13,43.5,41.7,,15,14,9
1102,1984,19840427,,14,43.5,41.7,,15,14,9
1103,1984,19840427,,15,43.5,41.7,,15,14,9
1104,1984,19840427,,16,43.5,41.7,,15,14,9
1105,1984,19840427,,17,43.5,41.7,,15,14,9
1106,1984,19840427,,18,43.5,41.7,,15,14,9
1107,1984,19840427,,19,43.5,41.7,,15,14,9
1108,1984,19840427,,20,43.5,41.7,,15,14,9
1109,1984,19840427,,21,43.5,41.7,,15,14,9
1110,1984,19840427,,22,43.5,41.7,,15,14,9
1111,1984,19840427,,23,43.5,41.7,,15,14,9
1112,1984,19840427,,24,43.5,41.7,,15,14,9
1113,1984,19840427,,25,43.5,41.7,,15,14,9
1114,1984,19840427,,26,43.5,41.7,,15,14,9
1115,1984,19840427,,27,43.5,41.7,,15,14,9
1116,1984,19840427,,28,43.5,41.7,,15,14,9
1117,1984,19840427,,29,43.5,41.7,,15,14,9
1118,1984,19840427,,30,43.5,41.7,,15,14,9
1119,1984,19840427,,31,43.5,41.7,,15,14,9
1120,1984,19840427,,32,43.5,41.7,,15,14,9
1121,1984,19840427,,33,43.5,41.7,,15,14,9
1122,1984,19840427,,34,43.5,41.7,,15,14,9
1123,1984,19840427,,35,43.5,41.7,,15,14,9
1124,1984,19840427,,36,43.5,41.7,,15,14,9
1125,1984,19840427,,37,43.5,41.7,,15,14,9
1126,1984,19840427,,38,43.5,41.7,,15,14,9
1127,1984,19840427,,39,43.5,41.7,,15,14,9
1128,1984,19840427,,40,43.5,41.7,,15,14,9
1129,1984,19840427,,41,43.5,41.7,,15,14,9
1130,1984,19840427,,42,43.5,41.7,,15,14,9
1131,1984,19840427,,43,43.5,41.7,,15,14,9
1132,1984,19840427,,44,43.5,41.7,,15,14,9
1133,1984,19840427,,45,43.5,41.7,,15,14,9
1134,1984,19840427,,46,43.5,41.7,,15,14,9
1135,1984,19840427,,47,43.5,41.7,,15,14,9
1136,1984,19840427,,48,43.5,41.7,,15,14,9
1137,1984,19840427,,49,43.5,41.7,,15,14,9
1138,1984,19840427,,50,43.5,41.7,,15,14,9
1139,1984,19840427,,51,43.5,41.7,,15,14,9
1140,1984,19840427,,52,43.5,41.7,,15,14,9
1141,1984,19840427,,53,43.5,41.7,,15,14,9
1142,1984,19840427,,54,43.5,41.7,,15,14,9
1143,1984,19840427,,55,43.5,41.7,,15,14,9
1144,1984,19840427,,56,43.5,41.7,,15,14,9
1145,1984,19840427,,57,43.5,41.7,,15,14,9
1146,1984,19840427,,58,43.5,41.7,,15,14,9
1147,1984,19840427,,59,43.5,41.7,,15,14,9
1148,1984,19840427,,60,43.5,41.7,,15,14,9
1149,1984,19840427,,61,43.5,41.7,,15,14,9
1150,1984,19840427,,62,43.5,41.7,,15,14,9
1151,1984,19840427,,63,43.5,41.7,,15,14,9
1152,1984,19840427,,64,43.5,41.7,,15,14,9
1153,1985,19841018,,1,215,12.5,,9,500,9
1154,1985,19841018,,2,215,12.5,,9,500,9
1155,1985,19841018,,3,215,12.5,,9,500,9
1156,1985,19841018,,4,215,12.5,,9,500,9
1157,1985,19841018,,5,215,12.5,,9,500,9
1158,1985,19841018,,6,215,12.5,,9,500,9
1159,1985,19841018,,7,215,12.5,,9,500,9
1160,1985,19841018,,8,215,12.5,,9,500,9
1161,1985,19841018,,9,215,12.5,,9,500,9
1162,1985,19841018,,10,215,12.5,,9,500,9
1163,1985,19841018,,11,215,12.5,,9,500,9
1164,1985,19841018,,12,215,12.5,,9,500,9
1165,1985,19841018,,13,215,12.5,,9,500,9
1166,1985,19841018,,14,215,12.5,,9,500,9
1167,1985,19841018,,15,215,12.5,,9,500,9
1168,1985,19841018,,16,215,12.5,,9,500,9
1169,1985,19841018,,17,215,12.5,,9,500,9
1170,1985,19841018,,18,215,12.5,,9,500,9
1171,1985,19841018,,19,215,12.5,,9,500,9
1172,1985,19841018,,20,215,12.5,,9,500,9
1173,1985,19841018,,21,215,12.5,,9,500,9
1174,1985,19841018,,22,215,12.5,,9,500,9
1175,1985,19841018,,23,215,12.5,,9,500,9
1176,1985,19841018,,24,215,12.5,,9,500,9
1177,1985,19841018,,25,215,12.5,,9,500,9
1178,1985,19841018,,26,215,12.5,,9,500,9
1179,1985,19841018,,27,215,12.5,,9,500,9
1180,1985,19841018,,28,215,12.5,,9,500,9
1181,1985,19841018,,29,215,12.5,,9,500,9
1182,1985,19841018,,30,215,12.5,,9,500,9
1183,1985,19841018,,31,215,12.5,,9,500,9
1184,1985,19841018,,32,215,12.5,,9,500,9
1185,1985,19841018,,33,215,12.5,,9,500,9
1186,1985,19841018,,34,215,12.5,,9,500,9
1187,1985,19841018,,35,215,12.5,,9,500,9
1188,1985,19841018,,36,215,12.5,,9,500,9
1189,1985,19841018,,37,215,12.5,,9,500,9
1190,1985,19841018,,38,215,12.5,,9,500,9
1191,1985,19841018,,39,215,12.5,,9,500,9
1192,1985,19841018,,40,215,12.5,,9,500,9
1193,1985,19841018,,41,215,12.5,,9,500,9
1194,1985,19841018,,42,215,12.5,,9,500,9
1195,1985,19841018,,43,215,12.5,,9,500,9
1196,1985,19841018,,44,215,12.5,,9,500,9
1197,1985,19841018,,45,215,12.5,,9,500,9
1198,1985,19841018,,46,215,12.5,,9,500,9
1199,1985,19841018,,47,215,12.5,,9,500,9
1200,1985,19841018,,48,215,12.5,,9,500,9
1201,1985,19841018,,49,215,12.5,,9,500,9
1202,1985,19841018,,50,215,12.5,,9,500,9
1203,1985,19841018,,51,215,12.5,,9,500,9
1204,1985,19841018,,52,215,12.5,,9,500,9
1205,1985,19841018,,53,215,12.5,,9,500,9
1206,1985,19841018,,54,215,12.5,,9,500,9
1207,1985,19841018,,55,215,12.5,,9,500,9
1208,1985,19841018,,56,215,12.5,,9,500,9
1209,1985,19841018,,57,215,12.5,,9,500,9
1210,1985,19841018,,58,215,12.5,,9,500,9
1211,1985,19841018,,59,215,12.5,,9,500,9
1212,1985,19841018,,60,215,12.5,,9,500,9
1213,1985,19841018,,61,215,12.5,,9,500,9
1214,1985,19841018,,62,215,12.5,,9,500,9
1215,1985,19841018,,63,215,12.5,,9,500,9
1216,1985,19841018,,64,215,12.5,,9,500,9
1217,1986,19850924,,1,136,12.5,,16,300,9
1218,1986,19850924,,2,136,12.5,,16,300,9
1219,1986,19850924,,3,136,12.5,,16,300,9
1220,1986,19850924,,4,136,12.5,,16,300,9
1221,1986,19850924,,5,136,12.5,,16,300,9
1222,1986,19850924,,6,136,12.5,,16,300,9
1223,1986,19850924,,7,136,12.5,,16,300,9
1224,1986,19850924,,8,136,12.5,,16,300,9
1225,1986,19850924,,9,136,12.5,,16,300,9
1226,1986,19850924,,10,136,12.5,,16,300,9
1227,1986,19850924,,11,136,12.5,,16,300,9
1228,1986,19850924,,12,136,12.5,,16,300,9
1229,1986,19850924,,13,136,12.5,,16,300,9
1230,1986,19850924,,14,136,12.5,,16,300,9
1231,1986,19850924,,15,136,12.5,,16,300,9
1232,1986,19850924,,16,136,12.5,,16,300,9
1233,1986,19850924,,17,136,12.5,,16,300,9
1234,1986,19850924,,18,136,12.5,,16,300,9
1235,1986,19850924,,19,136,12.5,,16,300,9
1236,1986,19850924,,20,136,12.5,,16,300,9
1237,1986,19850924,,21,136,12.5,,16,300,9
1238,1986,19850924,,22,136,12.5,,16,300,9
1239,1986,19850924,,23,136,12.5,,16,300,9
1240,1986,19850924,,24,136,12.5,,16,300,9
1241,1986,19850924,,25,136,12.5,,16,300,9
1242,1986,19850924,,26,136,12.5,,16,300,9
1243,1986,19850924,,27,136,12.5,,16,300,9
1244,1986,19850924,,28,136,12.5,,16,300,9
1245,1986,19850924,,29,136,12.5,,16,300,9
1246,1986,19850924,,30,136,12.5,,16,300,9
1247,1986,19850924,,31,136,12.5,,16,300,9
1248,1986,19850924,,32,136,12.5,,16,300,9
1249,1986,19850924,,33,136,12.5,,16,300,9
1250,1986,19850924,,34,136,12.5,,16,300,9
1251,1986,19850924,,35,136,12.5,,16,300,9
1252,1986,19850924,,36,136,12.5,,16,300,9
1253,1986,19850924,,37,136,12.5,,16,300,9
1254,1986,19850924,,38,136,12.5,,16,300,9
1255,1986,19850924,,39,136,12.5,,16,300,9
1256,1986,19850924,,40,136,12.5,,16,300,9
1257,1986,19850924,,41,136,12.5,,16,300,9
1258,1986,19850924,,42,136,12.5,,16,300,9
1259,1986,19850924,,43,136,12.5,,16,300,9
1260,1986,19850924,,44,136,12.5,,16,300,9
1261,1986,19850924,,45,136,12.5,,16,300,9
1262,1986,19850924,,46,136,12.5,,16,300,9
1263,1986,19850924,,47,136,12.5,,16,300,9
1264,1986,19850924,,48,136,12.5,,16,300,9
1265,1986,19850924,,49,136,12.5,,16,300,9
1266,1986,19850924,,50,136,12.5,,16,300,9
1267,1986,19850924,,51,136,12.5,,16,300,9
1268,1986,19850924,,52,136,12.5,,16,300,9
1269,1986,19850924,,53,136,12.5,,16,300,9
1270,1986,19850924,,54,136,12.5,,16,300,9
1271,1986,19850924,,55,136,12.5,,16,300,9
1272,1986,19850924,,56,136,12.5,,16,300,9
1273,1986,19850924,,57,136,12.5,,16,300,9
1274,1986,19850924,,58,136,12.5,,16,300,9
1275,1986,19850924,,59,136,12.5,,16,300,9
1276,1986,19850924,,60,136,12.5,,16,300,9
1277,1986,19850924,,61,136,12.5,,16,300,9
1278,1986,19850924,,62,136,12.5,,16,300,9
1279,1986,19850924,,63,136,12.5,,16,300,9
1280,1986,19850924,,64,136,12.5,,16,300,9
1281,1987,19870426,,1,24.2,41.7,,17,,8
1282,1987,19870426,,2,24.2,41.7,,17,,8
1283,1987,19870426,,3,24.2,41.7,,17,,8
1284,1987,19870426,,4,24.2,41.7,,17,,8
1285,1987,19870426,,5,24.2,41.7,,17,,8
1286,1987,19870426,,6,24.2,41.7,,17,,8
1287,1987,19870426,,7,24.2,41.7,,17,,8
1288,1987,19870426,,8,24.2,41.7,,17,,8
1289,1987,19870426,,9,24.2,41.7,,17,,8
1290,1987,19870426,,10,24.2,41.7,,17,,8
1291,1987,19870426,,11,24.2,41.7,,17,,8
1292,1987,19870426,,12,24.2,41.7,,17,,8
1293,1987,19870426,,13,24.2,41.7,,17,,8
1294,1987,19870426,,14,24.2,41.7,,17,,8
1295,1987,19870426,,15,24.2,41.7,,17,,8
1296,1987,19870426,,16,24.2,41.7,,17,,8
1297,1987,19870426,,17,24.2,41.7,,17,,8
1298,1987,19870426,,18,24.2,41.7,,17,,8
1299,1987,19870426,,19,24.2,41.7,,17,,8
1300,1987,19870426,,20,24.2,41.7,,17,,8
1301,1987,19870426,,21,24.2,41.7,,17,,8
1302,1987,19870426,,22,24.2,41.7,,17,,8
1303,1987,19870426,,23,24.2,41.7,,17,,8
1304,1987,19870426,,24,24.2,41.7,,17,,8
1305,1987,19870426,,25,24.2,41.7,,17,,8
1306,1987,19870426,,26,24.2,41.7,,17,,8
1307,1987,19870426,,27,24.2,41.7,,17,,8
1308,1987,19870426,,28,24.2,41.7,,17,,8
1309,1987,19870426,,29,24.2,41.7,,17,,8
1310,1987,19870426,,30,24.2,41.7,,17,,8
1311,1987,19870426,,31,24.2,41.7,,17,,8
1312,1987,19870426,,32,24.2,41.7,,17,,8
1313,1987,19870426,,33,24.2,41.7,,17,,8
1314,1987,19870426,,34,24.2,41.7,,17,,8
1315,1987,19870426,,35,24.2,41.7,,17,,8
1316,1987,19870426,,36,24.2,41.7,,17,,8
1317,1987,19870426,,37,24.2,41.7,,17,,8
1318,1987,19870426,,38,24.2,41.7,,17,,8
1319,1987,19870426,,39,24.2,41.7,,17,,8
1320,1987,19870426,,40,24.2,41.7,,17,,8
1321,1987,19870426,,41,24.2,41.7,,17,,8
1322,1987,19870426,,42,24.2,41.7,,17,,8
1323,1987,19870426,,43,24.2,41.7,,17,,8
1324,1987,19870426,,44,24.2,41.7,,17,,8
1325,1987,19870426,,45,24.2,41.7,,17,,8
1326,1987,19870426,,46,24.2,41.7,,17,,8
1327,1987,19870426,,47,24.2,41.7,,17,,8
1328,1987,19870426,,48,24.2,41.7,,17,,8
1329,1987,19870426,,49,24.2,41.7,,17,,8
1330,1987,19870426,,50,24.2,41.7,,17,,8
1331,1987,19870426,,51,24.2,41.7,,17,,8
1332,1987,19870426,,52,24.2,41.7,,17,,8
1333,1987,19870426,,53,24.2,41.7,,17,,8
1334,1987,19870426,,54,24.2,41.7,,17,,8
1335,1987,19870426,,55,24.2,41.7,,17,,8
1336,1987,19870426,,56,24.2,41.7,,17,,8
1337,1987,19870426,,57,24.2,41.7,,17,,8
1338,1987,19870426,,58,24.2,41.7,,17,,8
1339,1987,19870426,,59,24.2,41.7,,17,,8
1340,1987,19870426,,60,24.2,41.7,,17,,8
1341,1987,19870426,,61,24.2,41.7,,17,,8
1342,1987,19870426,,62,24.2,41.7,,17,,8
1343,1987,19870426,,63,24.2,41.7,,17,,8
1344,1987,19870426,,64,24.2,41.7,,17,,8
1345,1988,19880408,19880502,1,153.5,12.5,,14,320,9
1346,1988,19880408,19880502,2,153.5,12.5,,14,320,9
1347,1988,19880408,19880502,3,153.5,12.5,,14,320,9
1348,1988,19880408,19880502,4,153.5,12.5,,14,320,9
1349,1988,19880408,19880502,5,153.5,12.5,,14,320,9
1350,1988,19880408,19880502,6,153.5,12.5,,14,320,9
1351,1988,19880408,19880502,7,153.5,12.5,,14,320,9
1352,1988,19880408,19880502,8,153.5,12.5,,14,320,9
1353,1988,19880408,19880502,9,153.5,12.5,,14,320,9
1354,1988,19880408,19880502,10,153.5,12.5,,14,320,9
1355,1988,19880408,19880502,11,153.5,12.5,,14,320,9
1356,1988,19880408,19880502,12,153.5,12.5,,14,320,9
1357,1988,19880408,19880502,13,153.5,12.5,,14,320,9
1358,1988,19880408,19880502,14,153.5,12.5,,14,320,9
1359,1988,19880408,19880502,15,153.5,12.5,,14,320,9
1360,1988,19880408,19880502,16,153.5,12.5,,14,320,9
1361,1988,19880408,19880502,17,153.5,12.5,,14,320,9
1362,1988,19880408,19880502,18,153.5,12.5,,14,320,9
1363,1988,19880408,19880502,19,153.5,12.5,,14,320,9
1364,1988,19880408,19880502,20,153.5,12.5,,14,320,9
1365,1988,19880408,19880502,21,153.5,12.5,,14,320,9
1366,1988,19880408,19880502,22,153.5,12.5,,14,320,9
1367,1988,19880408,19880502,23,153.5,12.5,,14,320,9
1368,1988,19880408,19880502,24,153.5,12.5,,14,320,9
1369,1988,19880408,19880502,25,153.5,12.5,,14,320,9
1370,1988,19880408,19880502,26,153.5,12.5,,14,320,9
1371,1988,19880408,19880502,27,153.5,12.5,,14,320,9
1372,1988,19880408,19880502,28,153.5,12.5,,14,320,9
1373,1988,19880408,19880502,29,153.5,12.5,,14,320,9
1374,1988,19880408,19880502,30,153.5,12.5,,14,320,9
1375,1988,19880408,19880502,31,153.5,12.5,,14,320,9
1376,1988,19880408,19880502,32,153.5,12.5,,14,320,9
1377,1988,19880408,19880502,33,153.5,12.5,,14,320,9
1378,1988,19880408,19880502,34,153.5,12.5,,14,320,9
1379,1988,19880408,19880502,35,153.5,12.5,,14,320,9
1380,1988,19880408,19880502,36,153.5,12.5,,14,320,9
1381,1988,19880408,19880502,37,153.5,12.5,,14,320,9
1382,1988,19880408,19880502,38,153.5,12.5,,14,320,9
1383,1988,19880408,19880502,39,153.5,12.5,,14,320,9
1384,1988,19880408,19880502,40,153.5,12.5,,14,320,9
1385,1988,19880408,19880502,41,153.5,12.5,,14,320,9
1386,1988,19880408,19880502,42,153.5,12.5,,14,320,9
1387,1988,19880408,19880502,43,153.5,12.5,,14,320,9
1388,1988,19880408,19880502,44,153.5,12.5,,14,320,9
1389,1988,19880408,19880502,45,153.5,12.5,,14,320,9
1390,1988,19880408,19880502,46,153.5,12.5,,14,320,9
1391,1988,19880408,19880502,47,153.5,12.5,,14,320,9
1392,1988,19880408,19880502,48,153.5,12.5,,14,320,9
1393,1988,19880408,19880502,49,153.5,12.5,,14,320,9
1394,1988,19880408,19880502,50,153.5,12.5,,14,320,9
1395,1988,19880408,19880502,51,153.5,12.5,,14,320,9
1396,1988,19880408,19880502,52,153.5,12.5,,14,320,9
1397,1988,19880408,19880502,53,153.5,12.5,,14,320,9
1398,1988,19880408,19880502,54,153.5,12.5,,14,320,9
1399,1988,19880408,19880502,55,153.5,12.5,,14,320,9
1400,1988,19880408,19880502,56,153.5,12.5,,14,320,9
1401,1988,19880408,19880502,57,153.5,12.5,,14,320,9
1402,1988,19880408,19880502,58,153.5,12.5,,14,320,9
1403,1988,19880408,19880502,59,153.5,12.5,,14,320,9
1404,1988,19880408,19880502,60,153.5,12.5,,14,320,9
1405,1988,19880408,19880502,61,153.5,12.5,,14,320,9
1406,1988,19880408,19880502,62,153.5,12.5,,14,320,9
1407,1988,19880408,19880502,63,153.5,12.5,,14,320,9
1408,1988,19880408,19880502,64,153.5,12.5,,14,320,9
1409,1989,19890412,19890519,1,,75,33.3,12,,10
1410,1989,19890412,19890519,2,,75,33.3,12,,10
1411,1989,19890412,19890519,3,,75,33.3,12,,10
1412,1989,19890412,19890519,4,,75,33.3,12,,10
1413,1989,19890412,19890519,5,,75,33.3,12,,10
1414,1989,19890412,19890519,6,,75,33.3,12,,10
1415,1989,19890412,19890519,7,,75,33.3,12,,10
1416,1989,19890412,19890519,8,,75,33.3,12,,10
1417,1989,19890412,19890519,9,,75,33.3,12,,10
1418,1989,19890412,19890519,10,,75,33.3,12,,10
1419,1989,19890412,19890519,11,,75,33.3,12,,10
1420,1989,19890412,19890519,12,,75,33.3,12,,10
1421,1989,19890412,19890519,13,,75,33.3,12,,10
1422,1989,19890412,19890519,14,,75,33.3,12,,10
1423,1989,19890412,19890519,15,,75,33.3,12,,10
1424,1989,19890412,19890519,16,,75,33.3,12,,10
1425,1989,19890412,19890519,17,,75,33.3,12,,10
1426,1989,19890412,19890519,18,,75,33.3,12,,10
1427,1989,19890412,19890519,19,,75,33.3,12,,10
1428,1989,19890412,19890519,20,,75,33.3,12,,10
1429,1989,19890412,19890519,21,,75,33.3,12,,10
1430,1989,19890412,19890519,22,,75,33.3,12,,10
1431,1989,19890412,19890519,23,,75,33.3,12,,10
1432,1989,19890412,19890519,24,,75,33.3,12,,10
1433,1989,19890412,19890519,25,,75,33.3,12,,10
1434,1989,19890412,19890519,26,,75,33.3,12,,10
1435,1989,19890412,19890519,27,,75,33.3,12,,10
1436,1989,19890412,19890519,28,,75,33.3,12,,10
1437,1989,19890412,19890519,29,,75,33.3,12,,10
1438,1989,19890412,19890519,30,,75,33.3,12,,10
1439,1989,19890412,19890519,31,,75,33.3,12,,10
1440,1989,19890412,19890519,32,,75,33.3,12,,10
1441,1989,19890412,19890519,33,,75,33.3,12,,10
1442,1989,19890412,19890519,34,,75,33.3,12,,10
1443,1989,19890412,19890519,35,,75,33.3,12,,10
1444,1989,19890412,19890519,36,,75,33.3,12,,10
1445,1989,19890412,19890519,37,,75,33.3,12,,10
1446,1989,19890412,19890519,38,,75,33.3,12,,10
1447,1989,19890412,19890519,39,,75,33.3,12,,10
1448,1989,19890412,19890519,40,,75,33.3,12,,10
1449,1989,19890412,19890519,41,,75,33.3,12,,10
1450,1989,19890412,19890519,42,,75,33.3,12,,10
1451,1989,19890412,19890519,43,,75,33.3,12,,10
1452,1989,19890412,19890519,44,,75,33.3,12,,10
1453,1989,19890412,19890519,45,,75,33.3,12,,10
1454,1989,19890412,19890519,46,,75,33.3,12,,10
1455,1989,19890412,19890519,47,,75,33.3,12,,10
1456,1989,19890412,19890519,48,,75,33.3,12,,10
1457,1989,19890412,19890519,49,,75,33.3,12,,10
1458,1989,19890412,19890519,50,,75,33.3,12,,10
1459,1989,19890412,19890519,51,,75,33.3,12,,10
1460,1989,19890412,19890519,52,,75,33.3,12,,10
1461,1989,19890412,19890519,53,,75,33.3,12,,10
1462,1989,19890412,19890519,54,,75,33.3,12,,10
1463,1989,19890412,19890519,55,,75,33.3,12,,10
1464,1989,19890412,19890519,56,,75,33.3,12,,10
1465,1989,19890412,19890519,57,,75,33.3,12,,10
1466,1989,19890412,19890519,58,,75,33.3,12,,10
1467,1989,19890412,19890519,59,,75,33.3,12,,10
1468,1989,19890412,19890519,60,,75,33.3,12,,10
1469,1989,19890412,19890519,61,,75,33.3,12,,10
1470,1989,19890412,19890519,62,,75,33.3,12,,10
1471,1989,19890412,19890519,63,,75,33.3,12,,10
1472,1989,19890412,19890519,64,,75,33.3,12,,10
1473,1990,19891006,19891020,1,200.3,12.5,,18,500,9
1474,1990,19891006,19891020,2,200.3,12.5,,18,500,9
1475,1990,19891006,19891020,3,200.3,12.5,,18,500,9
1476,1990,19891006,19891020,4,200.3,12.5,,18,500,9
1477,1990,19891006,19891020,5,200.3,12.5,,18,500,9
1478,1990,19891006,19891020,6,200.3,12.5,,18,500,9
1479,1990,19891006,19891020,7,200.3,12.5,,18,500,9
1480,1990,19891006,19891020,8,200.3,12.5,,18,500,9
1481,1990,19891006,19891020,9,200.3,12.5,,18,500,9
1482,1990,19891006,19891020,10,200.3,12.5,,18,500,9
1483,1990,19891006,19891020,11,200.3,12.5,,18,500,9
1484,1990,19891006,19891020,12,200.3,12.5,,18,500,9
1485,1990,19891006,19891020,13,200.3,12.5,,18,500,9
1486,1990,19891006,19891020,14,200.3,12.5,,18,500,9
1487,1990,19891006,19891020,15,200.3,12.5,,18,500,9
1488,1990,19891006,19891020,16,200.3,12.5,,18,500,9
1489,1990,19891006,19891020,17,200.3,12.5,,18,500,9
1490,1990,19891006,19891020,18,200.3,12.5,,18,500,9
1491,1990,19891006,19891020,19,200.3,12.5,,18,500,9
1492,1990,19891006,19891020,20,200.3,12.5,,18,500,9
1493,1990,19891006,19891020,21,200.3,12.5,,18,500,9
1494,1990,19891006,19891020,22,200.3,12.5,,18,500,9
1495,1990,19891006,19891020,23,200.3,12.5,,18,500,9
1496,1990,19891006,19891020,24,200.3,12.5,,18,500,9
1497,1990,19891006,19891020,25,200.3,12.5,,18,500,9
1498,1990,19891006,19891020,26,200.3,12.5,,18,500,9
1499,1990,19891006,19891020,27,200.3,12.5,,18,500,9
1500,1990,19891006,19891020,28,200.3,12.5,,18,500,9
1501,1990,19891006,19891020,29,200.3,12.5,,18,500,9
1502,1990,19891006,19891020,30,200.3,12.5,,18,500,9
1503,1990,19891006,19891020,31,200.3,12.5,,18,500,9
1504,1990,19891006,19891020,32,200.3,12.5,,18,500,9
1505,1990,19891006,19891020,33,200.3,12.5,,18,500,9
1506,1990,19891006,19891020,34,200.3,12.5,,18,500,9
1507,1990,19891006,19891020,35,200.3,12.5,,18,500,9
1508,1990,19891006,19891020,36,200.3,12.5,,18,500,9
1509,1990,19891006,19891020,37,200.3,12.5,,18,500,9
1510,1990,19891006,19891020,38,200.3,12.5,,18,500,9
1511,1990,19891006,19891020,39,200.3,12.5,,18,500,9
1512,1990,19891006,19891020,40,200.3,12.5,,18,500,9
1513,1990,19891006,19891020,41,200.3,12.5,,18,500,9
1514,1990,19891006,19891020,42,200.3,12.5,,18,500,9
1515,1990,19891006,19891020,43,200.3,12.5,,18,500,9
1516,1990,19891006,19891020,44,200.3,12.5,,18,500,9
1517,1990,19891006,19891020,45,200.3,12.5,,18,500,9
1518,1990,19891006,19891020,46,200.3,12.5,,18,500,9
1519,1990,19891006,19891020,47,200.3,12.5,,18,500,9
1520,1990,19891006,19891020,48,200.3,12.5,,18,500,9
1521,1990,19891006,19891020,49,200.3,12.5,,18,500,9
1522,1990,19891006,19891020,50,200.3,12.5,,18,500,9
1523,1990,19891006,19891020,51,200.3,12.5,,18,500,9
1524,1990,19891006,19891020,52,200.3,12.5,,18,500,9
1525,1990,19891006,19891020,53,200.3,12.5,,18,500,9
1526,1990,19891006,19891020,54,200.3,12.5,,18,500,9
1527,1990,19891006,19891020,55,200.3,12.5,,18,500,9
1528,1990,19891006,19891020,56,200.3,12.5,,18,500,9
1529,1990,19891006,19891020,57,200.3,12.5,,18,500,9
1530,1990,19891006,19891020,58,200.3,12.5,,18,500,9
1531,1990,19891006,19891020,59,200.3,12.5,,18,500,9
1532,1990,19891006,19891020,60,200.3,12.5,,18,500,9
1533,1990,19891006,19891020,61,200.3,12.5,,18,500,9
1534,1990,19891006,19891020,62,200.3,12.5,,18,500,9
1535,1990,19891006,19891020,63,200.3,12.5,,18,500,9
1536,1990,19891006,19891020,64,200.3,12.5,,18,500,9
1537,1991,19900926,19901010,1,134.2,12.5,,16,320,9
1538,1991,19900926,19901010,2,134.2,12.5,,16,320,9
1539,1991,19900926,19901010,3,134.2,12.5,,16,320,9
1540,1991,19900926,19901010,4,134.2,12.5,,16,320,9
1541,1991,19900926,19901010,5,134.2,12.5,,16,320,9
1542,1991,19900926,19901010,6,134.2,12.5,,16,320,9
1543,1991,19900926,19901010,7,134.2,12.5,,16,320,9
1544,1991,19900926,19901010,8,134.2,12.5,,16,320,9
1545,1991,19900926,19901010,9,134.2,12.5,,16,320,9
1546,1991,19900926,19901010,10,134.2,12.5,,16,320,9
1547,1991,19900926,19901010,11,134.2,12.5,,16,320,9
1548,1991,19900926,19901010,12,134.2,12.5,,16,320,9
1549,1991,19900926,19901010,13,134.2,12.5,,16,320,9
1550,1991,19900926,19901010,14,134.2,12.5,,16,320,9
1551,1991,19900926,19901010,15,134.2,12.5,,16,320,9
1552,1991,19900926,19901010,16,134.2,12.5,,16,320,9
1553,1991,19900926,19901010,17,134.2,12.5,,16,320,9
1554,1991,19900926,19901010,18,134.2,12.5,,16,320,9
1555,1991,19900926,19901010,19,134.2,12.5,,16,320,9
1556,1991,19900926,19901010,20,134.2,12.5,,16,320,9
1557,1991,19900926,19901010,21,134.2,12.5,,16,320,9
1558,1991,19900926,19901010,22,134.2,12.5,,16,320,9
1559,1991,19900926,19901010,23,134.2,12.5,,16,320,9
1560,1991,19900926,19901010,24,134.2,12.5,,16,320,9
1561,1991,19900926,19901010,25,134.2,12.5,,16,320,9
1562,1991,19900926,19901010,26,134.2,12.5,,16,320,9
1563,1991,19900926,19901010,27,134.2,12.5,,16,320,9
1564,1991,19900926,19901010,28,134.2,12.5,,16,320,9
1565,1991,19900926,19901010,29,134.2,12.5,,16,320,9
1566,1991,19900926,19901010,30,134.2,12.5,,16,320,9
1567,1991,19900926,19901010,31,134.2,12.5,,16,320,9
1568,1991,19900926,19901010,32,134.2,12.5,,16,320,9
1569,1991,19900926,19901010,33,134.2,12.5,,16,320,9
1570,1991,19900926,19901010,34,134.2,12.5,,16,320,9
1571,1991,19900926,19901010,35,134.2,12.5,,16,320,9
1572,1991,19900926,19901010,36,134.2,12.5,,16,320,9
1573,1991,19900926,19901010,37,134.2,12.5,,16,320,9
1574,1991,19900926,19901010,38,134.2,12.5,,16,320,9
1575,1991,19900926,19901010,39,134.2,12.5,,16,320,9
1576,1991,19900926,19901010,40,134.2,12.5,,16,320,9
1577,1991,19900926,19901010,41,134.2,12.5,,16,320,9
1578,1991,19900926,19901010,42,134.2,12.5,,16,320,9
1579,1991,19900926,19901010,43,134.2,12.5,,16,320,9
1580,1991,19900926,19901010,44,134.2,12.5,,16,320,9
1581,1991,19900926,19901010,45,134.2,12.5,,16,320,9
1582,1991,19900926,19901010,46,134.2,12.5,,16,320,9
1583,1991,19900926,19901010,47,134.2,12.5,,16,320,9
1584,1991,19900926,19901010,48,134.2,12.5,,16,320,9
1585,1991,19900926,19901010,49,134.2,12.5,,16,320,9
1586,1991,19900926,19901010,50,134.2,12.5,,16,320,9
1587,1991,19900926,19901010,51,134.2,12.5,,16,320,9
1588,1991,19900926,19901010,52,134.2,12.5,,16,320,9
1589,1991,19900926,19901010,53,134.2,12.5,,16,320,9
1590,1991,19900926,19901010,54,134.2,12.5,,16,320,9
1591,1991,19900926,19901010,55,134.2,12.5,,16,320,9
1592,1991,19900926,19901010,56,134.2,12.5,,16,320,9
1593,1991,19900926,19901010,57,134.2,12.5,,16,320,9
1594,1991,19900926,19901010,58,134.2,12.5,,16,320,9
1595,1991,19900926,19901010,59,134.2,12.5,,16,320,9
1596,1991,19900926,19901010,60,134.2,12.5,,16,320,9
1597,1991,19900926,19901010,61,134.2,12.5,,16,320,9
1598,1991,19900926,19901010,62,134.2,12.5,,16,320,9
1599,1991,19900926,19901010,63,134.2,12.5,,16,320,9
1600,1991,19900926,19901010,64,134.2,12.5,,16,320,9
1601,1992,19920416,19920512,1,,41.7,,19,,8
1602,1992,19920416,19920512,2,,41.7,,19,,8
1603,1992,19920416,19920512,3,,41.7,,19,,8
1604,1992,19920416,19920512,4,,41.7,,19,,8
1605,1992,19920416,19920512,5,,41.7,,19,,8
1606,1992,19920416,19920512,6,,41.7,,19,,8
1607,1992,19920416,19920512,7,,41.7,,19,,8
1608,1992,19920416,19920512,8,,41.7,,19,,8
1609,1992,19920416,19920512,9,,41.7,,19,,8
1610,1992,19920416,19920512,10,,41.7,,19,,8
1611,1992,19920416,19920512,11,,41.7,,19,,8
1612,1992,19920416,19920512,12,,41.7,,19,,8
1613,1992,19920416,19920512,13,,41.7,,19,,8
1614,1992,19920416,19920512,14,,41.7,,19,,8
1615,1992,19920416,19920512,15,,41.7,,19,,8
1616,1992,19920416,19920512,16,,41.7,,19,,8
1617,1992,19920416,19920512,17,,41.7,,19,,8
1618,1992,19920416,19920512,18,,41.7,,19,,8
1619,1992,19920416,19920512,19,,41.7,,19,,8
1620,1992,19920416,19920512,20,,41.7,,19,,8
1621,1992,19920416,19920512,21,,41.7,,19,,8
1622,1992,19920416,19920512,22,,41.7,,19,,8
1623,1992,19920416,19920512,23,,41.7,,19,,8
1624,1992,19920416,19920512,24,,41.7,,19,,8
1625,1992,19920416,19920512,25,,41.7,,19,,8
1626,1992,19920416,19920512,26,,41.7,,19,,8
1627,1992,19920416,19920512,27,,41.7,,19,,8
1628,1992,19920416,19920512,28,,41.7,,19,,8
1629,1992,19920416,19920512,29,,41.7,,19,,8
1630,1992,19920416,19920512,30,,41.7,,19,,8
1631,1992,19920416,19920512,31,,41.7,,19,,8
1632,1992,19920416,19920512,32,,41.7,,19,,8
1633,1992,19920416,19920512,33,,41.7,,19,,8
1634,1992,19920416,19920512,34,,41.7,,19,,8
1635,1992,19920416,19920512,35,,41.7,,19,,8
1636,1992,19920416,19920512,36,,41.7,,19,,8
1637,1992,19920416,19920512,37,,41.7,,19,,8
1638,1992,19920416,19920512,38,,41.7,,19,,8
1639,1992,19920416,19920512,39,,41.7,,19,,8
1640,1992,19920416,19920512,40,,41.7,,19,,8
1641,1992,19920416,19920512,41,,41.7,,19,,8
1642,1992,19920416,19920512,42,,41.7,,19,,8
1643,1992,19920416,19920512,43,,41.7,,19,,8
1644,1992,19920416,19920512,44,,41.7,,19,,8
1645,1992,19920416,19920512,45,,41.7,,19,,8
1646,1992,19920416,19920512,46,,41.7,,19,,8
1647,1992,19920416,19920512,47,,41.7,,19,,8
1648,1992,19920416,19920512,48,,41.7,,19,,8
1649,1992,19920416,19920512,49,,41.7,,19,,8
1650,1992,19920416,19920512,50,,41.7,,19,,8
1651,1992,19920416,19920512,51,,41.7,,19,,8
1652,1992,19920416,19920512,52,,41.7,,19,,8
1653,1992,19920416,19920512,53,,41.7,,19,,8
1654,1992,19920416,19920512,54,,41.7,,19,,8
1655,1992,19920416,19920512,55,,41.7,,19,,8
1656,1992,19920416,19920512,56,,41.7,,19,,8
1657,1992,19920416,19920512,57,,41.7,,19,,8
1658,1992,19920416,19920512,58,,41.7,,19,,8
1659,1992,19920416,19920512,59,,41.7,,19,,8
1660,1992,19920416,19920512,60,,41.7,,19,,8
1661,1992,19920416,19920512,61,,41.7,,19,,8
1662,1992,19920416,19920512,62,,41.7,,19,,8
1663,1992,19920416,19920512,63,,41.7,,19,,8
1664,1992,19920416,19920512,64,,41.7,,19,,8
1665,1993,19930323,19930419,1,142.5,12.5,,20,320,9
1666,1993,19930323,19930419,2,142.5,12.5,,20,320,9
1667,1993,19930323,19930419,3,142.5,12.5,,20,320,9
1668,1993,19930323,19930419,4,142.5,12.5,,20,320,9
1669,1993,19930323,19930419,5,142.5,12.5,,20,320,9
1670,1993,19930323,19930419,6,142.5,12.5,,20,320,9
1671,1993,19930323,19930419,7,142.5,12.5,,20,320,9
1672,1993,19930323,19930419,8,142.5,12.5,,20,320,9
1673,1993,19930323,19930419,9,142.5,12.5,,20,320,9
1674,1993,19930323,19930419,10,142.5,12.5,,20,320,9
1675,1993,19930323,19930419,11,142.5,12.5,,20,320,9
1676,1993,19930323,19930419,12,142.5,12.5,,20,320,9
1677,1993,19930323,19930419,13,142.5,12.5,,20,320,9
1678,1993,19930323,19930419,14,142.5,12.5,,20,320,9
1679,1993,19930323,19930419,15,142.5,12.5,,20,320,9
1680,1993,19930323,19930419,16,142.5,12.5,,20,320,9
1681,1993,19930323,19930419,17,142.5,12.5,,20,320,9
1682,1993,19930323,19930419,18,142.5,12.5,,20,320,9
1683,1993,19930323,19930419,19,142.5,12.5,,20,320,9
1684,1993,19930323,19930419,20,142.5,12.5,,20,320,9
1685,1993,19930323,19930419,21,142.5,12.5,,20,320,9
1686,1993,19930323,19930419,22,142.5,12.5,,20,320,9
1687,1993,19930323,19930419,23,142.5,12.5,,20,320,9
1688,1993,19930323,19930419,24,142.5,12.5,,20,320,9
1689,1993,19930323,19930419,25,142.5,12.5,,20,320,9
1690,1993,19930323,19930419,26,142.5,12.5,,20,320,9
1691,1993,19930323,19930419,27,142.5,12.5,,20,320,9
1692,1993,19930323,19930419,28,142.5,12.5,,20,320,9
1693,1993,19930323,19930419,29,142.5,12.5,,20,320,9
1694,1993,19930323,19930419,30,142.5,12.5,,20,320,9
1695,1993,19930323,19930419,31,142.5,12.5,,20,320,9
1696,1993,19930323,19930419,32,142.5,12.5,,20,320,9
1697,1993,19930323,19930419,33,142.5,12.5,,20,320,9
1698,1993,19930323,19930419,34,142.5,12.5,,20,320,9
1699,1993,19930323,19930419,35,142.5,12.5,,20,320,9
1700,1993,19930323,19930419,36,142.5,12.5,,20,320,9
1701,1993,19930323,19930419,37,142.5,12.5,,20,320,9
1702,1993,19930323,19930419,38,142.5,12.5,,20,320,9
1703,1993,19930323,19930419,39,142.5,12.5,,20,320,9
1704,1993,19930323,19930419,40,142.5,12.5,,20,320,9
1705,1993,19930323,19930419,41,142.5,12.5,,20,320,9
1706,1993,19930323,19930419,42,142.5,12.5,,20,320,9
1707,1993,19930323,19930419,43,142.5,12.5,,20,320,9
1708,1993,19930323,19930419,44,142.5,12.5,,20,320,9
1709,1993,19930323,19930419,45,142.5,12.5,,20,320,9
1710,1993,19930323,19930419,46,142.5,12.5,,20,320,9
1711,1993,19930323,19930419,47,142.5,12.5,,20,320,9
1712,1993,19930323,19930419,48,142.5,12.5,,20,320,9
1713,1993,19930323,19930419,49,142.5,12.5,,20,320,9
1714,1993,19930323,19930419,50,142.5,12.5,,20,320,9
1715,1993,19930323,19930419,51,142.5,12.5,,20,320,9
1716,1993,19930323,19930419,52,142.5,12.5,,20,320,9
1717,1993,19930323,19930419,53,142.5,12.5,,20,320,9
1718,1993,19930323,19930419,54,142.5,12.5,,20,320,9
1719,1993,19930323,19930419,55,142.5,12.5,,20,320,9
1720,1993,19930323,19930419,56,142.5,12.5,,20,320,9
1721,1993,19930323,19930419,57,142.5,12.5,,20,320,9
1722,1993,19930323,19930419,58,142.5,12.5,,20,320,9
1723,1993,19930323,19930419,59,142.5,12.5,,20,320,9
1724,1993,19930323,19930419,60,142.5,12.5,,20,320,9
1725,1993,19930323,19930419,61,142.5,12.5,,20,320,9
1726,1993,19930323,19930419,62,142.5,12.5,,20,320,9
1727,1993,19930323,19930419,63,142.5,12.5,,20,320,9
1728,1993,19930323,19930419,64,142.5,12.5,,20,320,9
1729,1994,19940428,19940526,1,,75,33,12,,10
1730,1994,19940428,19940526,2,,75,33,12,,10
1731,1994,19940428,19940526,3,,75,33,12,,10
1732,1994,19940428,19940526,4,,75,33,12,,10
1733,1994,19940428,19940526,5,,75,33,12,,10
1734,1994,19940428,19940526,6,,75,33,12,,10
1735,1994,19940428,19940526,7,,75,33,12,,10
1736,1994,19940428,19940526,8,,75,33,12,,10
1737,1994,19940428,19940526,9,,75,33,12,,10
1738,1994,19940428,19940526,10,,75,33,12,,10
1739,1994,19940428,19940526,11,,75,33,12,,10
1740,1994,19940428,19940526,12,,75,33,12,,10
1741,1994,19940428,19940526,13,,75,33,12,,10
1742,1994,19940428,19940526,14,,75,33,12,,10
1743,1994,19940428,19940526,15,,75,33,12,,10
1744,1994,19940428,19940526,16,,75,33,12,,10
1745,1994,19940428,19940526,17,,75,33,12,,10
1746,1994,19940428,19940526,18,,75,33,12,,10
1747,1994,19940428,19940526,19,,75,33,12,,10
1748,1994,19940428,19940526,20,,75,33,12,,10
1749,1994,19940428,19940526,21,,75,33,12,,10
1750,1994,19940428,19940526,22,,75,33,12,,10
1751,1994,19940428,19940526,23,,75,33,12,,10
1752,1994,19940428,19940526,24,,75,33,12,,10
1753,1994,19940428,19940526,25,,75,33,12,,10
1754,1994,19940428,19940526,26,,75,33,12,,10
1755,1994,19940428,19940526,27,,75,33,12,,10
1756,1994,19940428,19940526,28,,75,33,12,,10
1757,1994,19940428,19940526,29,,75,33,12,,10
1758,1994,19940428,19940526,30,,75,33,12,,10
1759,1994,19940428,19940526,31,,75,33,12,,10
1760,1994,19940428,19940526,32,,75,33,12,,10
1761,1994,19940428,19940526,33,,75,33,12,,10
1762,1994,19940428,19940526,34,,75,33,12,,10
1763,1994,19940428,19940526,35,,75,33,12,,10
1764,1994,19940428,19940526,36,,75,33,12,,10
1765,1994,19940428,19940526,37,,75,33,12,,10
1766,1994,19940428,19940526,38,,75,33,12,,10
1767,1994,19940428,19940526,39,,75,33,12,,10
1768,1994,19940428,19940526,40,,75,33,12,,10
1769,1994,19940428,19940526,41,,75,33,12,,10
1770,1994,19940428,19940526,42,,75,33,12,,10
1771,1994,19940428,19940526,43,,75,33,12,,10
1772,1994,19940428,19940526,44,,75,33,12,,10
1773,1994,19940428,19940526,45,,75,33,12,,10
1774,1994,19940428,19940526,46,,75,33,12,,10
1775,1994,19940428,19940526,47,,75,33,12,,10
1776,1994,19940428,19940526,48,,75,33,12,,10
1777,1994,19940428,19940526,49,,75,33,12,,10
1778,1994,19940428,19940526,50,,75,33,12,,10
1779,1994,19940428,19940526,51,,75,33,12,,10
1780,1994,19940428,19940526,52,,75,33,12,,10
1781,1994,19940428,19940526,53,,75,33,12,,10
1782,1994,19940428,19940526,54,,75,33,12,,10
1783,1994,19940428,19940526,55,,75,33,12,,10
1784,1994,19940428,19940526,56,,75,33,12,,10
1785,1994,19940428,19940526,57,,75,33,12,,10
1786,1994,19940428,19940526,58,,75,33,12,,10
1787,1994,19940428,19940526,59,,75,33,12,,10
1788,1994,19940428,19940526,60,,75,33,12,,10
1789,1994,19940428,19940526,61,,75,33,12,,10
1790,1994,19940428,19940526,62,,75,33,12,,10
1791,1994,19940428,19940526,63,,75,33,12,,10
1792,1994,19940428,19940526,64,,75,33,12,,10
1793,1995,19941026,19941118,1,230.5,12.5,,18,500,9
1794,1995,19941026,19941118,2,230.5,12.5,,18,500,9
1795,1995,19941026,19941118,3,230.5,12.5,,18,500,9
1796,1995,19941026,19941118,4,230.5,12.5,,18,500,9
1797,1995,19941026,19941118,5,230.5,12.5,,18,500,9
1798,1995,19941026,19941118,6,230.5,12.5,,18,500,9
1799,1995,19941026,19941118,7,230.5,12.5,,18,500,9
1800,1995,19941026,19941118,8,230.5,12.5,,18,500,9
1801,1995,19941026,19941118,9,230.5,12.5,,18,500,9
1802,1995,19941026,19941118,10,230.5,12.5,,18,500,9
1803,1995,19941026,19941118,11,230.5,12.5,,18,500,9
1804,1995,19941026,19941118,12,230.5,12.5,,18,500,9
1805,1995,19941026,19941118,13,230.5,12.5,,18,500,9
1806,1995,19941026,19941118,14,230.5,12.5,,18,500,9
1807,1995,19941026,19941118,15,230.5,12.5,,18,500,9
1808,1995,19941026,19941118,16,230.5,12.5,,18,500,9
1809,1995,19941026,19941118,17,230.5,12.5,,18,500,9
1810,1995,19941026,19941118,18,230.5,12.5,,18,500,9
1811,1995,19941026,19941118,19,230.5,12.5,,18,500,9
1812,1995,19941026,19941118,20,230.5,12.5,,18,500,9
1813,1995,19941026,19941118,21,230.5,12.5,,18,500,9
1814,1995,19941026,19941118,22,230.5,12.5,,18,500,9
1815,1995,19941026,19941118,23,230.5,12.5,,18,500,9
1816,1995,19941026,19941118,24,230.5,12.5,,18,500,9
1817,1995,19941026,19941118,25,230.5,12.5,,18,500,9
1818,1995,19941026,19941118,26,230.5,12.5,,18,500,9
1819,1995,19941026,19941118,27,230.5,12.5,,18,500,9
1820,1995,19941026,19941118,28,230.5,12.5,,18,500,9
1821,1995,19941026,19941118,29,230.5,12.5,,18,500,9
1822,1995,19941026,19941118,30,230.5,12.5,,18,500,9
1823,1995,19941026,19941118,31,230.5,12.5,,18,500,9
1824,1995,19941026,19941118,32,230.5,12.5,,18,500,9
1825,1995,19941026,19941118,33,230.5,12.5,,18,500,9
1826,1995,19941026,19941118,34,230.5,12.5,,18,500,9
1827,1995,19941026,19941118,35,230.5,12.5,,18,500,9
1828,1995,19941026,19941118,36,230.5,12.5,,18,500,9
1829,1995,19941026,19941118,37,230.5,12.5,,18,500,9
1830,1995,19941026,19941118,38,230.5,12.5,,18,500,9
1831,1995,19941026,19941118,39,230.5,12.5,,18,500,9
1832,1995,19941026,19941118,40,230.5,12.5,,18,500,9
1833,1995,19941026,19941118,41,230.5,12.5,,18,500,9
1834,1995,19941026,19941118,42,230.5,12.5,,18,500,9
1835,1995,19941026,19941118,43,230.5,12.5,,18,500,9
1836,1995,19941026,19941118,44,230.5,12.5,,18,500,9
1837,1995,19941026,19941118,45,230.5,12.5,,18,500,9
1838,1995,19941026,19941118,46,230.5,12.5,,18,500,9
1839,1995,19941026,19941118,47,230.5,12.5,,18,500,9
1840,1995,19941026,19941118,48,230.5,12.5,,18,500,9
1841,1995,19941026,19941118,49,230.5,12.5,,18,500,9
1842,1995,19941026,19941118,50,230.5,12.5,,18,500,9
1843,1995,19941026,19941118,51,230.5,12.5,,18,500,9
1844,1995,19941026,19941118,52,230.5,12.5,,18,500,9
1845,1995,19941026,19941118,53,230.5,12.5,,18,500,9
1846,1995,19941026,19941118,54,230.5,12.5,,18,500,9
1847,1995,19941026,19941118,55,230.5,12.5,,18,500,9
1848,1995,19941026,19941118,56,230.5,12.5,,18,500,9
1849,1995,19941026,19941118,57,230.5,12.5,,18,500,9
1850,1995,19941026,19941118,58,230.5,12.5,,18,500,9
1851,1995,19941026,19941118,59,230.5,12.5,,18,500,9
1852,1995,19941026,19941118,60,230.5,12.5,,18,500,9
1853,1995,19941026,19941118,61,230.5,12.5,,18,500,9
1854,1995,19941026,19941118,62,230.5,12.5,,18,500,9
1855,1995,19941026,19941118,63,230.5,12.5,,18,500,9
1856,1995,19941026,19941118,64,230.5,12.5,,18,500,9
1857,1996,19951006,19951019,1,114.5,12.5,,21,320,9
1858,1996,19951006,19951019,2,114.5,12.5,,21,320,9
1859,1996,19951006,19951019,3,114.5,12.5,,21,320,9
1860,1996,19951006,19951019,4,114.5,12.5,,21,320,9
1861,1996,19951006,19951019,5,114.5,12.5,,21,320,9
1862,1996,19951006,19951019,6,114.5,12.5,,21,320,9
1863,1996,19951006,19951019,7,114.5,12.5,,21,320,9
1864,1996,19951006,19951019,8,114.5,12.5,,21,320,9
1865,1996,19951006,19951019,9,114.5,12.5,,21,320,9
1866,1996,19951006,19951019,10,114.5,12.5,,21,320,9
1867,1996,19951006,19951019,11,114.5,12.5,,21,320,9
1868,1996,19951006,19951019,12,114.5,12.5,,21,320,9
1869,1996,19951006,19951019,13,114.5,12.5,,21,320,9
1870,1996,19951006,19951019,14,114.5,12.5,,21,320,9
1871,1996,19951006,19951019,15,114.5,12.5,,21,320,9
1872,1996,19951006,19951019,16,114.5,12.5,,21,320,9
1873,1996,19951006,19951019,17,114.5,12.5,,21,320,9
1874,1996,19951006,19951019,18,114.5,12.5,,21,320,9
1875,1996,19951006,19951019,19,114.5,12.5,,21,320,9
1876,1996,19951006,19951019,20,114.5,12.5,,21,320,9
1877,1996,19951006,19951019,21,114.5,12.5,,21,320,9
1878,1996,19951006,19951019,22,114.5,12.5,,21,320,9
1879,1996,19951006,19951019,23,114.5,12.5,,21,320,9
1880,1996,19951006,19951019,24,114.5,12.5,,21,320,9
1881,1996,19951006,19951019,25,114.5,12.5,,21,320,9
1882,1996,19951006,19951019,26,114.5,12.5,,21,320,9
1883,1996,19951006,19951019,27,114.5,12.5,,21,320,9
1884,1996,19951006,19951019,28,114.5,12.5,,21,320,9
1885,1996,19951006,19951019,29,114.5,12.5,,21,320,9
1886,1996,19951006,19951019,30,114.5,12.5,,21,320,9
1887,1996,19951006,19951019,31,114.5,12.5,,21,320,9
1888,1996,19951006,19951019,32,114.5,12.5,,21,320,9
1889,1996,19951006,19951019,33,114.5,12.5,,21,320,9
1890,1996,19951006,19951019,34,114.5,12.5,,21,320,9
1891,1996,19951006,19951019,35,114.5,12.5,,21,320,9
1892,1996,19951006,19951019,36,114.5,12.5,,21,320,9
1893,1996,19951006,19951019,37,114.5,12.5,,21,320,9
1894,1996,19951006,19951019,38,114.5,12.5,,21,320,9
1895,1996,19951006,19951019,39,114.5,12.5,,21,320,9
1896,1996,19951006,19951019,40,114.5,12.5,,21,320,9
1897,1996,19951006,19951019,41,114.5,12.5,,21,320,9
1898,1996,19951006,19951019,42,114.5,12.5,,21,320,9
1899,1996,19951006,19951019,43,114.5,12.5,,21,320,9
1900,1996,19951006,19951019,44,114.5,12.5,,21,320,9
1901,1996,19951006,19951019,45,114.5,12.5,,21,320,9
1902,1996,19951006,19951019,46,114.5,12.5,,21,320,9
1903,1996,19951006,19951019,47,114.5,12.5,,21,320,9
1904,1996,19951006,19951019,48,114.5,12.5,,21,320,9
1905,1996,19951006,19951019,49,114.5,12.5,,21,320,9
1906,1996,19951006,19951019,50,114.5,12.5,,21,320,9
1907,1996,19951006,19951019,51,114.5,12.5,,21,320,9
1908,1996,19951006,19951019,52,114.5,12.5,,21,320,9
1909,1996,19951006,19951019,53,114.5,12.5,,21,320,9
1910,1996,19951006,19951019,54,114.5,12.5,,21,320,9
1911,1996,19951006,19951019,55,114.5,12.5,,21,320,9
1912,1996,19951006,19951019,56,114.5,12.5,,21,320,9
1913,1996,19951006,19951019,57,114.5,12.5,,21,320,9
1914,1996,19951006,19951019,58,114.5,12.5,,21,320,9
1915,1996,19951006,19951019,59,114.5,12.5,,21,320,9
1916,1996,19951006,19951019,60,114.5,12.5,,21,320,9
1917,1996,19951006,19951019,61,114.5,12.5,,21,320,9
1918,1996,19951006,19951019,62,114.5,12.5,,21,320,9
1919,1996,19951006,19951019,63,114.5,12.5,,21,320,9
1920,1996,19951006,19951019,64,114.5,12.5,,21,320,9
1921,1997,19970402,19970505,1,,45,,19,,8
1922,1997,19970402,19970505,2,,45,,19,,8
1923,1997,19970402,19970505,3,,45,,19,,8
1924,1997,19970402,19970505,4,,45,,19,,8
1925,1997,19970402,19970505,5,,45,,19,,8
1926,1997,19970402,19970505,6,,45,,19,,8
1927,1997,19970402,19970505,7,,45,,19,,8
1928,1997,19970402,19970505,8,,45,,19,,8
1929,1997,19970402,19970505,9,,45,,19,,8
1930,1997,19970402,19970505,10,,45,,19,,8
1931,1997,19970402,19970505,11,,45,,19,,8
1932,1997,19970402,19970505,12,,45,,19,,8
1933,1997,19970402,19970505,13,,45,,19,,8
1934,1997,19970402,19970505,14,,45,,19,,8
1935,1997,19970402,19970505,15,,45,,19,,8
1936,1997,19970402,19970505,16,,45,,19,,8
1937,1997,19970402,19970505,17,,45,,19,,8
1938,1997,19970402,19970505,18,,45,,19,,8
1939,1997,19970402,19970505,19,,45,,19,,8
1940,1997,19970402,19970505,20,,45,,19,,8
1941,1997,19970402,19970505,21,,45,,19,,8
1942,1997,19970402,19970505,22,,45,,19,,8
1943,1997,19970402,19970505,23,,45,,19,,8
1944,1997,19970402,19970505,24,,45,,19,,8
1945,1997,19970402,19970505,25,,45,,19,,8
1946,1997,19970402,19970505,26,,45,,19,,8
1947,1997,19970402,19970505,27,,45,,19,,8
1948,1997,19970402,19970505,28,,45,,19,,8
1949,1997,19970402,19970505,29,,45,,19,,8
1950,1997,19970402,19970505,30,,45,,19,,8
1951,1997,19970402,19970505,31,,45,,19,,8
1952,1997,19970402,19970505,32,,45,,19,,8
1953,1997,19970402,19970505,33,,45,,19,,8
1954,1997,19970402,19970505,34,,45,,19,,8
1955,1997,19970402,19970505,35,,45,,19,,8
1956,1997,19970402,19970505,36,,45,,19,,8
1957,1997,19970402,19970505,37,,45,,19,,8
1958,1997,19970402,19970505,38,,45,,19,,8
1959,1997,19970402,19970505,39,,45,,19,,8
1960,1997,19970402,19970505,40,,45,,19,,8
1961,1997,19970402,19970505,41,,45,,19,,8
1962,1997,19970402,19970505,42,,45,,19,,8
1963,1997,19970402,19970505,43,,45,,19,,8
1964,1997,19970402,19970505,44,,45,,19,,8
1965,1997,19970402,19970505,45,,45,,19,,8
1966,1997,19970402,19970505,46,,45,,19,,8
1967,1997,19970402,19970505,47,,45,,19,,8
1968,1997,19970402,19970505,48,,45,,19,,8
1969,1997,19970402,19970505,49,,45,,19,,8
1970,1997,19970402,19970505,50,,45,,19,,8
1971,1997,19970402,19970505,51,,45,,19,,8
1972,1997,19970402,19970505,52,,45,,19,,8
1973,1997,19970402,19970505,53,,45,,19,,8
1974,1997,19970402,19970505,54,,45,,19,,8
1975,1997,19970402,19970505,55,,45,,19,,8
1976,1997,19970402,19970505,56,,45,,19,,8
1977,1997,19970402,19970505,57,,45,,19,,8
1978,1997,19970402,19970505,58,,45,,19,,8
1979,1997,19970402,19970505,59,,45,,19,,8
1980,1997,19970402,19970505,60,,45,,19,,8
1981,1997,19970402,19970505,61,,45,,19,,8
1982,1997,19970402,19970505,62,,45,,19,,8
1983,1997,19970402,19970505,63,,45,,19,,8
1984,1997,19970402,19970505,64,,45,,19,,8
1985,1998,19980330,19980413,1,150,12.5,,20,150,9
1986,1998,19980330,19980413,2,150,12.5,,20,150,9
1987,1998,19980330,19980413,3,150,12.5,,20,150,9
1988,1998,19980330,19980413,4,150,12.5,,20,150,9
1989,1998,19980330,19980413,5,150,12.5,,20,150,9
1990,1998,19980330,19980413,6,150,12.5,,20,150,9
1991,1998,19980330,19980413,7,150,12.5,,20,150,9
1992,1998,19980330,19980413,8,150,12.5,,20,150,9
1993,1998,19980330,19980413,9,150,12.5,,20,150,9
1994,1998,19980330,19980413,10,150,12.5,,20,150,9
1995,1998,19980330,19980413,11,150,12.5,,20,150,9
1996,1998,19980330,19980413,12,150,12.5,,20,150,9
1997,1998,19980330,19980413,13,150,12.5,,20,150,9
1998,1998,19980330,19980413,14,150,12.5,,20,150,9
1999,1998,19980330,19980413,15,150,12.5,,20,150,9
2000,1998,19980330,19980413,16,150,12.5,,20,150,9
2001,1998,19980330,19980413,17,150,12.5,,20,150,9
2002,1998,19980330,19980413,18,150,12.5,,20,150,9
2003,1998,19980330,19980413,19,150,12.5,,20,150,9
2004,1998,19980330,19980413,20,150,12.5,,20,150,9
2005,1998,19980330,19980413,21,150,12.5,,20,150,9
2006,1998,19980330,19980413,22,150,12.5,,20,150,9
2007,1998,19980330,19980413,23,150,12.5,,20,150,9
2008,1998,19980330,19980413,24,150,12.5,,20,150,9
2009,1998,19980330,19980413,25,150,12.5,,20,150,9
2010,1998,19980330,19980413,26,150,12.5,,20,150,9
2011,1998,19980330,19980413,27,150,12.5,,20,150,9
2012,1998,19980330,19980413,28,150,12.5,,20,150,9
2013,1998,19980330,19980413,29,150,12.5,,20,150,9
2014,1998,19980330,19980413,30,150,12.5,,20,150,9
2015,1998,19980330,19980413,31,150,12.5,,20,150,9
2016,1998,19980330,19980413,32,150,12.5,,20,150,9
2017,1998,19980330,19980413,33,150,12.5,,20,150,9
2018,1998,19980330,19980413,34,150,12.5,,20,150,9
2019,1998,19980330,19980413,35,150,12.5,,20,150,9
2020,1998,19980330,19980413,36,150,12.5,,20,150,9
2021,1998,19980330,19980413,37,150,12.5,,20,150,9
2022,1998,19980330,19980413,38,150,12.5,,20,150,9
2023,1998,19980330,19980413,39,150,12.5,,20,150,9
2024,1998,19980330,19980413,40,150,12.5,,20,150,9
2025,1998,19980330,19980413,41,150,12.5,,20,150,9
2026,1998,19980330,19980413,42,150,12.5,,20,150,9
2027,1998,19980330,19980413,43,150,12.5,,20,150,9
2028,1998,19980330,19980413,44,150,12.5,,20,150,9
2029,1998,19980330,19980413,45,150,12.5,,20,150,9
2030,1998,19980330,19980413,46,150,12.5,,20,150,9
2031,1998,19980330,19980413,47,150,12.5,,20,150,9
2032,1998,19980330,19980413,48,150,12.5,,20,150,9
2033,1998,19980330,19980413,49,150,12.5,,20,150,9
2034,1998,19980330,19980413,50,150,12.5,,20,150,9
2035,1998,19980330,19980413,51,150,12.5,,20,150,9
2036,1998,19980330,19980413,52,150,12.5,,20,150,9
2037,1998,19980330,19980413,53,150,12.5,,20,150,9
2038,1998,19980330,19980413,54,150,12.5,,20,150,9
2039,1998,19980330,19980413,55,150,12.5,,20,150,9
2040,1998,19980330,19980413,56,150,12.5,,20,150,9
2041,1998,19980330,19980413,57,150,12.5,,20,150,9
2042,1998,19980330,19980413,58,150,12.5,,20,150,9
2043,1998,19980330,19980413,59,150,12.5,,20,150,9
2044,1998,19980330,19980413,60,150,12.5,,20,150,9
2045,1998,19980330,19980413,61,150,12.5,,20,150,9
2046,1998,19980330,19980413,62,150,12.5,,20,150,9
2047,1998,19980330,19980413,63,150,12.5,,20,150,9
2048,1998,19980330,19980413,64,150,12.5,,20,150,9
2049,2002,20020409,20020429,1,,45,18,19,,8
2050,2002,20020409,20020429,2,,45,18,19,,8
2051,2002,20020409,20020429,3,,45,18,19,,8
2052,2002,20020409,20020429,4,,45,18,19,,8
2053,2002,20020409,20020429,5,,45,18,19,,8
2054,2002,20020409,20020429,6,,45,18,19,,8
2055,2002,20020409,20020429,7,,45,18,19,,8
2056,2002,20020409,20020429,8,,45,18,19,,8
2057,2002,20020409,20020429,9,,45,18,19,,8
2058,2002,20020409,20020429,10,,45,18,19,,8
2059,2002,20020409,20020429,11,,45,18,19,,8
2060,2002,20020409,20020429,12,,45,18,19,,8
2061,2002,20020409,20020429,13,,45,18,19,,8
2062,2002,20020409,20020429,14,,45,18,19,,8
2063,2002,20020409,20020429,15,,45,18,19,,8
2064,2002,20020409,20020429,16,,45,18,19,,8
2065,2002,20020409,20020429,17,,45,18,19,,8
2066,2002,20020409,20020429,18,,45,18,19,,8
2067,2002,20020409,20020429,19,,45,18,19,,8
2068,2002,20020409,20020429,20,,45,18,19,,8
2069,2002,20020409,20020429,21,,45,18,19,,8
2070,2002,20020409,20020429,22,,45,18,19,,8
2071,2002,20020409,20020429,23,,45,18,19,,8
2072,2002,20020409,20020429,24,,45,18,19,,8
2073,2002,20020409,20020429,25,,45,18,19,,8
2074,2002,20020409,20020429,26,,45,18,19,,8
2075,2002,20020409,20020429,27,,45,18,19,,8
2076,2002,20020409,20020429,28,,45,18,19,,8
2077,2002,20020409,20020429,29,,45,18,19,,8
2078,2002,20020409,20020429,30,,45,18,19,,8
2079,2002,20020409,20020429,31,,45,18,19,,8
2080,2002,20020409,20020429,32,,45,18,19,,8
2081,2002,20020409,20020429,33,,45,18,19,,8
2082,2002,20020409,20020429,34,,45,18,19,,8
2083,2002,20020409,20020429,35,,45,18,19,,8
2084,2002,20020409,20020429,36,,45,18,19,,8
2085,2002,20020409,20020429,37,,45,18,19,,8
2086,2002,20020409,20020429,38,,45,18,19,,8
2087,2002,20020409,20020429,39,,45,18,19,,8
2088,2002,20020409,20020429,40,,45,18,19,,8
2089,2002,20020409,20020429,41,,45,18,19,,8
2090,2002,20020409,20020429,42,,45,18,19,,8
2091,2002,20020409,20020429,43,,45,18,19,,8
2092,2002,20020409,20020429,44,,45,18,19,,8
2093,2002,20020409,20020429,45,,45,18,19,,8
2094,2002,20020409,20020429,46,,45,18,19,,8
2095,2002,20020409,20020429,47,,45,18,19,,8
2096,2002,20020409,20020429,48,,45,18,19,,8
2097,2002,20020409,20020429,49,,45,18,19,,8
2098,2002,20020409,20020429,50,,45,18,19,,8
2099,2002,20020409,20020429,51,,45,18,19,,8
2100,2002,20020409,20020429,52,,45,18,19,,8
2101,2002,20020409,20020429,53,,45,18,19,,8
2102,2002,20020409,20020429,54,,45,18,19,,8
2103,2002,20020409,20020429,55,,45,18,19,,8
2104,2002,20020409,20020429,56,,45,18,19,,8
2105,2002,20020409,20020429,57,,45,18,19,,8
2106,2002,20020409,20020429,58,,45,18,19,,8
2107,2002,20020409,20020429,59,,45,18,19,,8
2108,2002,20020409,20020429,60,,45,18,19,,8
2109,2002,20020409,20020429,61,,45,18,19,,8
2110,2002,20020409,20020429,62,,45,18,19,,8
2111,2002,20020409,20020429,63,,45,18,19,,8
2112,2002,20020409,20020429,64,,45,18,19,,8
