Ertrag_ID,Ernte_ID,Hp_Frischmasse,Hp_Trockenmasse,Hp_Trockensubstanzgehalt,Np_Frischmasse,Np_Trockenmasse,TKG
1,1,205.8,,19.6,,,
2,2,364.2,,19.6,,,
3,3,333.4,,19.6,,,
4,4,269.2,,19.6,,,
5,5,239.2,,20.1,,,
6,6,369.2,,20.1,,,
7,7,332.5,,20.1,,,
8,8,252.1,,20.1,,,
9,9,224.6,,21.1,,,
10,10,405.4,,21.1,,,
11,11,323.4,,21.1,,,
12,12,215.4,,21.1,,,
13,13,367.5,,18,,,
14,14,390.9,,18,,,
15,15,274.2,,18,,,
16,16,188.3,,18,,,
17,17,256.7,,21.2,,,
18,18,360,,21.2,,,
19,19,312.9,,21.2,,,
20,20,246.7,,21.2,,,
21,21,258.4,,20.5,,,
22,22,375,,20.5,,,
23,23,285,,20.5,,,
24,24,231.3,,20.5,,,
25,25,312.5,,20.7,,,
26,26,346.7,,20.7,,,
27,27,300.4,,20.7,,,
28,28,208.8,,20.7,,,
29,29,393.8,,18.1,,,
30,30,367.5,,18.1,,,
31,31,284.2,,18.1,,,
32,32,208.4,,18.1,,,
33,33,256.7,,20.4,,,
34,34,373.8,,20.4,,,
35,35,278.8,,20.4,,,
36,36,255.9,,20.4,,,
37,37,342.9,,18.8,,,
38,38,377.5,,18.8,,,
39,39,333.8,,18.8,,,
40,40,270.9,,18.8,,,
41,41,332.1,,19,,,
42,42,375.9,,19,,,
43,43,277.9,,19,,,
44,44,227.5,,19,,,
45,45,377.1,,18,,,
46,46,423,,18,,,
47,47,341.3,,18,,,
48,48,233.4,,18,,,
49,49,259.2,,20.6,,,
50,50,370,,20.6,,,
51,51,291.3,,20.6,,,
52,52,242.9,,20.6,,,
53,53,293.4,,20,,,
54,54,386.3,,20,,,
55,55,262.9,,20,,,
56,56,238.8,,20,,,
57,57,347.9,,18.3,,,
58,58,342.5,,18.3,,,
59,59,291.7,,18.3,,,
60,60,219.6,,18.3,,,
61,61,320.9,,16,,,
62,62,351.7,,16,,,
63,63,342.9,,16,,,
64,64,225.9,,16,,,
65,65,44.5,38.27,86,45,88.8,
66,66,56.6,48.676,86,66.7,88.8,
67,67,55.5,47.73,86,71.7,88.8,
68,68,53.3,45.838,86,72.7,88.8,
69,69,46.7,40.162,86,45,87.5,
70,70,58.4,50.224,86,70.8,87.5,
71,71,53.1,45.666,86,72.8,87.5,
72,72,51,43.86,86,73.4,87.5,
73,73,50.8,43.688,86,50.8,89.3,
74,74,58.9,50.654,86,68.8,89.3,
75,75,54.4,46.784,86,73,89.3,
76,76,54.1,46.526,86,77,89.3,
77,77,53.9,46.354,86,57.2,86.5,
78,78,56.5,48.59,86,72.3,86.5,
79,79,53.4,45.924,86,76.1,86.5,
80,80,52.5,45.15,86,76.4,86.5,
81,81,44.5,38.27,86,45,90,
82,82,56.6,48.676,86,66.7,90,
83,83,55.5,47.73,86,71.7,90,
84,84,53.3,45.838,86,72.7,90,
85,85,46.7,40.162,86,45,88.5,
86,86,58.4,50.224,86,70.8,88.5,
87,87,53.1,45.666,86,72.8,88.5,
88,88,51,43.86,86,73.4,88.5,
89,89,50.8,43.688,86,50.8,89.5,
90,90,58.9,50.654,86,68.8,89.5,
91,91,54.4,46.784,86,73,89.5,
92,92,54.1,46.526,86,77,89.5,
93,93,53.9,46.354,86,57.2,90.3,
94,94,56.5,48.59,86,72.3,90.3,
95,95,53.4,45.924,86,76.1,90.3,
96,96,52.5,45.15,86,76.4,90.3,
97,97,44.5,38.27,86,45,89.3,
98,98,56.6,48.676,86,66.7,89.3,
99,99,55.5,47.73,86,71.7,89.3,
100,100,53.3,45.838,86,72.7,89.3,
101,101,46.7,40.162,86,45,90.5,
102,102,58.4,50.224,86,70.8,90.5,
103,103,53.1,45.666,86,72.8,90.5,
104,104,51,43.86,86,73.4,90.5,
105,105,50.8,43.688,86,50.8,89.5,
106,106,58.9,50.654,86,68.8,89.5,
107,107,54.4,46.784,86,73,89.5,
108,108,54.1,46.526,86,77,89.5,
109,109,53.9,46.354,86,57.2,90.8,
110,110,56.5,48.59,86,72.3,90.8,
111,111,53.4,45.924,86,76.1,90.8,
112,112,52.5,45.15,86,76.4,90.8,
113,113,44.5,38.27,86,45,89.8,
114,114,56.6,48.676,86,66.7,89.8,
115,115,55.5,47.73,86,71.7,89.8,
116,116,53.3,45.838,86,72.7,89.8,
117,117,46.7,40.162,86,45,91.3,
118,118,58.4,50.224,86,70.8,91.3,
119,119,53.1,45.666,86,72.8,91.3,
120,120,51,43.86,86,73.4,91.3,
121,121,50.8,43.688,86,50.8,88,
122,122,58.9,50.654,86,68.8,88,
123,123,54.4,46.784,86,73,88,
124,124,54.1,46.526,86,77,88,
125,125,53.9,46.354,86,57.2,88.3,
126,126,56.5,48.59,86,72.3,88.3,
127,127,53.4,45.924,86,76.1,88.3,
128,128,52.5,45.15,86,76.4,88.3,
129,129,,,,210.2,,
130,130,,,,355.8,,
131,131,,,,449.1,,
132,132,,,,478.4,,
133,133,,,,248.8,,
134,134,,,,402.5,,
135,135,,,,481.5,,
136,136,,,,506.1,,
137,137,,,,290.5,,
138,138,,,,422.9,,
139,139,,,,500.3,,
140,140,,,,503.2,,
141,141,,,,305.8,,
142,142,,,,444.9,,
143,143,,,,484.7,,
144,144,,,,497,,
145,145,,,,210.2,,
146,146,,,,355.8,,
147,147,,,,449.1,,
148,148,,,,478.4,,
149,149,,,,248.8,,
150,150,,,,402.5,,
151,151,,,,481.5,,
152,152,,,,506.1,,
153,153,,,,290.5,,
154,154,,,,422.9,,
155,155,,,,500.3,,
156,156,,,,503.2,,
157,157,,,,305.8,,
158,158,,,,444.9,,
159,159,,,,484.7,,
160,160,,,,497,,
161,161,,,,210.2,,
162,162,,,,355.8,,
163,163,,,,449.1,,
164,164,,,,478.4,,
165,165,,,,248.8,,
166,166,,,,402.5,,
167,167,,,,481.5,,
168,168,,,,506.1,,
169,169,,,,290.5,,
170,170,,,,422.9,,
171,171,,,,500.3,,
172,172,,,,503.2,,
173,173,,,,305.8,,
174,174,,,,444.9,,
175,175,,,,484.7,,
176,176,,,,497,,
177,177,,,,210.2,,
178,178,,,,355.8,,
179,179,,,,449.1,,
180,180,,,,478.4,,
181,181,,,,248.8,,
182,182,,,,402.5,,
183,183,,,,481.5,,
184,184,,,,506.1,,
185,185,,,,290.5,,
186,186,,,,422.9,,
187,187,,,,500.3,,
188,188,,,,503.2,,
189,189,,,,305.8,,
190,190,,,,444.9,,
191,191,,,,484.7,,
192,192,,,,497,,
193,193,288,,19,,,
194,194,405.4,,19,,,
195,195,412.5,,19,,,
196,196,412.6,,19,,,
197,197,350.4,,15.7,,,
198,198,357.7,,15.7,,,
199,199,407.3,,15.7,,,
200,200,421.8,,15.7,,,
201,201,345.7,,14,,,
202,202,415.6,,14,,,
203,203,417.5,,14,,,
204,204,413.9,,14,,,
205,205,381.5,,14,,,
206,206,424.7,,14,,,
207,207,421.5,,14,,,
208,208,397.4,,14,,,
209,209,288,,18.6,,,
210,210,405.4,,18.6,,,
211,211,412.5,,18.6,,,
212,212,412.6,,18.6,,,
213,213,350.4,,15.8,,,
214,214,357.7,,15.8,,,
215,215,407.3,,15.8,,,
216,216,421.8,,15.8,,,
217,217,345.7,,18.3,,,
218,218,415.6,,18.3,,,
219,219,417.5,,18.3,,,
220,220,413.9,,18.3,,,
221,221,381.5,,15.1,,,
222,222,424.7,,15.1,,,
223,223,421.5,,15.1,,,
224,224,397.4,,15.1,,,
225,225,288,,14.2,,,
226,226,405.4,,14.2,,,
227,227,412.5,,14.2,,,
228,228,412.6,,14.2,,,
229,229,350.4,,13.5,,,
230,230,357.7,,13.5,,,
231,231,407.3,,13.5,,,
232,232,421.8,,13.5,,,
233,233,345.7,,14.8,,,
234,234,415.6,,14.8,,,
235,235,417.5,,14.8,,,
236,236,413.9,,14.8,,,
237,237,381.5,,13.3,,,
238,238,424.7,,13.3,,,
239,239,421.5,,13.3,,,
240,240,397.4,,13.3,,,
241,241,288,,16.2,,,
242,242,405.4,,16.2,,,
243,243,412.5,,16.2,,,
244,244,412.6,,16.2,,,
245,245,350.4,,14.5,,,
246,246,357.7,,14.5,,,
247,247,407.3,,14.5,,,
248,248,421.8,,14.5,,,
249,249,345.7,,14.2,,,
250,250,415.6,,14.2,,,
251,251,417.5,,14.2,,,
252,252,413.9,,14.2,,,
253,253,381.5,,13.8,,,
254,254,424.7,,13.8,,,
255,255,421.5,,13.8,,,
256,256,397.4,,13.8,,,
257,257,23.9,20.554,86,27.7,61.5,
258,258,41.2,35.432,86,42.7,61.5,
259,259,48.5,41.71,86,49.3,61.5,
260,260,50.8,43.688,86,56.1,61.5,
261,261,28.6,24.596,86,31.6,64.8,
262,262,41,35.26,86,44.3,64.8,
263,263,50.2,43.172,86,57.5,64.8,
264,264,46.8,40.248,86,61.4,64.8,
265,265,32.3,27.778,86,32.6,68.3,
266,266,44.5,38.27,86,48.1,68.3,
267,267,52.5,45.15,86,59.1,68.3,
268,268,49.1,42.226,86,62.7,68.3,
269,269,33.1,28.466,86,35.2,74.3,
270,270,46.4,39.904,86,51.5,74.3,
271,271,51.7,44.462,86,63.5,74.3,
272,272,47,40.42,86,61.9,74.3,
273,273,23.9,20.554,86,27.7,56.5,
274,274,41.2,35.432,86,42.7,56.5,
275,275,48.5,41.71,86,49.3,56.5,
276,276,50.8,43.688,86,56.1,56.5,
277,277,28.6,24.596,86,31.6,60.8,
278,278,41,35.26,86,44.3,60.8,
279,279,50.2,43.172,86,57.5,60.8,
280,280,46.8,40.248,86,61.4,60.8,
281,281,32.3,27.778,86,32.6,63.8,
282,282,44.5,38.27,86,48.1,63.8,
283,283,52.5,45.15,86,59.1,63.8,
284,284,49.1,42.226,86,62.7,63.8,
285,285,33.1,28.466,86,35.2,64.5,
286,286,46.4,39.904,86,51.5,64.5,
287,287,51.7,44.462,86,63.5,64.5,
288,288,47,40.42,86,61.9,64.5,
289,289,23.9,20.554,86,27.7,58.3,
290,290,41.2,35.432,86,42.7,58.3,
291,291,48.5,41.71,86,49.3,58.3,
292,292,50.8,43.688,86,56.1,58.3,
293,293,28.6,24.596,86,31.6,69.5,
294,294,41,35.26,86,44.3,69.5,
295,295,50.2,43.172,86,57.5,69.5,
296,296,46.8,40.248,86,61.4,69.5,
297,297,32.3,27.778,86,32.6,72.5,
298,298,44.5,38.27,86,48.1,72.5,
299,299,52.5,45.15,86,59.1,72.5,
300,300,49.1,42.226,86,62.7,72.5,
301,301,33.1,28.466,86,35.2,73.3,
302,302,46.4,39.904,86,51.5,73.3,
303,303,51.7,44.462,86,63.5,73.3,
304,304,47,40.42,86,61.9,73.3,
305,305,23.9,20.554,86,27.7,55.5,
306,306,41.2,35.432,86,42.7,55.5,
307,307,48.5,41.71,86,49.3,55.5,
308,308,50.8,43.688,86,56.1,55.5,
309,309,28.6,24.596,86,31.6,63,
310,310,41,35.26,86,44.3,63,
311,311,50.2,43.172,86,57.5,63,
312,312,46.8,40.248,86,61.4,63,
313,313,32.3,27.778,86,32.6,63.3,
314,314,44.5,38.27,86,48.1,63.3,
315,315,52.5,45.15,86,59.1,63.3,
316,316,49.1,42.226,86,62.7,63.3,
317,317,33.1,28.466,86,35.2,73,
318,318,46.4,39.904,86,51.5,73,
319,319,51.7,44.462,86,63.5,73,
320,320,47,40.42,86,61.9,73,
321,321,124.2,,22.4,,,
322,322,156.1,,22.4,,,
323,323,159.3,,22.4,,,
324,324,162.1,,22.4,,,
325,325,134.1,,23.6,,,
326,326,163.2,,23.6,,,
327,327,164,,23.6,,,
328,328,170,,23.6,,,
329,329,161.4,,23.4,,,
330,330,172.4,,23.4,,,
331,331,176.1,,23.4,,,
332,332,157.2,,23.4,,,
333,333,159.1,,22.8,,,
334,334,182.8,,22.8,,,
335,335,170.9,,22.8,,,
336,336,161.6,,22.8,,,
337,337,124.2,,23.1,,,
338,338,156.1,,23.1,,,
339,339,159.3,,23.1,,,
340,340,162.1,,23.1,,,
341,341,134.1,,23.5,,,
342,342,163.2,,23.5,,,
343,343,164,,23.5,,,
344,344,170,,23.5,,,
345,345,161.4,,23.2,,,
346,346,172.4,,23.2,,,
347,347,176.1,,23.2,,,
348,348,157.2,,23.2,,,
349,349,159.1,,22.6,,,
350,350,182.8,,22.6,,,
351,351,170.9,,22.6,,,
352,352,161.6,,22.6,,,
353,353,124.2,,23.9,,,
354,354,156.1,,23.9,,,
355,355,159.3,,23.9,,,
356,356,162.1,,23.9,,,
357,357,134.1,,23.8,,,
358,358,163.2,,23.8,,,
359,359,164,,23.8,,,
360,360,170,,23.8,,,
361,361,161.4,,23.9,,,
362,362,172.4,,23.9,,,
363,363,176.1,,23.9,,,
364,364,157.2,,23.9,,,
365,365,159.1,,23,,,
366,366,182.8,,23,,,
367,367,170.9,,23,,,
368,368,161.6,,23,,,
369,369,124.2,,24.2,,,
370,370,156.1,,24.2,,,
371,371,159.3,,24.2,,,
372,372,162.1,,24.2,,,
373,373,134.1,,24.2,,,
374,374,163.2,,24.2,,,
375,375,164,,24.2,,,
376,376,170,,24.2,,,
377,377,161.4,,23.2,,,
378,378,172.4,,23.2,,,
379,379,176.1,,23.2,,,
380,380,157.2,,23.2,,,
381,381,159.1,,23.2,,,
382,382,182.8,,23.2,,,
383,383,170.9,,23.2,,,
384,384,161.6,,23.2,,,
385,385,54.9,47.214,86,46.8,,
386,386,63.4,54.524,86,48.2,,
387,387,68.8,59.168,86,62.6,,
388,388,69.8,60.028,86,60.3,,
389,389,64.6,55.556,86,45.4,,
390,390,63.7,54.782,86,67.3,,
391,391,69.2,59.512,86,74.1,,
392,392,66.4,57.104,86,70.6,,
393,393,55.7,47.902,86,49.3,,
394,394,68.5,58.91,86,61.1,,
395,395,69.2,59.512,86,68.8,,
396,396,62.6,53.836,86,83.7,,
397,397,61.4,52.804,86,52.9,,
398,398,68,58.48,86,62.9,,
399,399,71.8,61.748,86,69.8,,
400,400,67.6,58.136,86,79.4,,
401,401,56.5,48.59,86,45.9,,
402,402,71.1,61.146,86,72.3,,
403,403,69.9,60.114,86,71.4,,
404,404,68.6,58.996,86,69.2,,
405,405,66.9,57.534,86,51.7,,
406,406,65.4,56.244,86,51.1,,
407,407,71.9,61.834,86,76.7,,
408,408,66.6,57.276,86,79.4,,
409,409,64.2,55.212,86,60.1,,
410,410,72.1,62.006,86,70.2,,
411,411,68.6,58.996,86,75,,
412,412,75,64.5,86,81.1,,
413,413,66,56.76,86,62.6,,
414,414,74.8,64.328,86,76.6,,
415,415,71.6,61.576,86,73.2,,
416,416,71.5,61.49,86,76.7,,
417,417,50.7,43.602,86,46.8,,
418,418,68,58.48,86,63.3,,
419,419,72.8,62.608,86,69.7,,
420,420,72.4,62.264,86,77.2,,
421,421,53.1,45.666,86,48.1,,
422,422,64.2,55.212,86,68.2,,
423,423,71.7,61.662,86,69,,
424,424,66.5,57.19,86,71.4,,
425,425,72.8,62.608,86,62.8,,
426,426,65.9,56.674,86,72.1,,
427,427,68.9,59.254,86,75.9,,
428,428,68.9,59.254,86,81.1,,
429,429,70.6,60.716,86,51.2,,
430,430,65.8,56.588,86,70.2,,
431,431,68.5,58.91,86,73.2,,
432,432,71.3,61.318,86,80.3,,
433,433,58.2,50.052,86,52.9,,
434,434,70.4,60.544,86,66.9,,
435,435,72.4,62.264,86,69.7,,
436,436,74.1,63.726,86,76.3,,
437,437,63.6,54.696,86,57.9,,
438,438,74.8,64.328,86,52.9,,
439,439,71,61.06,86,68.1,,
440,440,68.4,58.824,86,77.6,,
441,441,67.5,58.05,86,66.4,,
442,442,72.6,62.436,86,69.3,,
443,443,70.2,60.372,86,76.7,,
444,444,73.8,63.468,86,72.4,,
445,445,57.7,49.622,86,61.7,,
446,446,67,57.62,86,75.7,,
447,447,70.4,60.544,86,69.8,,
448,448,65.2,56.072,86,80.3,,
449,449,,,,210.6,,
450,450,,,,382.5,,
451,451,,,,557.1,,
452,452,,,,616.9,,
453,453,,,,330.7,,
454,454,,,,419,,
455,455,,,,617.5,,
456,456,,,,615.3,,
457,457,,,,398.9,,
458,458,,,,481.5,,
459,459,,,,667.2,,
460,460,,,,690,,
461,461,,,,495.2,,
462,462,,,,563.5,,
463,463,,,,641.3,,
464,464,,,,734.4,,
465,465,,,,229.1,,
466,466,,,,416.4,,
467,467,,,,577.8,,
468,468,,,,614.8,,
469,469,,,,279.4,,
470,470,,,,423.3,,
471,471,,,,574.1,,
472,472,,,,647.6,,
473,473,,,,375.7,,
474,474,,,,542.9,,
475,475,,,,619.6,,
476,476,,,,734.4,,
477,477,,,,445,,
478,478,,,,615.3,,
479,479,,,,620.1,,
480,480,,,,672,,
481,481,,,,247.6,,
482,482,,,,416.9,,
483,483,,,,536.5,,
484,484,,,,588.9,,
485,485,,,,351.8,,
486,486,,,,455,,
487,487,,,,560.8,,
488,488,,,,639.7,,
489,489,,,,363,,
490,490,,,,528,,
491,491,,,,612.7,,
492,492,,,,688.9,,
493,493,,,,468.8,,
494,494,,,,530.2,,
495,495,,,,590.5,,
496,496,,,,632.8,,
497,497,,,,261.4,,
498,498,,,,357.1,,
499,499,,,,513.8,,
500,500,,,,611.1,,
501,501,,,,284.7,,
502,502,,,,382.5,,
503,503,,,,610,,
504,504,,,,623.3,,
505,505,,,,394.7,,
506,506,,,,537.6,,
507,507,,,,627.5,,
508,508,,,,640.7,,
509,509,,,,447.6,,
510,510,,,,564,,
511,511,,,,659.8,,
512,512,,,,638.1,,
513,513,304,,,,,
514,514,467.4,,,,,
515,515,539.8,,,,,
516,516,541.6,,,,,
517,517,387.3,,,,,
518,518,505.8,,,,,
519,519,534.1,,,,,
520,520,500.4,,,,,
521,521,519.7,,,,,
522,522,520.3,,,,,
523,523,583.5,,,,,
524,524,554.8,,,,,
525,525,667.1,,,,,
526,526,609,,,,,
527,527,532.4,,,,,
528,528,579.9,,,,,
529,529,290.4,,,,,
530,530,496.9,,,,,
531,531,557.6,,,,,
532,532,617.9,,,,,
533,533,429.8,,,,,
534,534,539.8,,,,,
535,535,521.7,,,,,
536,536,557.3,,,,,
537,537,536,,,,,
538,538,531.4,,,,,
539,539,570,,,,,
540,540,551,,,,,
541,541,628.1,,,,,
542,542,580.9,,,,,
543,543,545.3,,,,,
544,544,655.8,,,,,
545,545,378.1,,,,,
546,546,432,,,,,
547,547,536.8,,,,,
548,548,562.2,,,,,
549,549,448.9,,,,,
550,550,533.8,,,,,
551,551,594.8,,,,,
552,552,611.3,,,,,
553,553,495.1,,,,,
554,554,544.4,,,,,
555,555,553.7,,,,,
556,556,586,,,,,
557,557,624.3,,,,,
558,558,605.6,,,,,
559,559,632.1,,,,,
560,560,549.6,,,,,
561,561,372.2,,,,,
562,562,466.4,,,,,
563,563,485.3,,,,,
564,564,557.3,,,,,
565,565,395.2,,,,,
566,566,511.7,,,,,
567,567,611.6,,,,,
568,568,493.6,,,,,
569,569,469.4,,,,,
570,570,465.5,,,,,
571,571,553.7,,,,,
572,572,567.5,,,,,
573,573,504.7,,,,,
574,574,533.9,,,,,
575,575,571.1,,,,,
576,576,507.2,,,,,
577,577,29.65,25.499,86,22.8,,
578,578,38.87,33.4282,86,36,,
579,579,49.8,42.828,86,38.4,,
580,580,58.2,50.052,86,46.5,,
581,581,34,29.24,86,26,,
582,582,42.8,36.808,86,29.2,,
583,583,53.2,45.752,86,42.1,,
584,584,63.4,54.524,86,61.6,,
585,585,40.3,34.658,86,31.3,,
586,586,53.4,45.924,86,47.9,,
587,587,59.9,51.514,86,64,,
588,588,63.2,54.352,86,69.7,,
589,589,45.7,39.302,86,35.2,,
590,590,56,48.16,86,57,,
591,591,61.2,52.632,86,73.6,,
592,592,62.2,53.492,86,69.7,,
593,593,36.98,31.8028,86,20.6,,
594,594,50,43,86,38,,
595,595,58.2,50.052,86,48.7,,
596,596,64.6,55.556,86,55.2,,
597,597,40.2,34.572,86,21.5,,
598,598,50.8,43.688,86,40,,
599,599,60.5,52.03,86,49.9,,
600,600,65.8,56.588,86,67.8,,
601,601,39,33.54,86,30.7,,
602,602,54.2,46.612,86,43.2,,
603,603,65.6,56.416,86,48.6,,
604,604,61.9,53.234,86,71.7,,
605,605,48.4,41.624,86,34.6,,
606,606,65.4,56.244,86,73.9,,
607,607,66.9,57.534,86,57.3,,
608,608,63,54.18,86,69,,
609,609,27.41,23.5726,86,22.8,,
610,610,43.2,37.152,86,26.3,,
611,611,49.4,42.484,86,52.5,,
612,612,58.8,50.568,86,53.5,,
613,613,39.6,34.056,86,31.2,,
614,614,48.3,41.538,86,38.8,,
615,615,55.1,47.386,86,52.3,,
616,616,60.9,52.374,86,61.6,,
617,617,40.4,34.744,86,36.3,,
618,618,51.1,43.946,86,40.2,,
619,619,64.9,55.814,86,66.8,,
620,620,63.1,54.266,86,85.9,,
621,621,51.1,43.946,86,38,,
622,622,54,46.44,86,48.9,,
623,623,56.5,48.59,86,56.6,,
624,624,63.4,54.524,86,82,,
625,625,32.16,27.6576,86,19.4,,
626,626,40.3,34.658,86,32.5,,
627,627,52.1,44.806,86,40.6,,
628,628,57.6,49.536,86,68,,
629,629,34.4,29.584,86,22.6,,
630,630,42.2,36.292,86,32.2,,
631,631,54.9,47.214,86,43.3,,
632,632,63.1,54.266,86,56.7,,
633,633,45.2,38.872,86,60.1,,
634,634,52.7,45.322,86,39,,
635,635,56.3,48.418,86,50.8,,
636,636,64.6,55.556,86,59.5,,
637,637,50.6,43.516,86,38.6,,
638,638,59,50.74,86,62.6,,
639,639,61.2,52.632,86,68.2,,
640,640,63.9,54.954,86,77.7,,
641,641,205.8,,22,,,
642,642,256.9,,22,,,
643,643,263.5,,22,,,
644,644,271.9,,22,,,
645,645,214.2,,23.2,,,
646,646,244,,23.2,,,
647,647,281.7,,23.2,,,
648,648,255.1,,23.2,,,
649,649,210.6,,23.6,,,
650,650,302.2,,23.6,,,
651,651,254.2,,23.6,,,
652,652,284,,23.6,,,
653,653,253.3,,22,,,
654,654,263.5,,22,,,
655,655,303.1,,22,,,
656,656,261.3,,22,,,
657,657,211.1,,22.7,,,
658,658,270.2,,22.7,,,
659,659,262.2,,22.7,,,
660,660,271.9,,22.7,,,
661,661,214.2,,23,,,
662,662,262.6,,23,,,
663,663,270.2,,23,,,
664,664,271.5,,23,,,
665,665,261.8,,22.7,,,
666,666,282.6,,22.7,,,
667,667,297.7,,22.7,,,
668,668,286.6,,22.7,,,
669,669,287.1,,22.6,,,
670,670,299.5,,22.6,,,
671,671,301.3,,22.6,,,
672,672,287.1,,22.6,,,
673,673,176.4,,22.2,,,
674,674,279.5,,22.2,,,
675,675,280.9,,22.2,,,
676,676,292,,22.2,,,
677,677,231.1,,22.2,,,
678,678,278.6,,22.2,,,
679,679,247.5,,22.2,,,
680,680,243.5,,22.2,,,
681,681,214.6,,21.7,,,
682,682,312.4,,21.7,,,
683,683,306.2,,21.7,,,
684,684,280.9,,21.7,,,
685,685,300.4,,21.8,,,
686,686,287.5,,21.8,,,
687,687,296.9,,21.8,,,
688,688,262.2,,21.8,,,
689,689,210.2,,23,,,
690,690,266.2,,23,,,
691,691,270.2,,23,,,
692,692,281.3,,23,,,
693,693,223.1,,22.7,,,
694,694,249.3,,22.7,,,
695,695,246.2,,22.7,,,
696,696,242.2,,22.7,,,
697,697,266.2,,22.2,,,
698,698,299.1,,22.2,,,
699,699,258.6,,22.2,,,
700,700,262.2,,22.2,,,
701,701,265.8,,21.6,,,
702,702,315.5,,21.6,,,
703,703,303.5,,21.6,,,
704,704,296.8,,21.6,,,
705,705,36.6,31.476,86,36.6,86.1,
706,706,37.3,32.078,86,37.3,86.1,
707,707,41.5,35.69,86,41.5,86.1,
708,708,52.2,44.892,86,52.5,86.1,
709,709,36,30.96,86,36,86.4,
710,710,43.1,37.066,86,43.1,86.4,
711,711,43.2,37.152,86,43.2,86.4,
712,712,43.1,37.066,86,43.1,86.4,
713,713,42.8,36.808,86,42.8,86.6,
714,714,46.8,40.248,86,46.8,86.6,
715,715,47.3,40.678,86,47.3,86.6,
716,716,46.6,40.076,86,46.6,86.6,
717,717,45.4,39.044,86,45.4,86.5,
718,718,44.8,38.528,86,44.8,86.5,
719,719,46.5,39.99,86,46.5,86.5,
720,720,41.5,35.69,86,41.5,86.5,
721,721,37.5,32.25,86,37.5,86.4,
722,722,46.1,39.646,86,46.1,86.4,
723,723,48,41.28,86,48,86.4,
724,724,39.5,33.97,86,39.5,86.4,
725,725,42.4,36.464,86,42.4,86.1,
726,726,45.5,39.13,86,45.5,86.1,
727,727,47.6,40.936,86,47.6,86.1,
728,728,44.6,38.356,86,44.6,86.1,
729,729,42,36.12,86,42,86.6,
730,730,49.8,42.828,86,49.8,86.6,
731,731,47.2,40.592,86,47.2,86.6,
732,732,44.9,38.614,86,44.9,86.6,
733,733,51.9,44.634,86,51.9,86.4,
734,734,47.1,40.506,86,47.1,86.4,
735,735,45.6,39.216,86,45.6,86.4,
736,736,53.5,46.01,86,53.5,86.4,
737,737,30.8,26.488,86,30.8,86.3,
738,738,47.2,40.592,86,47.2,86.3,
739,739,47.8,41.108,86,47.8,86.3,
740,740,42.2,36.292,86,42.4,86.3,
741,741,38.2,32.852,86,38.2,86.4,
742,742,48.4,41.624,86,48.4,86.4,
743,743,43.2,37.152,86,43.2,86.4,
744,744,44.7,38.442,86,44.7,86.4,
745,745,37.2,31.992,86,37.2,86.6,
746,746,44.1,37.926,86,44.1,86.6,
747,747,43.7,37.582,86,43.7,86.6,
748,748,44.8,38.528,86,44.8,86.6,
749,749,39.6,34.056,86,39.6,86.4,
750,750,45.4,39.044,86,45.4,86.4,
751,751,43.4,37.324,86,43.4,86.4,
752,752,44.3,38.098,86,44.3,86.4,
753,753,38.9,33.454,86,38.9,86.2,
754,754,44.1,37.926,86,44.1,86.2,
755,755,43.8,37.668,86,43.8,86.2,
756,756,47.4,40.764,86,47.4,86.2,
757,757,41.1,35.346,86,41.1,86.5,
758,758,44.5,38.27,86,44.5,86.5,
759,759,48.9,42.054,86,48.9,86.5,
760,760,45.1,38.786,86,45.1,86.5,
761,761,44.1,37.926,86,44.1,86.2,
762,762,46.9,40.334,86,46.9,86.2,
763,763,43.6,37.496,86,43.6,86.2,
764,764,47.7,41.022,86,47.7,86.2,
765,765,49.5,42.57,86,49.5,86.2,
766,766,43.1,37.066,86,43.1,86.2,
767,767,41.2,35.432,86,41.2,86.2,
768,768,36.5,31.39,86,36.5,86.2,
769,769,,,,339.2,,
770,770,,,,540.7,,
771,771,,,,812.7,,
772,772,,,,922.2,,
773,773,,,,374.6,,
774,774,,,,698.9,,
775,775,,,,798.4,,
776,776,,,,867.7,,
777,777,,,,500.5,,
778,778,,,,705.3,,
779,779,,,,853.4,,
780,780,,,,921.7,,
781,781,,,,620.6,,
782,782,,,,797.4,,
783,783,,,,938.6,,
784,784,,,,949.2,,
785,785,,,,396.8,,
786,786,,,,608.5,,
787,787,,,,722.2,,
788,788,,,,913.2,,
789,789,,,,518,,
790,790,,,,697.4,,
791,791,,,,847.6,,
792,792,,,,925.4,,
793,793,,,,487.8,,
794,794,,,,831.2,,
795,795,,,,844.4,,
796,796,,,,973,,
797,797,,,,591.5,,
798,798,,,,816.4,,
799,799,,,,891.5,,
800,800,,,,852.4,,
801,801,,,,347.1,,
802,802,,,,528,,
803,803,,,,799.5,,
804,804,,,,849.7,,
805,805,,,,432.8,,
806,806,,,,645.5,,
807,807,,,,872.5,,
808,808,,,,939.2,,
809,809,,,,734.4,,
810,810,,,,795.8,,
811,811,,,,882.5,,
812,812,,,,966.7,,
813,813,,,,680.4,,
814,814,,,,752.9,,
815,815,,,,829.6,,
816,816,,,,929.1,,
817,817,,,,329.1,,
818,818,,,,613.2,,
819,819,,,,804.2,,
820,820,,,,952.4,,
821,821,,,,409,,
822,822,,,,702.1,,
823,823,,,,905.3,,
824,824,,,,898.4,,
825,825,,,,617.5,,
826,826,,,,790.5,,
827,827,,,,921.2,,
828,828,,,,923.3,,
829,829,,,,881.5,,
830,830,,,,923.8,,
831,831,,,,845.5,,
832,832,,,,966.7,,
833,833,393.3,,14.6,,,
834,834,473,,14.6,,,
835,835,542.1,,14.6,,,
836,836,524.2,,14.6,,,
837,837,423.3,,14.3,,,
838,838,575.5,,14.3,,,
839,839,547.9,,14.3,,,
840,840,512.6,,14.3,,,
841,841,508.6,,12.9,,,
842,842,560,,12.9,,,
843,843,556.1,,12.9,,,
844,844,564.8,,12.9,,,
845,845,563.3,,12.5,,,
846,846,573.1,,12.5,,,
847,847,555.2,,12.5,,,
848,848,559.5,,12.5,,,
849,849,436.2,,15.8,,,
850,850,562.9,,15.8,,,
851,851,550.8,,15.8,,,
852,852,535.3,,15.8,,,
853,853,451,,14.2,,,
854,854,532,,14.2,,,
855,855,512.6,,14.2,,,
856,856,572.1,,14.2,,,
857,857,559,,13,,,
858,858,569.7,,13,,,
859,859,548.9,,13,,,
860,860,540.7,,13,,,
861,861,538.1,,13.1,,,
862,862,541.6,,13.1,,,
863,863,529,,13.1,,,
864,864,591.4,,13.1,,,
865,865,434.3,,15.3,,,
866,866,505.2,,15.3,,,
867,867,518.3,,15.3,,,
868,868,530.1,,15.3,,,
869,869,492.2,,13.4,,,
870,870,559.3,,13.4,,,
871,871,567.7,,13.4,,,
872,872,551.7,,13.4,,,
873,873,541.1,,13.2,,,
874,874,568.2,,13.2,,,
875,875,594.1,,13.2,,,
876,876,599.2,,13.2,,,
877,877,561.3,,12.2,,,
878,878,638.3,,12.2,,,
879,879,579,,12.2,,,
880,880,567.3,,12.2,,,
881,881,424.9,,14.4,,,
882,882,504.2,,14.4,,,
883,883,551.3,,14.4,,,
884,884,546.6,,14.4,,,
885,885,515.1,,12,,,
886,886,567.3,,12,,,
887,887,567.3,,12,,,
888,888,573.8,,12,,,
889,889,564.9,,12,,,
890,890,581.4,,12,,,
891,891,584.7,,12,,,
892,892,556,,12,,,
893,893,616,,11.7,,,
894,894,601.1,,11.7,,,
895,895,594.5,,11.7,,,
896,896,585.1,,11.7,,,
897,897,39.6,34.056,86,39.6,80.9,
898,898,49.8,42.828,86,49.8,80.9,
899,899,62.7,53.922,86,62.7,80.9,
900,900,65.4,56.244,86,65.4,80.9,
901,901,41.3,35.518,86,41.3,80.6,
902,902,57.6,49.536,86,57.6,80.6,
903,903,64.4,55.384,86,64.4,80.6,
904,904,66.6,57.276,86,66.6,80.6,
905,905,53.1,45.666,86,53.1,80.3,
906,906,60.8,52.288,86,60.8,80.3,
907,907,65.9,56.674,86,65.9,80.3,
908,908,65.1,55.986,86,65.1,80.3,
909,909,60.9,52.374,86,60.9,79.8,
910,910,61.4,52.804,86,61.4,79.8,
911,911,64.9,55.814,86,64.9,79.8,
912,912,61.8,53.148,86,61.8,79.8,
913,913,45.1,38.786,86,45.1,80.9,
914,914,58.4,50.224,86,58.4,80.9,
915,915,61.9,53.234,86,61.9,80.9,
916,916,68.5,58.91,86,68.5,80.9,
917,917,51,43.86,86,51,80.5,
918,918,60.6,52.116,86,60.6,80.5,
919,919,67,57.62,86,67,80.5,
920,920,61.9,53.234,86,61.9,80.5,
921,921,53.4,45.924,86,53.4,79.6,
922,922,67.4,57.964,86,67.4,79.6,
923,923,66.1,56.846,86,66.1,79.6,
924,924,63.1,54.266,86,63.1,79.6,
925,925,60,51.6,86,60,78.9,
926,926,69.2,59.512,86,69.2,78.9,
927,927,65.7,56.502,86,65.7,78.9,
928,928,61.6,52.976,86,61.6,78.9,
929,929,43,36.98,86,43,80.3,
930,930,52,44.72,86,52,80.3,
931,931,63,54.18,86,63,80.3,
932,932,62.8,54.008,86,62.8,80.3,
933,933,52.7,45.322,86,52.7,79.9,
934,934,60.3,51.858,86,60.3,79.9,
935,935,60.2,51.772,86,60.2,79.9,
936,936,51.6,44.376,86,51.6,79.9,
937,937,52.2,44.892,86,52.2,79.3,
938,938,60.4,51.944,86,60.4,79.3,
939,939,61.7,53.062,86,61.7,79.3,
940,940,49.2,42.312,86,49.2,79.3,
941,941,62,53.32,86,62,79.8,
942,942,70.3,60.458,86,70.3,79.8,
943,943,71,61.06,86,71,79.8,
944,944,49.5,42.57,86,49.5,79.8,
945,945,43.3,37.238,86,43.3,80.5,
946,946,58.8,50.568,86,58.8,80.5,
947,947,66.5,57.19,86,66.5,80.5,
948,948,54.1,46.526,86,54.1,80.5,
949,949,48,41.28,86,48,80.5,
950,950,62.3,53.578,86,62.3,80.5,
951,951,63.7,54.782,86,63.7,80.5,
952,952,50.6,43.516,86,50.6,80.5,
953,953,54.2,46.612,86,54.2,79.8,
954,954,65.3,56.158,86,65.3,79.8,
955,955,58.6,50.396,86,58.6,79.8,
956,956,49.5,42.57,86,49.5,79.8,
957,957,54.5,46.87,86,54.5,78.3,
958,958,64.7,55.642,86,64.7,78.3,
959,959,57.9,49.794,86,57.9,78.3,
960,960,46.4,39.904,86,46.4,78.3,
961,961,190.9,,22.8,,,
962,962,255.8,,22.8,,,
963,963,304.8,,22.8,,,
964,964,295.2,,22.8,,,
965,965,212.7,,23.8,,,
966,966,268.5,,23.8,,,
967,967,323.6,,23.8,,,
968,968,330.9,,23.8,,,
969,969,245.4,,23.8,,,
970,970,349.7,,23.8,,,
971,971,337,,23.8,,,
972,972,357.6,,23.8,,,
973,973,235.2,,23.9,,,
974,974,330.9,,23.9,,,
975,975,351.5,,23.9,,,
976,976,326.1,,23.9,,,
977,977,206.7,,22.1,,,
978,978,290.9,,22.1,,,
979,979,306.7,,22.1,,,
980,980,335.8,,22.1,,,
981,981,215.8,,23.6,,,
982,982,298.2,,23.6,,,
983,983,343.6,,23.6,,,
984,984,326.1,,23.6,,,
985,985,227.3,,22.5,,,
986,986,310.9,,22.5,,,
987,987,325.4,,22.5,,,
988,988,357.6,,22.5,,,
989,989,247.9,,23.2,,,
990,990,310.9,,23.2,,,
991,991,335.2,,23.2,,,
992,992,360,,23.2,,,
993,993,218.8,,22.5,,,
994,994,326.7,,22.5,,,
995,995,385.4,,22.5,,,
996,996,358.2,,22.5,,,
997,997,255.8,,22.6,,,
998,998,352.7,,22.6,,,
999,999,374.5,,22.6,,,
1000,1000,388.5,,22.6,,,
1001,1001,275.8,,22.5,,,
1002,1002,361.2,,22.5,,,
1003,1003,407.3,,22.5,,,
1004,1004,359.4,,22.5,,,
1005,1005,313.9,,22.1,,,
1006,1006,350.9,,22.1,,,
1007,1007,375.8,,22.1,,,
1008,1008,421.2,,22.1,,,
1009,1009,250.3,,22.5,,,
1010,1010,353.9,,22.5,,,
1011,1011,366.1,,22.5,,,
1012,1012,380,,22.5,,,
1013,1013,251.5,,22.5,,,
1014,1014,363,,22.5,,,
1015,1015,387.9,,22.5,,,
1016,1016,373.9,,22.5,,,
1017,1017,306.1,,22.5,,,
1018,1018,351.5,,22.5,,,
1019,1019,369.7,,22.5,,,
1020,1020,377,,22.5,,,
1021,1021,277.6,,22.3,,,
1022,1022,389.7,,22.3,,,
1023,1023,408.5,,22.3,,,
1024,1024,361.2,,22.3,,,
1025,1025,42.5,36.55,86,29.3,,
1026,1026,64.8,55.728,86,44.7,,
1027,1027,77.5,66.65,86,71.6,,
1028,1028,83.6,71.896,86,69.8,,
1029,1029,51.8,44.548,86,32.2,,
1030,1030,70.5,60.63,86,50.1,,
1031,1031,79.5,68.37,86,68.2,,
1032,1032,82.3,70.778,86,63.7,,
1033,1033,56.4,48.504,86,36.1,,
1034,1034,73.4,63.124,86,48.2,,
1035,1035,81.7,70.262,86,69.3,,
1036,1036,80.4,69.144,86,60.3,,
1037,1037,61.1,52.546,86,31.4,,
1038,1038,70.7,60.802,86,44.6,,
1039,1039,78.7,67.682,86,57,,
1040,1040,78.7,67.682,86,57.6,,
1041,1041,52.5,45.15,86,33.9,,
1042,1042,65.9,56.674,86,47.1,,
1043,1043,75.8,65.188,86,57.5,,
1044,1044,83.3,71.638,86,71.6,,
1045,1045,51,43.86,86,26.9,,
1046,1046,73.5,63.21,86,51.6,,
1047,1047,79.5,68.37,86,73.1,,
1048,1048,82.7,71.122,86,82.4,,
1049,1049,56.5,48.59,86,27.8,,
1050,1050,77.8,66.908,86,61.2,,
1051,1051,80.6,69.316,86,72.1,,
1052,1052,82.8,71.208,86,64.3,,
1053,1053,66.2,56.932,86,41.9,,
1054,1054,78.4,67.424,86,58.6,,
1055,1055,80.1,68.886,86,67.7,,
1056,1056,82.3,70.778,86,75.1,,
1057,1057,43.9,37.754,86,33.1,,
1058,1058,73.8,63.468,86,59.2,,
1059,1059,81.8,70.348,86,73,,
1060,1060,82.7,71.122,86,51.8,,
1061,1061,54.8,47.128,86,34.6,,
1062,1062,76,65.36,86,58.5,,
1063,1063,79.3,68.198,86,67.3,,
1064,1064,84,72.24,86,82.8,,
1065,1065,52.9,45.494,86,37.2,,
1066,1066,74.4,63.984,86,56.8,,
1067,1067,81.2,69.832,86,87.1,,
1068,1068,83.5,71.81,86,81.4,,
1069,1069,70.9,60.974,86,55,,
1070,1070,80.7,69.402,86,58.6,,
1071,1071,82.5,70.95,86,65.2,,
1072,1072,83.4,71.724,86,84.9,,
1073,1073,48.9,42.054,86,33.6,,
1074,1074,68.8,59.168,86,44.5,,
1075,1075,79.8,68.628,86,75.4,,
1076,1076,82.4,70.864,86,79.7,,
1077,1077,48.2,41.452,86,25.4,,
1078,1078,77.5,66.65,86,47.4,,
1079,1079,84.5,72.67,86,77.7,,
1080,1080,85.9,73.874,86,81.4,,
1081,1081,58.1,49.966,86,42.2,,
1082,1082,78.6,67.596,86,54.9,,
1083,1083,83.2,71.552,86,62.1,,
1084,1084,88,75.68,86,76.9,,
1085,1085,56.4,48.504,86,40.4,,
1086,1086,78.5,67.51,86,65.1,,
1087,1087,86.4,74.304,86,82.9,,
1088,1088,84.2,72.412,86,86,,
1089,1089,26.7,22.962,86,15.2,,
1090,1090,48.7,41.882,86,31.2,,
1091,1091,61.8,53.148,86,44.5,,
1092,1092,68.6,58.996,86,40.5,,
1093,1093,22,18.92,86,10.5,,
1094,1094,46.8,40.248,86,27.6,,
1095,1095,65.1,55.986,86,48.6,,
1096,1096,75.5,64.93,86,46.5,,
1097,1097,30.8,26.488,86,16,,
1098,1098,53.6,46.096,86,29.6,,
1099,1099,67.9,58.394,86,44.2,,
1100,1100,67.7,58.222,86,45.4,,
1101,1101,44.7,38.442,86,23.4,,
1102,1102,57.5,49.45,86,38.2,,
1103,1103,70.2,60.372,86,49.2,,
1104,1104,67.5,58.05,86,47.1,,
1105,1105,26.8,23.048,86,15.9,,
1106,1106,50,43,86,31.7,,
1107,1107,61.2,52.632,86,36.7,,
1108,1108,68.5,58.91,86,39,,
1109,1109,34.1,29.326,86,19.3,,
1110,1110,55,47.3,86,36,,
1111,1111,63,54.18,86,41.1,,
1112,1112,69.1,59.426,86,44.5,,
1113,1113,33.3,28.638,86,17.9,,
1114,1114,55.7,47.902,86,35.2,,
1115,1115,72.5,62.35,86,47.1,,
1116,1116,71.9,61.834,86,45.2,,
1117,1117,44.6,38.356,86,22,,
1118,1118,58.8,50.568,86,32.6,,
1119,1119,66.8,57.448,86,42.4,,
1120,1120,70,60.2,86,43.4,,
1121,1121,20.8,17.888,86,14.6,,
1122,1122,48.5,41.71,86,32.3,,
1123,1123,58,49.88,86,39.5,,
1124,1124,67.6,58.136,86,41,,
1125,1125,32.7,28.122,86,22.8,,
1126,1126,54.5,46.87,86,35.6,,
1127,1127,60.1,51.686,86,35.2,,
1128,1128,69.2,59.512,86,43.1,,
1129,1129,33.6,28.896,86,21.1,,
1130,1130,58.6,50.396,86,48.6,,
1131,1131,66.9,57.534,86,45.5,,
1132,1132,68.2,58.652,86,52.4,,
1133,1133,38.4,33.024,86,22.7,,
1134,1134,56.3,48.418,86,35.4,,
1135,1135,63.4,54.524,86,40.2,,
1136,1136,67.8,58.308,86,54.1,,
1137,1137,27,23.22,86,13.2,,
1138,1138,51.4,44.204,86,28.3,,
1139,1139,61,52.46,86,44,,
1140,1140,63.8,54.868,86,41.1,,
1141,1141,33.8,29.068,86,16.7,,
1142,1142,62.2,53.492,86,37.1,,
1143,1143,64.3,55.298,86,45.8,,
1144,1144,71.4,61.404,86,50.3,,
1145,1145,37.4,32.164,86,24.8,,
1146,1146,54.2,46.612,86,33.8,,
1147,1147,65.2,56.072,86,42.6,,
1148,1148,69.3,59.598,86,47,,
1149,1149,40.8,35.088,86,25.4,,
1150,1150,61.6,52.976,86,38.9,,
1151,1151,68.4,58.824,86,52.2,,
1152,1152,71.1,61.146,86,52.2,,
1153,1153,,,,151.5,28.9,
1154,1154,,,,262.3,26.9,
1155,1155,,,,283.1,23.7,
1156,1156,,,,316.6,23.6,
1157,1157,,,,153.6,30,
1158,1158,,,,248.6,26.4,
1159,1159,,,,270.7,23.7,
1160,1160,,,,299.7,23.9,
1161,1161,,,,210.2,26.6,
1162,1162,,,,300.3,24.1,
1163,1163,,,,320.2,23,
1164,1164,,,,378.5,22.2,
1165,1165,,,,229,25.6,
1166,1166,,,,261.4,24.5,
1167,1167,,,,341.6,23.8,
1168,1168,,,,341.9,20.9,
1169,1169,,,,151.5,28.9,
1170,1170,,,,262.3,26.9,
1171,1171,,,,283.1,23.7,
1172,1172,,,,316.6,23.6,
1173,1173,,,,153.6,30,
1174,1174,,,,248.6,26.4,
1175,1175,,,,270.7,23.7,
1176,1176,,,,299.7,23.9,
1177,1177,,,,210.2,26.6,
1178,1178,,,,300.3,24.1,
1179,1179,,,,320.2,23,
1180,1180,,,,378.5,22.2,
1181,1181,,,,229,25.6,
1182,1182,,,,261.4,24.5,
1183,1183,,,,341.6,23.8,
1184,1184,,,,341.9,20.9,
1185,1185,,,,200.3,23.6,
1186,1186,,,,300.3,21.4,
1187,1187,,,,386.5,19.7,
1188,1188,,,,420.2,19.6,
1189,1189,,,,214.7,24.2,
1190,1190,,,,343.4,22.5,
1191,1191,,,,390.1,19.8,
1192,1192,,,,466.2,18.4,
1193,1193,,,,226,21.6,
1194,1194,,,,377.9,18.8,
1195,1195,,,,439.6,17.7,
1196,1196,,,,444.8,17.6,
1197,1197,,,,240.4,21.2,
1198,1198,,,,349.7,18,
1199,1199,,,,427.2,17.9,
1200,1200,,,,472.2,16.5,
1201,1201,,,,200.3,23.6,
1202,1202,,,,300.3,21.4,
1203,1203,,,,386.5,19.7,
1204,1204,,,,420.2,19.6,
1205,1205,,,,214.7,24.2,
1206,1206,,,,343.4,22.5,
1207,1207,,,,390.1,19.8,
1208,1208,,,,466.2,18.4,
1209,1209,,,,226,21.6,
1210,1210,,,,377.9,18.8,
1211,1211,,,,439.6,17.7,
1212,1212,,,,444.8,17.6,
1213,1213,,,,240.4,21.2,
1214,1214,,,,349.7,18,
1215,1215,,,,427.2,17.9,
1216,1216,,,,472.2,16.5,
1217,1217,245.7,,24,,,
1218,1218,327.7,,24,,,
1219,1219,355.1,,24,,,
1220,1220,333.7,,24,,,
1221,1221,270.5,,24,,,
1222,1222,364.8,,24,,,
1223,1223,410,,24,,,
1224,1224,400.4,,24,,,
1225,1225,343.9,,22.4,,,
1226,1226,378.5,,22.4,,,
1227,1227,399.2,,22.4,,,
1228,1228,376,,22.4,,,
1229,1229,357.3,,23,,,
1230,1230,379.2,,23,,,
1231,1231,426.1,,23,,,
1232,1232,439.5,,23,,,
1233,1233,245.7,,23.4,,,
1234,1234,327.7,,23.4,,,
1235,1235,355.1,,23.4,,,
1236,1236,333.7,,23.4,,,
1237,1237,270.5,,24,,,
1238,1238,364.8,,24,,,
1239,1239,410,,24,,,
1240,1240,400.4,,24,,,
1241,1241,343.9,,23.4,,,
1242,1242,378.5,,23.4,,,
1243,1243,399.2,,23.4,,,
1244,1244,376,,23.4,,,
1245,1245,357.3,,22.8,,,
1246,1246,379.2,,22.8,,,
1247,1247,426.1,,22.8,,,
1248,1248,439.5,,22.8,,,
1249,1249,415.3,,24.4,,,
1250,1250,522.9,,24.4,,,
1251,1251,524.3,,24.4,,,
1252,1252,549.5,,24.4,,,
1253,1253,507.6,,23.8,,,
1254,1254,596.8,,23.8,,,
1255,1255,621.9,,23.8,,,
1256,1256,576.8,,23.8,,,
1257,1257,497.8,,23,,,
1258,1258,646,,23,,,
1259,1259,633.7,,23,,,
1260,1260,642.3,,23,,,
1261,1261,555,,22.6,,,
1262,1262,653.7,,22.6,,,
1263,1263,623.3,,22.6,,,
1264,1264,632.1,,22.6,,,
1265,1265,415.3,,24,,,
1266,1266,522.9,,24,,,
1267,1267,524.3,,24,,,
1268,1268,549.5,,24,,,
1269,1269,507.6,,24.2,,,
1270,1270,596.8,,24.2,,,
1271,1271,621.9,,24.2,,,
1272,1272,576.8,,24.2,,,
1273,1273,497.8,,22.8,,,
1274,1274,646,,22.8,,,
1275,1275,633.7,,22.8,,,
1276,1276,642.3,,22.8,,,
1277,1277,555,,22.4,,,
1278,1278,653.7,,22.4,,,
1279,1279,623.3,,22.4,,,
1280,1280,632.1,,22.4,,,
1281,1281,24.3,20.898,86,23.9,,
1282,1282,49.9,42.914,86,23,,
1283,1283,63.8,54.868,86,63,,
1284,1284,59.6,51.256,86,32.7,,
1285,1285,35.7,30.702,86,36.8,,
1286,1286,63.7,54.782,86,34.5,,
1287,1287,64.5,55.47,86,48.6,,
1288,1288,54.4,46.784,86,52.3,,
1289,1289,45.4,39.044,86,33.9,,
1290,1290,57.1,49.106,86,42,,
1291,1291,63.9,54.954,86,51.8,,
1292,1292,51.9,44.634,86,55.7,,
1293,1293,52.4,45.064,86,36.8,,
1294,1294,59.1,50.826,86,39.4,,
1295,1295,61.6,52.976,86,50.3,,
1296,1296,56.3,48.418,86,48.7,,
1297,1297,34,29.24,86,24.6,,
1298,1298,51.3,44.118,86,27,,
1299,1299,60.5,52.03,86,49.5,,
1300,1300,54.4,46.784,86,53,,
1301,1301,33,28.38,86,22.6,,
1302,1302,53.6,46.096,86,45.4,,
1303,1303,63,54.18,86,55.5,,
1304,1304,51.6,44.376,86,36.8,,
1305,1305,41.2,35.432,86,27.2,,
1306,1306,59.6,51.256,86,46.4,,
1307,1307,60.4,51.944,86,44.1,,
1308,1308,46.8,40.248,86,54.9,,
1309,1309,51.8,44.548,86,39,,
1310,1310,56.8,48.848,86,42.7,,
1311,1311,60.8,52.288,86,55,,
1312,1312,51.9,44.634,86,53.9,,
1313,1313,28.4,24.424,86,18.3,,
1314,1314,54.2,46.612,86,28.7,,
1315,1315,62.7,53.922,86,40.6,,
1316,1316,68.9,59.254,86,51.2,,
1317,1317,37.3,32.078,86,30.3,,
1318,1318,54.3,46.698,86,49.2,,
1319,1319,63.6,54.696,86,52.5,,
1320,1320,70.8,60.888,86,55.9,,
1321,1321,37.7,32.422,86,30.5,,
1322,1322,59.8,51.428,86,36.5,,
1323,1323,75.9,65.274,86,47.4,,
1324,1324,73.6,63.296,86,50.2,,
1325,1325,45.5,39.13,86,27,,
1326,1326,64,55.04,86,36.8,,
1327,1327,72.3,62.178,86,57.1,,
1328,1328,74.7,64.242,86,43.6,,
1329,1329,30.3,26.058,86,25,,
1330,1330,52.8,45.408,86,39.4,,
1331,1331,64.5,55.47,86,54.2,,
1332,1332,73.2,62.952,86,67.3,,
1333,1333,31.8,27.348,86,19.1,,
1334,1334,57.5,49.45,86,47.2,,
1335,1335,69.3,59.598,86,49.2,,
1336,1336,70.5,60.63,86,51.4,,
1337,1337,38,32.68,86,29.5,,
1338,1338,57.4,49.364,86,39.6,,
1339,1339,73.6,63.296,86,63,,
1340,1340,71.1,61.146,86,58.9,,
1341,1341,40.8,35.088,86,24.8,,
1342,1342,62.6,53.836,86,33.5,,
1343,1343,73.8,63.468,86,60.9,,
1344,1344,73.6,63.296,86,42.6,,
1345,1345,383.8,,23.1,,,
1346,1346,500.6,,23.1,,,
1347,1347,542.5,,23.1,,,
1348,1348,570.7,,23.1,,,
1349,1349,480.2,,22,,,
1350,1350,492.8,,22,,,
1351,1351,576,,22,,,
1352,1352,573.6,,22,,,
1353,1353,500.6,,21.2,,,
1354,1354,559.3,,21.2,,,
1355,1355,474.8,,21.2,,,
1356,1356,597.6,,21.2,,,
1357,1357,568.9,,22,,,
1358,1358,615.6,,22,,,
1359,1359,626.9,,22,,,
1360,1360,630.5,,22,,,
1361,1361,387.4,,21.6,,,
1362,1362,521,,21.6,,,
1363,1363,568.9,,21.6,,,
1364,1364,555.7,,21.6,,,
1365,1365,432.9,,23.1,,,
1366,1366,509.6,,23.1,,,
1367,1367,564.7,,23.1,,,
1368,1368,598.8,,23.1,,,
1369,1369,503,,22,,,
1370,1370,576,,22,,,
1371,1371,538.8,,22,,,
1372,1372,612.6,,22,,,
1373,1373,522.8,,22.4,,,
1374,1374,565.9,,22.4,,,
1375,1375,562.9,,22.4,,,
1376,1376,544.3,,22.4,,,
1377,1377,344.3,,22.2,,,
1378,1378,507.8,,22.2,,,
1379,1379,561.1,,22.2,,,
1380,1380,553.9,,22.2,,,
1381,1381,459.3,,21.8,,,
1382,1382,498.2,,21.8,,,
1383,1383,542.5,,21.8,,,
1384,1384,562.9,,21.8,,,
1385,1385,474.8,,22,,,
1386,1386,543.1,,22,,,
1387,1387,592.3,,22,,,
1388,1388,585,,22,,,
1389,1389,538.9,,21.4,,,
1390,1390,563.5,,21.4,,,
1391,1391,538.9,,21.4,,,
1392,1392,595.2,,21.4,,,
1393,1393,319.8,,22.5,,,
1394,1394,516.2,,22.5,,,
1395,1395,553.3,,22.5,,,
1396,1396,586.8,,22.5,,,
1397,1397,518.6,,22.5,,,
1398,1398,537.1,,22.5,,,
1399,1399,588,,22.5,,,
1400,1400,595.2,,22.5,,,
1401,1401,474.8,,22.2,,,
1402,1402,547.3,,22.2,,,
1403,1403,579,,22.2,,,
1404,1404,549.7,,22.2,,,
1405,1405,461.1,,21.8,,,
1406,1406,534.7,,21.8,,,
1407,1407,586.8,,21.8,,,
1408,1408,557.5,,21.8,,,
1409,1409,31.7,27.262,86,20.2,,
1410,1410,60.6,52.116,86,37.1,,
1411,1411,72.4,62.264,86,43.2,,
1412,1412,77.7,66.822,86,45.1,,
1413,1413,44.7,38.442,86,19.5,,
1414,1414,65.8,56.588,86,37.2,,
1415,1415,76.8,66.048,86,45.3,,
1416,1416,80,68.8,86,55.5,,
1417,1417,54.4,46.784,86,29.8,,
1418,1418,68.3,58.738,86,40.3,,
1419,1419,77.4,66.564,86,46.5,,
1420,1420,82,70.52,86,57,,
1421,1421,61.1,52.546,86,32.8,,
1422,1422,74.2,63.812,86,41.6,,
1423,1423,77.6,66.736,86,49.7,,
1424,1424,74.8,64.328,86,56.1,,
1425,1425,44.2,38.012,86,20.8,,
1426,1426,70.1,60.286,86,41.2,,
1427,1427,76.9,66.134,86,46.7,,
1428,1428,83.3,71.638,86,47.1,,
1429,1429,44.8,38.528,86,28.9,,
1430,1430,64.6,55.556,86,37.8,,
1431,1431,77.4,66.564,86,47.4,,
1432,1432,78.4,67.424,86,50,,
1433,1433,58,49.88,86,31.2,,
1434,1434,77.7,66.822,86,43.7,,
1435,1435,78.9,67.854,86,55.5,,
1436,1436,77.4,66.564,86,54.9,,
1437,1437,64.1,55.126,86,35.5,,
1438,1438,71.5,61.49,86,43,,
1439,1439,76.5,65.79,86,44.2,,
1440,1440,79.1,68.026,86,55.4,,
1441,1441,43.1,37.066,86,23.6,,
1442,1442,64.7,55.642,86,41.2,,
1443,1443,76.7,65.962,86,51.5,,
1444,1444,77.1,66.306,86,51.2,,
1445,1445,52,44.72,86,29.8,,
1446,1446,71.9,61.834,86,46,,
1447,1447,75.5,64.93,86,55.8,,
1448,1448,85.3,73.358,86,59.5,,
1449,1449,60.2,51.772,86,36.4,,
1450,1450,75.4,64.844,86,44.8,,
1451,1451,81.5,70.09,86,65.8,,
1452,1452,85,73.1,86,60.8,,
1453,1453,63.6,54.696,86,37.4,,
1454,1454,79.5,68.37,86,49.3,,
1455,1455,81,69.66,86,65.5,,
1456,1456,83.9,72.154,86,62.7,,
1457,1457,41.7,35.862,86,20.5,,
1458,1458,67.6,58.136,86,39.2,,
1459,1459,78.2,67.252,86,52.7,,
1460,1460,81.9,70.434,86,47.4,,
1461,1461,48.7,41.882,86,26.7,,
1462,1462,63.9,54.954,86,39,,
1463,1463,79.2,68.112,86,53.3,,
1464,1464,82.7,71.122,86,65.3,,
1465,1465,57.8,49.708,86,31.4,,
1466,1466,77.7,66.822,86,47.2,,
1467,1467,82.6,71.036,86,57.9,,
1468,1468,85.1,73.186,86,66.8,,
1469,1469,61.7,53.062,86,38.7,,
1470,1470,78,67.08,86,57.2,,
1471,1471,81.1,69.746,86,64.9,,
1472,1472,80.5,69.23,86,68.8,,
1473,1473,27.8,23.908,86,13.3,,
1474,1474,52,44.72,86,53,,
1475,1475,77.5,66.65,86,50.3,,
1476,1476,75.6,65.016,86,51.1,,
1477,1477,31.7,27.262,86,23,,
1478,1478,64.3,55.298,86,30.5,,
1479,1479,78.9,67.854,86,59.4,,
1480,1480,76,65.36,86,61,,
1481,1481,42.5,36.55,86,24.4,,
1482,1482,74.3,63.898,86,43.9,,
1483,1483,69.9,60.114,86,72.8,,
1484,1484,70.4,60.544,86,55.8,,
1485,1485,54.7,47.042,86,27.1,,
1486,1486,70.2,60.372,86,53.4,,
1487,1487,67.2,57.792,86,71.8,,
1488,1488,72.8,62.608,86,73.1,,
1489,1489,30.9,26.574,86,29,,
1490,1490,62.7,53.922,86,44.6,,
1491,1491,70.2,60.372,86,59.5,,
1492,1492,66.4,57.104,86,64.4,,
1493,1493,38.5,33.11,86,23.6,,
1494,1494,66.5,57.19,86,49.7,,
1495,1495,78.2,67.252,86,58.3,,
1496,1496,71.8,61.748,86,53.6,,
1497,1497,37.2,31.992,86,19.7,,
1498,1498,70.9,60.974,86,57.7,,
1499,1499,74.7,64.242,86,75.2,,
1500,1500,66.1,56.846,86,61.8,,
1501,1501,46.3,39.818,86,24.6,,
1502,1502,70.2,60.372,86,48,,
1503,1503,72,61.92,86,65.8,,
1504,1504,66.9,57.534,86,65.6,,
1505,1505,36,30.96,86,28.4,,
1506,1506,63.3,54.438,86,38,,
1507,1507,74.2,63.812,86,56.5,,
1508,1508,81.1,69.746,86,46.3,,
1509,1509,40.4,34.744,86,23.9,,
1510,1510,63,54.18,86,42.6,,
1511,1511,75.1,64.586,86,60.7,,
1512,1512,69.7,59.942,86,64.8,,
1513,1513,53.7,46.182,86,32.1,,
1514,1514,63,54.18,86,49.9,,
1515,1515,65.5,56.33,86,89.6,,
1516,1516,75.9,65.274,86,94.7,,
1517,1517,71.5,61.49,86,35.6,,
1518,1518,74.3,63.898,86,56.5,,
1519,1519,72,61.92,86,66.2,,
1520,1520,69.3,59.598,86,48.2,,
1521,1521,31.9,27.434,86,18.1,,
1522,1522,63,54.18,86,46.1,,
1523,1523,74.2,63.812,86,55.2,,
1524,1524,68.1,58.566,86,55.3,,
1525,1525,22.5,19.35,86,24.5,,
1526,1526,75.5,64.93,86,73.1,,
1527,1527,74.9,64.414,86,59.4,,
1528,1528,70,60.2,86,66.1,,
1529,1529,50.7,43.602,86,55.3,,
1530,1530,81,69.66,86,44.3,,
1531,1531,83.6,71.896,86,66.9,,
1532,1532,76.6,65.876,86,65.6,,
1533,1533,63.9,54.954,86,39.2,,
1534,1534,79.7,68.542,86,89.1,,
1535,1535,72.6,62.436,86,93.2,,
1536,1536,69.7,59.942,86,41.6,,
1537,1537,,,,175.1,,
1538,1538,,,,269.1,,
1539,1539,,,,410.6,,
1540,1540,,,,626.9,,
1541,1541,,,,209.6,,
1542,1542,,,,300.7,,
1543,1543,,,,404.8,,
1544,1544,,,,602.9,,
1545,1545,,,,218.7,,
1546,1546,,,,379.4,,
1547,1547,,,,504.1,,
1548,1548,,,,691.6,,
1549,1549,,,,328.1,,
1550,1550,,,,404.3,,
1551,1551,,,,618.7,,
1552,1552,,,,668.1,,
1553,1553,,,,170.7,,
1554,1554,,,,278.7,,
1555,1555,,,,504.1,,
1556,1556,,,,600,,
1557,1557,,,,249.4,,
1558,1558,,,,308.4,,
1559,1559,,,,492.1,,
1560,1560,,,,613.4,,
1561,1561,,,,263.8,,
1562,1562,,,,391.8,,
1563,1563,,,,473.9,,
1564,1564,,,,678.2,,
1565,1565,,,,273.9,,
1566,1566,,,,361.2,,
1567,1567,,,,476.7,,
1568,1568,,,,568.8,,
1569,1569,,,,183.2,,
1570,1570,,,,376,,
1571,1571,,,,505.5,,
1572,1572,,,,561.2,,
1573,1573,,,,208.6,,
1574,1574,,,,328.5,,
1575,1575,,,,458,,
1576,1576,,,,607.7,,
1577,1577,,,,308.4,,
1578,1578,,,,414.9,,
1579,1579,,,,579.4,,
1580,1580,,,,685.4,,
1581,1581,,,,293.5,,
1582,1582,,,,397.6,,
1583,1583,,,,486.3,,
1584,1584,,,,636.5,,
1585,1585,,,,201,,
1586,1586,,,,334.3,,
1587,1587,,,,493,,
1588,1588,,,,634.5,,
1589,1589,,,,264.7,,
1590,1590,,,,399,,
1591,1591,,,,569.3,,
1592,1592,,,,648,,
1593,1593,,,,277.2,,
1594,1594,,,,449.4,,
1595,1595,,,,540,,
1596,1596,,,,664.7,,
1597,1597,,,,366.9,,
1598,1598,,,,424,,
1599,1599,,,,520.9,,
1600,1600,,,,692.6,,
1601,1601,404.3,,21,,,
1602,1602,516.1,,21,,,
1603,1603,515.1,,21,,,
1604,1604,512.2,,21,,,
1605,1605,428.8,,19.6,,,
1606,1606,589,,19.6,,,
1607,1607,600.5,,19.6,,,
1608,1608,542.4,,19.6,,,
1609,1609,454.2,,16,,,
1610,1610,568.8,,16,,,
1611,1611,565,,16,,,
1612,1612,503.6,,16,,,
1613,1613,534.3,,14.2,,,
1614,1614,629.3,,14.2,,,
1615,1615,576,,14.2,,,
1616,1616,563.1,,14.2,,,
1617,1617,396.2,,19.6,,,
1618,1618,514.1,,19.6,,,
1619,1619,544.8,,19.6,,,
1620,1620,522.3,,19.6,,,
1621,1621,451.8,,18,,,
1622,1622,544.8,,18,,,
1623,1623,542.4,,18,,,
1624,1624,520.9,,18,,,
1625,1625,495.4,,16.6,,,
1626,1626,557.8,,16.6,,,
1627,1627,581.8,,16.6,,,
1628,1628,567.9,,16.6,,,
1629,1629,551.6,,14.1,,,
1630,1630,533.8,,14.1,,,
1631,1631,595.2,,14.1,,,
1632,1632,577.5,,14.1,,,
1633,1633,391.8,,18.5,,,
1634,1634,546.8,,18.5,,,
1635,1635,500.2,,18.5,,,
1636,1636,494.5,,18.5,,,
1637,1637,469.5,,17.2,,,
1638,1638,567.9,,17.2,,,
1639,1639,524.2,,17.2,,,
1640,1640,508.9,,17.2,,,
1641,1641,507,,16.8,,,
1642,1642,578.9,,16.8,,,
1643,1643,577,,16.8,,,
1644,1644,518.9,,16.8,,,
1645,1645,539.1,,14.5,,,
1646,1646,568.3,,14.5,,,
1647,1647,562.1,,14.5,,,
1648,1648,554.9,,14.5,,,
1649,1649,415.8,,16.9,,,
1650,1650,478.2,,16.9,,,
1651,1651,506.5,,16.9,,,
1652,1652,443.2,,16.9,,,
1653,1653,473.9,,16,,,
1654,1654,530.5,,16,,,
1655,1655,524.2,,16,,,
1656,1656,516.5,,16,,,
1657,1657,515.6,,16.3,,,
1658,1658,565.9,,16.3,,,
1659,1659,561.2,,16.3,,,
1660,1660,539.1,,16.3,,,
1661,1661,564,,15.2,,,
1662,1662,599,,15.2,,,
1663,1663,565.9,,15.2,,,
1664,1664,582.3,,15.2,,,
1665,1665,26.4,22.704,86,13.8,,
1666,1666,23,19.78,86,11.1,,
1667,1667,32.9,28.294,86,18.9,,
1668,1668,35.5,30.53,86,18.5,,
1669,1669,25.6,22.016,86,11.2,,
1670,1670,32.1,27.606,86,17.9,,
1671,1671,37.1,31.906,86,19.8,,
1672,1672,41.6,35.776,86,20.5,,
1673,1673,30.4,26.144,86,17.9,,
1674,1674,36,30.96,86,19.2,,
1675,1675,43.6,37.496,86,24.4,,
1676,1676,43.5,37.41,86,26.8,,
1677,1677,36,30.96,86,18.2,,
1678,1678,41.3,35.518,86,22.4,,
1679,1679,49.7,42.742,86,29,,
1680,1680,49,42.14,86,25.7,,
1681,1681,23.4,20.124,86,12.3,,
1682,1682,26.4,22.704,86,16.4,,
1683,1683,26.3,22.618,86,16.5,,
1684,1684,36.7,31.562,86,22.7,,
1685,1685,31.4,27.004,86,13.2,,
1686,1686,33.9,29.154,86,16.7,,
1687,1687,35.8,30.788,86,20.9,,
1688,1688,40.7,35.002,86,22.2,,
1689,1689,33.1,28.466,86,15.6,,
1690,1690,38.4,33.024,86,19.2,,
1691,1691,43.9,37.754,86,26.2,,
1692,1692,50.2,43.172,86,29.4,,
1693,1693,34.8,29.928,86,21.5,,
1694,1694,36.8,31.648,86,20.4,,
1695,1695,43.2,37.152,86,27.7,,
1696,1696,48.1,41.366,86,26.9,,
1697,1697,25.9,22.274,86,14.8,,
1698,1698,38.5,33.11,86,23.8,,
1699,1699,37.3,32.078,86,27.8,,
1700,1700,43.9,37.754,86,31.2,,
1701,1701,33.1,28.466,86,17.8,,
1702,1702,42.6,36.636,86,31.2,,
1703,1703,45.6,39.216,86,29.9,,
1704,1704,43.6,37.496,86,31.7,,
1705,1705,42.8,36.808,86,22.6,,
1706,1706,48,41.28,86,31.7,,
1707,1707,49.4,42.484,86,31.9,,
1708,1708,44,37.84,86,31.1,,
1709,1709,42.6,36.636,86,20.5,,
1710,1710,48.7,41.882,86,29.3,,
1711,1711,52.1,44.806,86,34.3,,
1712,1712,47.1,40.506,86,33.9,,
1713,1713,25.7,22.102,86,15.4,,
1714,1714,35.5,30.53,86,20.7,,
1715,1715,35.1,30.186,86,22.2,,
1716,1716,39.9,34.314,86,23.7,,
1717,1717,28.1,24.166,86,18.3,,
1718,1718,39.1,33.626,86,23.7,,
1719,1719,40.1,34.486,86,28.2,,
1720,1720,44.5,38.27,86,28.8,,
1721,1721,35.6,30.616,86,21.4,,
1722,1722,44.6,38.356,86,25.1,,
1723,1723,42.4,36.464,86,25.4,,
1724,1724,47.7,41.022,86,30.4,,
1725,1725,47,40.42,86,26.6,,
1726,1726,47.4,40.764,86,25.7,,
1727,1727,46.5,39.99,86,32.5,,
1728,1728,47,40.42,86,31.9,,
1729,1729,164.8,,25,,,
1730,1730,201.8,,25,,,
1731,1731,181.8,,25,,,
1732,1732,206.1,,25,,,
1733,1733,181.8,,25,,,
1734,1734,206.7,,25,,,
1735,1735,236.4,,25,,,
1736,1736,225.5,,25,,,
1737,1737,198.8,,27,,,
1738,1738,236.4,,27,,,
1739,1739,252.1,,27,,,
1740,1740,248.5,,27,,,
1741,1741,213.9,,25,,,
1742,1742,249.1,,25,,,
1743,1743,273.9,,25,,,
1744,1744,229.7,,25,,,
1745,1745,153.9,,24,,,
1746,1746,211.5,,24,,,
1747,1747,210.3,,24,,,
1748,1748,223,,24,,,
1749,1749,186.7,,24,,,
1750,1750,248.5,,24,,,
1751,1751,221.2,,24,,,
1752,1752,247.9,,24,,,
1753,1753,201.8,,24,,,
1754,1754,267.3,,24,,,
1755,1755,261.8,,24,,,
1756,1756,229.1,,24,,,
1757,1757,195.8,,25,,,
1758,1758,255.2,,25,,,
1759,1759,252.1,,25,,,
1760,1760,272.7,,25,,,
1761,1761,150.3,,24,,,
1762,1762,223,,24,,,
1763,1763,231.5,,24,,,
1764,1764,189.7,,24,,,
1765,1765,175.8,,24,,,
1766,1766,238.2,,24,,,
1767,1767,252.7,,24,,,
1768,1768,218.8,,24,,,
1769,1769,213.3,,24,,,
1770,1770,255.8,,24,,,
1771,1771,233.9,,24,,,
1772,1772,254.5,,24,,,
1773,1773,221.8,,26,,,
1774,1774,262.4,,26,,,
1775,1775,248.5,,26,,,
1776,1776,242.4,,26,,,
1777,1777,151.5,,24,,,
1778,1778,199.4,,24,,,
1779,1779,266.7,,24,,,
1780,1780,212.7,,24,,,
1781,1781,198.8,,24,,,
1782,1782,210.3,,24,,,
1783,1783,247.3,,24,,,
1784,1784,239.4,,24,,,
1785,1785,193.9,,24,,,
1786,1786,242.4,,24,,,
1787,1787,267.9,,24,,,
1788,1788,261.2,,24,,,
1789,1789,239.4,,25,,,
1790,1790,276.4,,25,,,
1791,1791,270.9,,25,,,
1792,1792,260.6,,25,,,
1793,1793,70.7,60.802,86,54,,
1794,1794,93.8,80.668,86,78.6,,
1795,1795,107.4,92.364,86,74.9,,
1796,1796,103.9,89.354,86,84.7,,
1797,1797,89.8,77.228,86,65.6,,
1798,1798,103.7,89.182,86,72.9,,
1799,1799,102.6,88.236,86,83.7,,
1800,1800,98.2,84.452,86,90.9,,
1801,1801,97.2,83.592,86,87,,
1802,1802,101.2,87.032,86,101.1,,
1803,1803,98.1,84.366,86,101.2,,
1804,1804,96.8,83.248,86,102.6,,
1805,1805,89.9,77.314,86,87.9,,
1806,1806,88.7,76.282,86,101.2,,
1807,1807,90,77.4,86,101.2,,
1808,1808,79.3,68.198,86,94.7,,
1809,1809,73.2,62.952,86,53.3,,
1810,1810,95.8,82.388,86,68.3,,
1811,1811,109.5,94.17,86,86.7,,
1812,1812,91.2,78.432,86,103.4,,
1813,1813,89.4,76.884,86,75.1,,
1814,1814,105.6,90.816,86,95.1,,
1815,1815,107,92.02,86,99.1,,
1816,1816,87,74.82,86,99.2,,
1817,1817,97.3,83.678,86,72.5,,
1818,1818,95,81.7,86,101.1,,
1819,1819,101.7,87.462,86,94.9,,
1820,1820,78.7,67.682,86,99.8,,
1821,1821,95,81.7,86,77.6,,
1822,1822,98.5,84.71,86,96.3,,
1823,1823,93.8,80.668,86,97.7,,
1824,1824,76.3,65.618,86,105.2,,
1825,1825,68.1,58.566,86,38.9,,
1826,1826,98.2,84.452,86,76.5,,
1827,1827,106.4,91.504,86,77.7,,
1828,1828,91.5,78.69,86,75.6,,
1829,1829,83.2,71.552,86,52.6,,
1830,1830,100.2,86.172,86,70.1,,
1831,1831,99.7,85.742,86,80.2,,
1832,1832,93.9,80.754,86,80.5,,
1833,1833,96.6,83.076,86,73.2,,
1834,1834,104.2,89.612,86,100.4,,
1835,1835,89.8,77.228,86,103.3,,
1836,1836,86.4,74.304,86,103.3,,
1837,1837,100.8,86.688,86,77.6,,
1838,1838,92.3,79.378,86,78.2,,
1839,1839,84.7,72.842,86,86.5,,
1840,1840,80.6,69.316,86,96.1,,
1841,1841,63.5,54.61,86,40.3,,
1842,1842,91.5,78.69,86,58.1,,
1843,1843,107.2,92.192,86,70.1,,
1844,1844,94.3,81.098,86,91.6,,
1845,1845,91.1,78.346,86,54.7,,
1846,1846,103.9,89.354,86,80.5,,
1847,1847,107,92.02,86,85.8,,
1848,1848,100.1,86.086,86,93,,
1849,1849,88.5,76.11,86,56.6,,
1850,1850,105.5,90.73,86,86.1,,
1851,1851,99.4,85.484,86,87.2,,
1852,1852,95.4,82.044,86,101.2,,
1853,1853,100,86,86,87.2,,
1854,1854,102.4,88.064,86,97,,
1855,1855,93,79.98,86,83.7,,
1856,1856,81,69.66,86,95.4,,
1857,1857,20.8,17.888,86,13.1,,
1858,1858,60.2,51.772,86,36.4,,
1859,1859,89.4,76.884,86,54.2,,
1860,1860,103.4,88.924,86,65.5,,
1861,1861,29.9,25.714,86,25.7,,
1862,1862,72.5,62.35,86,51.2,,
1863,1863,91.9,79.034,86,53.7,,
1864,1864,96.1,82.646,86,76.9,,
1865,1865,36.2,31.132,86,33,,
1866,1866,72.5,62.35,86,51.6,,
1867,1867,95,81.7,86,74.9,,
1868,1868,98.8,84.968,86,71.7,,
1869,1869,88.9,76.454,86,51.4,,
1870,1870,100.1,86.086,86,59.6,,
1871,1871,91.3,78.518,86,69.3,,
1872,1872,90.4,77.744,86,98.4,,
1873,1873,15.6,13.416,86,19.7,,
1874,1874,64.5,55.47,86,42.2,,
1875,1875,89.9,77.314,86,51.5,,
1876,1876,94.3,81.098,86,74,,
1877,1877,28.8,24.768,86,20.6,,
1878,1878,66.1,56.846,86,51.2,,
1879,1879,95.2,81.872,86,53.7,,
1880,1880,94.4,81.184,86,77.6,,
1881,1881,42,36.12,86,23.5,,
1882,1882,95,81.7,86,65.7,,
1883,1883,97.3,83.678,86,76.3,,
1884,1884,99.7,85.742,86,88.8,,
1885,1885,41.3,35.518,86,40.6,,
1886,1886,85.7,73.702,86,71,,
1887,1887,98.4,84.624,86,67.9,,
1888,1888,81,69.66,86,84,,
1889,1889,21.9,18.834,86,16.4,,
1890,1890,64.5,55.47,86,47.5,,
1891,1891,89.2,76.712,86,45.3,,
1892,1892,103,88.58,86,74,,
1893,1893,32,27.52,86,17.3,,
1894,1894,75.7,65.102,86,61.4,,
1895,1895,86.2,74.132,86,51.7,,
1896,1896,104.7,90.042,86,61.8,,
1897,1897,51,43.86,86,26.7,,
1898,1898,93.5,80.41,86,53.4,,
1899,1899,110,94.6,86,72.9,,
1900,1900,100.3,86.258,86,83.8,,
1901,1901,55,47.3,86,33.7,,
1902,1902,95.7,82.302,86,63.8,,
1903,1903,110.4,94.944,86,74.7,,
1904,1904,88.3,75.938,86,91.5,,
1905,1905,16.5,14.19,86,18.4,,
1906,1906,51.8,44.548,86,32.3,,
1907,1907,89.1,76.626,86,48,,
1908,1908,98.7,84.882,86,64.1,,
1909,1909,34.3,29.498,86,20.6,,
1910,1910,67.1,57.706,86,50.6,,
1911,1911,100.5,86.43,86,58.4,,
1912,1912,98.9,85.054,86,72.1,,
1913,1913,30.4,26.144,86,26.7,,
1914,1914,83.6,71.896,86,65.7,,
1915,1915,102.2,87.892,86,63.2,,
1916,1916,100.3,86.258,86,71.7,,
1917,1917,72.5,62.35,86,36.2,,
1918,1918,95.1,81.786,86,52.4,,
1919,1919,103.7,89.182,86,69.3,,
1920,1920,96.5,82.99,86,87.4,,
1921,1921,,,,178,,
1922,1922,,,,283,,
1923,1923,,,,323,,
1924,1924,,,,389,,
1925,1925,,,,227,,
1926,1926,,,,303,,
1927,1927,,,,359,,
1928,1928,,,,419,,
1929,1929,,,,171,,
1930,1930,,,,332,,
1931,1931,,,,389,,
1932,1932,,,,487,,
1933,1933,,,,354,,
1934,1934,,,,436,,
1935,1935,,,,414,,
1936,1936,,,,468,,
1937,1937,,,,197,,
1938,1938,,,,274,,
1939,1939,,,,360,,
1940,1940,,,,348,,
1941,1941,,,,228,,
1942,1942,,,,342,,
1943,1943,,,,364,,
1944,1944,,,,447,,
1945,1945,,,,302,,
1946,1946,,,,374,,
1947,1947,,,,407,,
1948,1948,,,,441,,
1949,1949,,,,301,,
1950,1950,,,,348,,
1951,1951,,,,376,,
1952,1952,,,,421,,
1953,1953,,,,188,,
1954,1954,,,,283,,
1955,1955,,,,335,,
1956,1956,,,,335,,
1957,1957,,,,210,,
1958,1958,,,,264,,
1959,1959,,,,337,,
1960,1960,,,,414,,
1961,1961,,,,280,,
1962,1962,,,,390,,
1963,1963,,,,417,,
1964,1964,,,,399,,
1965,1965,,,,320,,
1966,1966,,,,341,,
1967,1967,,,,383,,
1968,1968,,,,417,,
1969,1969,,,,163,,
1970,1970,,,,250,,
1971,1971,,,,335,,
1972,1972,,,,382,,
1973,1973,,,,254,,
1974,1974,,,,293,,
1975,1975,,,,369,,
1976,1976,,,,412,,
1977,1977,,,,261,,
1978,1978,,,,335,,
1979,1979,,,,412,,
1980,1980,,,,434,,
1981,1981,,,,346,,
1982,1982,,,,388,,
1983,1983,,,,365,,
1984,1984,,,,404,,
1985,1985,509,,25.5,,,
1986,1986,544,,25.5,,,
1987,1987,566,,25.5,,,
1988,1988,544,,25.5,,,
1989,1989,548,,26,,,
1990,1990,632,,26,,,
1991,1991,624,,26,,,
1992,1992,609,,26,,,
1993,1993,616,,25,,,
1994,1994,666,,25,,,
1995,1995,645,,25,,,
1996,1996,632,,25,,,
1997,1997,632,,24,,,
1998,1998,604,,24,,,
1999,1999,660,,24,,,
2000,2000,624,,24,,,
2001,2001,476,,25.5,,,
2002,2002,574,,25.5,,,
2003,2003,616,,25.5,,,
2004,2004,593,,25.5,,,
2005,2005,602,,25,,,
2006,2006,606,,25,,,
2007,2007,614,,25,,,
2008,2008,592,,25,,,
2009,2009,630,,24.8,,,
2010,2010,624,,24.8,,,
2011,2011,604,,24.8,,,
2012,2012,627,,24.8,,,
2013,2013,620,,24,,,
2014,2014,698,,24,,,
2015,2015,636,,24,,,
2016,2016,676,,24,,,
2017,2017,418,,25.5,,,
2018,2018,524,,25.5,,,
2019,2019,542,,25.5,,,
2020,2020,502,,25.5,,,
2021,2021,479,,25,,,
2022,2022,611,,25,,,
2023,2023,628,,25,,,
2024,2024,567,,25,,,
2025,2025,644,,24.5,,,
2026,2026,636,,24.5,,,
2027,2027,641,,24.5,,,
2028,2028,548,,24.5,,,
2029,2029,606,,23.5,,,
2030,2030,586,,23.5,,,
2031,2031,642,,23.5,,,
2032,2032,609,,23.5,,,
2033,2033,448,,25,,,
2034,2034,582,,25,,,
2035,2035,587,,25,,,
2036,2036,542,,25,,,
2037,2037,617,,25,,,
2038,2038,629,,25,,,
2039,2039,615,,25,,,
2040,2040,623,,25,,,
2041,2041,559,,24.5,,,
2042,2042,627,,24.5,,,
2043,2043,623,,24.5,,,
2044,2044,578,,24.5,,,
2045,2045,656,,23.2,,,
2046,2046,617,,23.2,,,
2047,2047,545,,23.2,,,
2048,2048,567,,23.2,,,
2049,2049,30.2,25.972,86,14.5,,
2050,2050,34.9,30.014,86,18.4,,
2051,2051,44.9,38.614,86,22.7,,
2052,2052,53.2,45.752,86,31.8,,
2053,2053,40.3,34.658,86,22,,
2054,2054,47.6,40.936,86,24,,
2055,2055,52.4,45.064,86,29,,
2056,2056,51.1,43.946,86,27.5,,
2057,2057,48.2,41.452,86,28.7,,
2058,2058,51,43.86,86,31.3,,
2059,2059,52.8,45.408,86,32.9,,
2060,2060,46,39.56,86,26.6,,
2061,2061,48.9,42.054,86,28.4,,
2062,2062,51,43.86,86,32.8,,
2063,2063,48.9,42.054,86,35.2,,
2064,2064,43.8,37.668,86,29.7,,
2065,2065,36.5,31.39,86,18.8,,
2066,2066,43.5,37.41,86,22,,
2067,2067,49,42.14,86,27.6,,
2068,2068,52.6,45.236,86,30,,
2069,2069,42,36.12,86,18.9,,
2070,2070,50.7,43.602,86,23.4,,
2071,2071,58.9,50.654,86,27.7,,
2072,2072,61.5,52.89,86,42.5,,
2073,2073,48.4,41.624,86,29.9,,
2074,2074,52.7,45.322,86,34.4,,
2075,2075,60.4,51.944,86,36.1,,
2076,2076,51.4,44.204,86,34,,
2077,2077,56.6,48.676,86,35.2,,
2078,2078,62.7,53.922,86,36.6,,
2079,2079,58.9,50.654,86,38.9,,
2080,2080,50.3,43.258,86,33.5,,
2081,2081,30.1,25.886,86,12.7,,
2082,2082,46.1,39.646,86,22,,
2083,2083,53.6,46.096,86,25.8,,
2084,2084,40.7,35.002,86,18.7,,
2085,2085,41.5,35.69,86,17.1,,
2086,2086,52.7,45.322,86,25.3,,
2087,2087,53.4,45.924,86,29.6,,
2088,2088,51.5,44.29,86,23.8,,
2089,2089,53.2,45.752,86,25.7,,
2090,2090,58.2,50.052,86,30,,
2091,2091,60.5,52.03,86,34.9,,
2092,2092,62.6,53.836,86,37.1,,
2093,2093,51.4,44.204,86,23.5,,
2094,2094,52.7,45.322,86,26.5,,
2095,2095,56.3,48.418,86,27.2,,
2096,2096,55.8,47.988,86,31.6,,
2097,2097,34.6,29.756,86,15.7,,
2098,2098,41.1,35.346,86,20.2,,
2099,2099,45.3,38.958,86,21.5,,
2100,2100,53.3,45.838,86,26.8,,
2101,2101,42.2,36.292,86,21.4,,
2102,2102,43.5,37.41,86,20.3,,
2103,2103,55.2,47.472,86,28.4,,
2104,2104,54.1,46.526,86,26.9,,
2105,2105,46.3,39.818,86,19.7,,
2106,2106,52.7,45.322,86,23.1,,
2107,2107,53.5,46.01,86,27.2,,
2108,2108,59.4,51.084,86,32.7,,
2109,2109,59.2,50.912,86,34,,
2110,2110,60.1,51.686,86,28.4,,
2111,2111,60.5,52.03,86,32.7,,
2112,2112,59.8,51.428,86,34.1,,
2113,2113,161.8,,22,,,
2114,2114,255.8,,22,,,
2115,2115,266.1,,22,,,
2116,2116,295.8,,22,,,
2117,2117,195.2,,21,,,
2118,2118,252.1,,21,,,
2119,2119,311.5,,21,,,
2120,2120,399.4,,21,,,
2121,2121,240.6,,21,,,
2122,2122,326.7,,21,,,
2123,2123,369.1,,21,,,
2124,2124,448.5,,21,,,
2125,2125,307.9,,20,,,
2126,2126,344.2,,20,,,
2127,2127,377.6,,20,,,
2128,2128,410.3,,20,,,
2129,2129,189,,19,,,
2130,2130,309.1,,19,,,
2131,2131,317,,19,,,
2132,2132,370.3,,19,,,
2133,2133,156.4,,20,,,
2134,2134,277,,20,,,
2135,2135,323,,20,,,
2136,2136,372.1,,20,,,
2137,2137,249,,20,,,
2138,2138,311.5,,20,,,
2139,2139,378.2,,20,,,
2140,2140,368.5,,20,,,
2141,2141,303,,18,,,
2142,2142,329.1,,18,,,
2143,2143,357.6,,18,,,
2144,2144,412.1,,18,,,
2145,2145,96.3,,20,,,
2146,2146,292.7,,20,,,
2147,2147,299.4,,20,,,
2148,2148,312.1,,20,,,
2149,2149,208.5,,19,,,
2150,2150,292.7,,19,,,
2151,2151,326.7,,19,,,
2152,2152,385.5,,19,,,
2153,2153,192.7,,18,,,
2154,2154,307.3,,18,,,
2155,2155,344.2,,18,,,
2156,2156,396.4,,18,,,
2157,2157,290.9,,19,,,
2158,2158,333.3,,19,,,
2159,2159,354.5,,19,,,
2160,2160,397,,19,,,
2161,2161,155.2,,20,,,
2162,2162,263.6,,20,,,
2163,2163,283,,20,,,
2164,2164,324.2,,20,,,
2165,2165,178.2,,18,,,
2166,2166,301.2,,18,,,
2167,2167,338.1,,18,,,
2168,2168,376.4,,18,,,
2169,2169,251.5,,18,,,
2170,2170,300.6,,18,,,
2171,2171,329,,18,,,
2172,2172,388.5,,18,,,
2173,2173,172.7,,18,,,
2174,2174,337.6,,18,,,
2175,2175,336.4,,18,,,
2176,2176,400,,18,,,
2177,2177,62.1,53.406,86,49.7393958199601,,45.9
2178,2178,70.7,60.802,86,57.0130619495992,,45.9
2179,2179,85.3,73.358,86,72.4381259561066,,45.9
2180,2180,78.3,67.338,86,66.8068830690263,,45.9
2181,2181,73.5,63.21,86,50.512044082781,,45.2
2182,2182,82.3,70.778,86,67.0025720522695,,45.2
2183,2183,86.9,74.734,86,77.2429729557545,,45.2
2184,2184,74.6,64.156,86,69.4052915906372,,45.2
2185,2185,76.1,65.446,86,59.8044054166576,,42.5
2186,2186,82.9,71.294,86,69.1234887124602,,42.5
2187,2187,83.7,71.982,86,76.5101460905205,,42.5
2188,2188,71.5,61.49,86,69.5761474845786,,42.5
2189,2189,81.6,70.176,86,61.7059416645152,,37.6
2190,2190,86.7,74.562,86,73.1863270861611,,37.6
2191,2191,85.9,73.874,86,78.546004634713,,37.6
2192,2192,80.9,69.574,86,79.8934471349498,,37.6
2193,2193,62.8,54.008,86,45.579597804249,,45.8
2194,2194,67.8,58.308,86,55.4584541259967,,45.8
2195,2195,81,69.66,86,69.617854774023,,45.8
2196,2196,74.2,63.812,86,68.0892577065196,,45.8
2197,2197,75.6,65.016,86,56.9257231564703,,44.1
2198,2198,87.8,75.508,86,71.6878497795239,,44.1
2199,2199,87.9,75.594,86,81.5525695879172,,44.1
2200,2200,66,56.76,86,66.195599988247,,44.1
2201,2201,75.9,65.274,86,54.8566501709223,,41.8
2202,2202,81.3,69.918,86,70.9825890623827,,41.8
2203,2203,88.4,76.024,86,84.5792729083099,,41.8
2204,2204,76.1,65.446,86,74.6870616916242,,41.8
2205,2205,85.3,73.358,86,67.2851460356624,,40.1
2206,2206,91.4,78.604,86,80.8672156463312,,40.1
2207,2207,88.2,75.852,86,80.7462778066632,,40.1
2208,2208,76.2,65.532,86,77.9097112103817,,40.1
2209,2209,42.1,36.206,86,31.6723129038679,,46.4
2210,2210,76.7,65.962,86,65.522930185375,,46.4
2211,2211,84.2,72.412,86,74.3184612334035,,46.4
2212,2212,77.1,66.306,86,66.2849600945079,,46.4
2213,2213,63.2,54.352,86,47.0923784385936,,43.4
2214,2214,77.1,66.306,86,65.5446609131151,,43.4
2215,2215,83.8,72.068,86,76.8452386013912,,43.4
2216,2216,80.4,69.144,86,77.2982621224538,,43.4
2217,2217,83.6,71.896,86,66.3949014585853,,41.6
2218,2218,86.8,74.648,86,76.5785903588291,,41.6
2219,2219,88.7,76.282,86,93.4806775902052,,41.6
2220,2220,67.6,58.136,86,69.781971570374,,41.6
2221,2221,83.7,71.982,86,65.9937747353691,,38.5
2222,2222,83.9,72.154,86,73.0750926768458,,38.5
2223,2223,89,76.54,86,87.2738679920736,,38.5
2224,2224,65.1,55.986,86,68.1169813815553,,38.5
2225,2225,48.4,41.624,86,35.6132702392153,,44.2
2226,2226,77.6,66.736,86,60.1059543511359,,44.2
2227,2227,84.1,72.326,86,73.2975705986953,,44.2
2228,2228,81.3,69.918,86,75.097942517835,,44.2
2229,2229,62.5,53.75,86,43.9971512636113,,43.1
2230,2230,81.1,69.746,86,62.3605243929221,,43.1
2231,2231,89.6,77.056,86,81.5470756969742,,43.1
2232,2232,77.9,66.994,86,78.234382756495,,43.1
2233,2233,74.6,64.156,86,57.4014524983372,,41.1
2234,2234,84.4,72.584,86,70.2657657282932,,41.1
2235,2235,87,74.82,86,79.4914966987256,,41.1
2236,2236,76.2,65.532,86,75.161301318652,,41.1
2237,2237,90.2,77.572,86,77.1531270407061,,39.1
2238,2238,95.4,82.044,86,90.9772558110104,,39.1
2239,2239,89.1,76.626,86,87.449396834725,,39.1
2240,2240,83.1,71.466,86,90.6988649809923,,39.1
2241,2241,29.5,25.37,86,9.17,,47.7
2242,2242,55.3,47.558,86,18.74,,47.7
2243,2243,66.6,57.276,86,23.95,,47.7
2244,2244,64,55.04,86,30.78,,47.7
2245,2245,33.8,29.068,86,8.36,,47.7
2246,2246,62.8,54.008,86,26.21,,47.7
2247,2247,75.3,64.758,86,29.62,,47.7
2248,2248,81.7,70.262,86,33.3,,47.7
2249,2249,47.1,40.506,86,14.98,,42.3
2250,2250,68.1,58.566,86,22.44,,42.3
2251,2251,74.4,63.984,86,32.11,,42.3
2252,2252,79.5,68.37,86,33.47,,42.3
2253,2253,50.7,43.602,86,14.72,,39.1
2254,2254,74.9,64.414,86,28.4,,39.1
2255,2255,80.8,69.488,86,36.84,,39.1
2256,2256,75,64.5,86,33.97,,39.1
2257,2257,32.1,27.606,86,10.25,,48.6
2258,2258,58.1,49.966,86,23.55,,48.6
2259,2259,74.7,64.242,86,26.29,,48.6
2260,2260,78.7,67.682,86,34.7,,48.6
2261,2261,39.2,33.712,86,14.52,,47.6
2262,2262,62,53.32,86,27.75,,47.6
2263,2263,73.2,62.952,86,31.05,,47.6
2264,2264,83.4,71.724,86,33.3,,47.6
2265,2265,43.7,37.582,86,14.08,,42.7
2266,2266,78.7,67.682,86,27.28,,42.7
2267,2267,82.4,70.864,86,38.43,,42.7
2268,2268,78.2,67.252,86,34.92,,42.7
2269,2269,52.2,44.892,86,15.52,,39.3
2270,2270,72.6,62.436,86,33.98,,39.3
2271,2271,77.5,66.65,86,38.51,,39.3
2272,2272,75,64.5,86,40.87,,39.3
2273,2273,28.3,24.338,86,10.25,,49.2
2274,2274,57.9,49.794,86,18.26,,49.2
2275,2275,74.4,63.984,86,27.23,,49.2
2276,2276,76.5,65.79,86,27.98,,49.2
2277,2277,37.3,32.078,86,10.12,,47.4
2278,2278,67.3,57.878,86,23.64,,47.4
2279,2279,78.6,67.596,86,28.66,,47.4
2280,2280,77.2,66.392,86,30.13,,47.4
2281,2281,52.3,44.978,86,19.07,,42.5
2282,2282,65.2,56.072,86,25.08,,42.5
2283,2283,73.1,62.866,86,34.22,,42.5
2284,2284,81.6,70.176,86,32.5,,42.5
2285,2285,46.8,40.248,86,10.74,,38
2286,2286,70.9,60.974,86,25.36,,38
2287,2287,79.5,68.37,86,29.02,,38
2288,2288,75.2,64.672,86,31.85,,38
2289,2289,27.9,23.994,86,8.1,,48
2290,2290,63.1,54.266,86,20.67,,48
2291,2291,72.6,62.436,86,24.42,,48
2292,2292,76.7,65.962,86,30.78,,48
2293,2293,36.4,31.304,86,10.56,,48.3
2294,2294,64.6,55.556,86,24.66,,48.3
2295,2295,78.5,67.51,86,26.27,,48.3
2296,2296,80.8,69.488,86,33.3,,48.3
2297,2297,44.7,38.442,86,15.89,,42.6
2298,2298,69.4,59.684,86,23.32,,42.6
2299,2299,74.4,63.984,86,28.42,,42.6
2300,2300,78.5,67.51,86,29.59,,42.6
2301,2301,55.9,48.074,86,14.72,,40.2
2302,2302,73.4,63.124,86,26.88,,40.2
2303,2303,71.2,61.232,86,31.26,,40.2
2304,2304,70.6,60.716,86,33.44,,40.2
2305,2305,,,,219.2,,
2306,2306,,,,233.8,,
2307,2307,,,,296,,
2308,2308,,,,362.1,,
2309,2309,,,,209.6,,
2310,2310,,,,309.1,,
2311,2311,,,,291.4,,
2312,2312,,,,377.3,,
2313,2313,,,,283.8,,
2314,2314,,,,319.2,,
2315,2315,,,,420.2,,
2316,2316,,,,374.7,,
2317,2317,,,,321.7,,
2318,2318,,,,328.3,,
2319,2319,,,,399.5,,
2320,2320,,,,404,,
2321,2321,,,,209.1,,
2322,2322,,,,256.6,,
2323,2323,,,,309.1,,
2324,2324,,,,383.3,,
2325,2325,,,,239.9,,
2326,2326,,,,297.5,,
2327,2327,,,,333.8,,
2328,2328,,,,405.6,,
2329,2329,,,,262.1,,
2330,2330,,,,350,,
2331,2331,,,,437.4,,
2332,2332,,,,413.1,,
2333,2333,,,,294.4,,
2334,2334,,,,340.9,,
2335,2335,,,,307.1,,
2336,2336,,,,433.8,,
2337,2337,,,,179.8,,
2338,2338,,,,213.6,,
2339,2339,,,,271.2,,
2340,2340,,,,333.8,,
2341,2341,,,,211.1,,
2342,2342,,,,283.3,,
2343,2343,,,,367.2,,
2344,2344,,,,390.4,,
2345,2345,,,,300,,
2346,2346,,,,412.1,,
2347,2347,,,,344.4,,
2348,2348,,,,415.7,,
2349,2349,,,,381.3,,
2350,2350,,,,298.5,,
2351,2351,,,,304,,
2352,2352,,,,411.1,,
2353,2353,,,,168.7,,
2354,2354,,,,293.9,,
2355,2355,,,,303,,
2356,2356,,,,343.9,,
2357,2357,,,,213.1,,
2358,2358,,,,283.3,,
2359,2359,,,,355.6,,
2360,2360,,,,358.6,,
2361,2361,,,,326,,
2362,2362,,,,378.8,,
2363,2363,,,,379.3,,
2364,2364,,,,373.2,,
2365,2365,,,,352.5,,
2366,2366,,,,349.5,,
2367,2367,,,,307.6,,
2368,2368,,,,400,,
2369,2369,415.5,,25.4,,,
2370,2370,471.8,,25.4,,,
2371,2371,485.4,,25.4,,,
2372,2372,409.6,,25.4,,,
2373,2373,564,,26.3,,,
2374,2374,464.5,,26.3,,,
2375,2375,555.7,,26.3,,,
2376,2376,482,,26.3,,,
2377,2377,551.4,,25.3,,,
2378,2378,547.5,,25.3,,,
2379,2379,521.3,,25.3,,,
2380,2380,625.1,,25.3,,,
2381,2381,596,,25.1,,,
2382,2382,535.8,,25.1,,,
2383,2383,582.4,,25.1,,,
2384,2384,575.1,,25.1,,,
2385,2385,448.5,,27.1,,,
2386,2386,519.8,,27.1,,,
2387,2387,524.2,,27.1,,,
2388,2388,510.6,,27.1,,,
2389,2389,488.8,,26,,,
2390,2390,549.9,,26,,,
2391,2391,500.4,,26,,,
2392,2392,519.8,,26,,,
2393,2393,597,,26.1,,,
2394,2394,582.4,,26.1,,,
2395,2395,511.1,,26.1,,,
2396,2396,566.4,,26.1,,,
2397,2397,568.3,,25.5,,,
2398,2398,585.3,,25.5,,,
2399,2399,565.4,,25.5,,,
2400,2400,519.8,,25.5,,,
2401,2401,403.8,,26.2,,,
2402,2402,518.4,,26.2,,,
2403,2403,522.2,,26.2,,,
2404,2404,443.6,,26.2,,,
2405,2405,467.9,,26,,,
2406,2406,524.7,,26,,,
2407,2407,485.4,,26,,,
2408,2408,514.5,,26,,,
2409,2409,564,,23.7,,,
2410,2410,508.2,,23.7,,,
2411,2411,619.8,,23.7,,,
2412,2412,593.1,,23.7,,,
2413,2413,528.1,,24.6,,,
2414,2414,572.7,,24.6,,,
2415,2415,594.1,,24.6,,,
2416,2416,529,,24.6,,,
2417,2417,380,,25.1,,,
2418,2418,436.8,,25.1,,,
2419,2419,485.4,,25.1,,,
2420,2420,496.5,,25.1,,,
2421,2421,516.4,,24.1,,,
2422,2422,551.4,,24.1,,,
2423,2423,593.1,,24.1,,,
2424,2424,561.6,,24.1,,,
2425,2425,573.7,,25.2,,,
2426,2426,547.5,,25.2,,,
2427,2427,537.3,,25.2,,,
2428,2428,547,,25.2,,,
2429,2429,627.1,,24.5,,,
2430,2430,577.6,,24.5,,,
2431,2431,628.5,,24.5,,,
2432,2432,609.6,,24.5,,,
2433,2433,29,24.94,86,13.7,,
2434,2434,36.1,31.046,86,18.2,,
2435,2435,48.4,41.624,86,24.1,,
2436,2436,53.8,46.268,86,27.3,,
2437,2437,40.6,34.916,86,23.4,,
2438,2438,48.1,41.366,86,24.2,,
2439,2439,50.7,43.602,86,26.5,,
2440,2440,59.2,50.912,86,32.1,,
2441,2441,49.7,42.742,86,26.2,,
2442,2442,52.4,45.064,86,29.3,,
2443,2443,52.9,45.494,86,32.4,,
2444,2444,56.9,48.934,86,35.3,,
2445,2445,49.8,42.828,86,30.1,,
2446,2446,51.2,44.032,86,29.5,,
2447,2447,54.1,46.526,86,32.9,,
2448,2448,53.8,46.268,86,35.3,,
2449,2449,36.6,31.476,86,17.8,,
2450,2450,43.6,37.496,86,22.9,,
2451,2451,52.1,44.806,86,26.9,,
2452,2452,58.1,49.966,86,32,,
2453,2453,39.3,33.798,86,20,,
2454,2454,53.5,46.01,86,27.7,,
2455,2455,57.3,49.278,86,31.9,,
2456,2456,60,51.6,86,32.1,,
2457,2457,47.5,40.85,86,24.8,,
2458,2458,55.2,47.472,86,30.7,,
2459,2459,61.9,53.234,86,38.4,,
2460,2460,55.4,47.644,86,34,,
2461,2461,53.4,45.924,86,31.5,,
2462,2462,57.8,49.708,86,29.5,,
2463,2463,55.3,47.558,86,36.3,,
2464,2464,56.9,48.934,86,35.3,,
2465,2465,29.7,25.542,86,16.4,,
2466,2466,45,38.7,86,26.2,,
2467,2467,53.1,45.666,86,28.2,,
2468,2468,50.2,43.172,86,25.9,,
2469,2469,40.3,34.658,86,22,,
2470,2470,49.7,42.742,86,28.4,,
2471,2471,54.6,46.956,86,31.3,,
2472,2472,55.8,47.988,86,30.8,,
2473,2473,50.9,43.774,86,31.5,,
2474,2474,58.4,50.224,86,34.7,,
2475,2475,59.7,51.342,86,35.1,,
2476,2476,60.9,52.374,86,36.7,,
2477,2477,53.7,46.182,86,28.7,,
2478,2478,56.9,48.934,86,33.5,,
2479,2479,57.4,49.364,86,34.9,,
2480,2480,60.5,52.03,86,36.6,,
2481,2481,29.8,25.628,86,16.4,,
2482,2482,44.5,38.27,86,20.2,,
2483,2483,47,40.42,86,24.8,,
2484,2484,58.7,50.482,86,29.3,,
2485,2485,40.2,34.572,86,23.4,,
2486,2486,46.6,40.076,86,24.9,,
2487,2487,58.5,50.31,86,32.6,,
2488,2488,57.1,49.106,86,33.5,,
2489,2489,50.4,43.344,86,26.2,,
2490,2490,51.7,44.462,86,28.7,,
2491,2491,58.3,50.138,86,35.1,,
2492,2492,60.8,52.288,86,35.3,,
2493,2493,52.7,45.322,86,25.3,,
2494,2494,59.4,51.084,86,32.8,,
2495,2495,57.3,49.278,86,30.9,,
2496,2496,56.8,48.848,86,36.6,,
2497,2497,196.96,,,,,
2498,2498,323.63,,,,,
2499,2499,398.79,,,,,
2500,2500,416.36,,,,,
2501,2501,401.21,,,,,
2502,2502,420.61,,,,,
2503,2503,435.15,,,,,
2504,2504,444.24,,,,,
2505,2505,471.52,,,,,
2506,2506,510.91,,,,,
2507,2507,502.42,,,,,
2508,2508,569.7,,,,,
2509,2509,490.3,,,,,
2510,2510,452.73,,,,,
2511,2511,571.52,,,,,
2512,2512,602.42,,,,,
2513,2513,296.36,,,,,
2514,2514,406.06,,,,,
2515,2515,421.82,,,,,
2516,2516,464.24,,,,,
2517,2517,358.18,,,,,
2518,2518,405.45,,,,,
2519,2519,502.42,,,,,
2520,2520,491.52,,,,,
2521,2521,435.76,,,,,
2522,2522,561.82,,,,,
2523,2523,452.73,,,,,
2524,2524,601.21,,,,,
2525,2525,550.3,,,,,
2526,2526,503.64,,,,,
2527,2527,528.48,,,,,
2528,2528,481.82,,,,,
2529,2529,194.5,,,,,
2530,2530,390.3,,,,,
2531,2531,423.03,,,,,
2532,2532,473.94,,,,,
2533,2533,343.03,,,,,
2534,2534,482.42,,,,,
2535,2535,546.66,,,,,
2536,2536,506.66,,,,,
2537,2537,369.69,,,,,
2538,2538,370.9,,,,,
2539,2539,451.51,,,,,
2540,2540,499.39,,,,,
2541,2541,412.73,,,,,
2542,2542,559.99,,,,,
2543,2543,573.94,,,,,
2544,2544,428.48,,,,,
2545,2545,273.94,,,,,
2546,2546,355.76,,,,,
2547,2547,356.36,,,,,
2548,2548,434.54,,,,,
2549,2549,329.7,,,,,
2550,2550,483.03,,,,,
2551,2551,476.36,,,,,
2552,2552,476.36,,,,,
2553,2553,366.66,,,,,
2554,2554,456.97,,,,,
2555,2555,496.36,,,,,
2556,2556,435.15,,,,,
2557,2557,484.24,,,,,
2558,2558,505.45,,,,,
2559,2559,558.18,,,,,
2560,2560,510.3,,,,,
2561,2561,53.4,,,39.7,,
2562,2562,66.2,,,37.4,,
2563,2563,87.8,,,60,,
2564,2564,94.3,,,69.3,,
2565,2565,77.8,,,52,,
2566,2566,90.2,,,69.9,,
2567,2567,95,,,68.3,,
2568,2568,99.6,,,81.1,,
2569,2569,88.6,,,60.1,,
2570,2570,96.7,,,73.2,,
2571,2571,108.3,,,88.8,,
2572,2572,104.3,,,92,,
2573,2573,97.3,,,70.8,,
2574,2574,98.7,,,80.6,,
2575,2575,102.4,,,88.3,,
2576,2576,94.9,,,88.4,,
2577,2577,55.8,,,38.4,,
2578,2578,77.3,,,59.7,,
2579,2579,97.6,,,67.2,,
2580,2580,101.6,,,81.8,,
2581,2581,76.5,,,60.3,,
2582,2582,95.2,,,50.3,,
2583,2583,99.1,,,79.3,,
2584,2584,102.9,,,89.6,,
2585,2585,90.7,,,66.5,,
2586,2586,102.1,,,85.8,,
2587,2587,101,,,78.8,,
2588,2588,100.4,,,82.9,,
2589,2589,99.6,,,73.9,,
2590,2590,100.3,,,81.2,,
2591,2591,100.3,,,78.3,,
2592,2592,100.6,,,99.4,,
2593,2593,49.3,,,33.2,,
2594,2594,78.8,,,61.7,,
2595,2595,94.4,,,67.9,,
2596,2596,88.2,,,66.7,,
2597,2597,72.4,,,47.5,,
2598,2598,85.9,,,68,,
2599,2599,95.2,,,65.7,,
2600,2600,97.9,,,80.5,,
2601,2601,96.2,,,69,,
2602,2602,101.7,,,80.8,,
2603,2603,106.6,,,88.8,,
2604,2604,103.8,,,97.7,,
2605,2605,92.4,,,65.8,,
2606,2606,93.9,,,85,,
2607,2607,98.3,,,71.4,,
2608,2608,93.3,,,86,,
2609,2609,46,,,30,,
2610,2610,75.5,,,57.8,,
2611,2611,89.1,,,60.7,,
2612,2612,103.6,,,75.2,,
2613,2613,71.8,,,46.2,,
2614,2614,90.8,,,72.5,,
2615,2615,107.1,,,78.6,,
2616,2616,101.9,,,96.7,,
2617,2617,88.4,,,65.2,,
2618,2618,92.7,,,70.7,,
2619,2619,101,,,75,,
2620,2620,102.2,,,91,,
2621,2621,97.6,,,82,,
2622,2622,104.4,,,100.4,,
2623,2623,101.1,,,86.4,,
2624,2624,91.3,,,84.2,,
2625,2625,475.5,,,87.8,,
2626,2626,645.7,,,92.1,,
2627,2627,784.4,,,106.9,,
2628,2628,721.6,,,69.8,,
2629,2629,693.1,,,161.9,,
2630,2630,733.3,,,181,,
2631,2631,827.3,,,171.4,,
2632,2632,813.9,,,148.1,,
2633,2633,809,,,215.9,,
2634,2634,828.8,,,261.4,,
2635,2635,871.2,,,224.3,,
2636,2636,1009,,,263.5,,
2637,2637,850.2,,,276.2,,
2638,2638,920.8,,,299.5,,
2639,2639,924.1,,,292.1,,
2640,2640,908.4,,,251.9,,
2641,2641,568,,,134.4,,
2642,2642,844.9,,,133.3,,
2643,2643,849,,,141.8,,
2644,2644,803.3,,,121.7,,
2645,2645,660.4,,,187.3,,
2646,2646,806.7,,,224.3,,
2647,2647,827.3,,,221.2,,
2648,2648,813.9,,,270.9,,
2649,2649,809,,,269.8,,
2650,2650,889.8,,,284.7,,
2651,2651,891.7,,,268.8,,
2652,2652,978.2,,,251.9,,
2653,2653,846.2,,,322.8,,
2654,2654,911.8,,,319.6,,
2655,2655,923.1,,,366.1,,
2656,2656,862.3,,,353.4,,
2657,2657,604.2,,,153.4,,
2658,2658,730.8,,,166.1,,
2659,2659,806.6,,,103.7,,
2660,2660,787.9,,,184.1,,
2661,2661,641.5,,,224.3,,
2662,2662,779.3,,,289.9,,
2663,2663,811.9,,,230.7,,
2664,2664,829.7,,,269.8,,
2665,2665,565.8,,,319.6,,
2666,2666,848.1,,,342.9,,
2667,2667,880,,,322.8,,
2668,2668,954.7,,,319.6,,
2669,2669,889.1,,,358.7,,
2670,2670,882.6,,,407.4,,
2671,2671,1001,,,329.1,,
2672,2672,975,,,367.2,,
2673,2673,430.3,,,237,,
2674,2674,728.8,,,215.9,,
2675,2675,815.7,,,252.9,,
2676,2676,723.5,,,235.3,,
2677,2677,659.7,,,315.3,,
2678,2678,909.3,,,240.2,,
2679,2679,860.9,,,234.9,,
2680,2680,782.1,,,263.5,,
2681,2681,787.1,,,324.9,,
2682,2682,817.1,,,313.2,,
2683,2683,908.4,,,337.6,,
2684,2684,941.4,,,325.2,,
2685,2685,861.8,,,398.9,,
2686,2686,905.1,,,335.4,,
2687,2687,949.4,,,325.9,,
2688,2688,880.4,,,375.7,,
