Ernte_ID,Versuchsjahr,Termin,Parzelle_ID,Saat_Pflanzgut_ID,Ganzflaechig,Technik_ID
1,1967,19671002,1,1,1,24
2,1967,19671002,2,1,1,24
3,1967,19671002,3,1,1,24
4,1967,19671002,4,1,1,24
5,1967,19671002,5,1,1,24
6,1967,19671002,6,1,1,24
7,1967,19671002,7,1,1,24
8,1967,19671002,8,1,1,24
9,1967,19671002,9,1,1,24
10,1967,19671002,10,1,1,24
11,1967,19671002,11,1,1,24
12,1967,19671002,12,1,1,24
13,1967,19671002,13,1,1,24
14,1967,19671002,14,1,1,24
15,1967,19671002,15,1,1,24
16,1967,19671002,16,1,1,24
17,1967,19671002,22,1,1,24
18,1967,19671002,28,1,1,24
19,1967,19671002,30,1,1,24
20,1967,19671002,26,1,1,24
21,1967,19671002,17,1,1,24
22,1967,19671002,18,1,1,24
23,1967,19671002,19,1,1,24
24,1967,19671002,20,1,1,24
25,1967,19671002,29,1,1,24
26,1967,19671002,31,1,1,24
27,1967,19671002,24,1,1,24
28,1967,19671002,32,1,1,24
29,1967,19671002,25,1,1,24
30,1967,19671002,21,1,1,24
31,1967,19671002,23,1,1,24
32,1967,19671002,27,1,1,24
33,1967,19671002,45,1,1,24
34,1967,19671002,39,1,1,24
35,1967,19671002,37,1,1,24
36,1967,19671002,48,1,1,24
37,1967,19671002,43,1,1,24
38,1967,19671002,41,1,1,24
39,1967,19671002,47,1,1,24
40,1967,19671002,46,1,1,24
41,1967,19671002,33,1,1,24
42,1967,19671002,34,1,1,24
43,1967,19671002,35,1,1,24
44,1967,19671002,36,1,1,24
45,1967,19671002,40,1,1,24
46,1967,19671002,42,1,1,24
47,1967,19671002,44,1,1,24
48,1967,19671002,38,1,1,24
49,1967,19671002,57,1,1,24
50,1967,19671002,63,1,1,24
51,1967,19671002,60,1,1,24
52,1967,19671002,53,1,1,24
53,1967,19671002,61,1,1,24
54,1967,19671002,64,1,1,24
55,1967,19671002,59,1,1,24
56,1967,19671002,58,1,1,24
57,1967,19671002,54,1,1,24
58,1967,19671002,56,1,1,24
59,1967,19671002,62,1,1,24
60,1967,19671002,55,1,1,24
61,1967,19671002,49,1,1,24
62,1967,19671002,50,1,1,24
63,1967,19671002,51,1,1,24
64,1967,19671002,52,1,1,24
65,1968,19680816,1,2,1,21
66,1968,19680816,2,2,1,21
67,1968,19680816,3,2,1,21
68,1968,19680816,4,2,1,21
69,1968,19680816,5,2,1,21
70,1968,19680816,6,2,1,21
71,1968,19680816,7,2,1,21
72,1968,19680816,8,2,1,21
73,1968,19680816,9,2,1,21
74,1968,19680816,10,2,1,21
75,1968,19680816,11,2,1,21
76,1968,19680816,12,2,1,21
77,1968,19680816,13,2,1,21
78,1968,19680816,14,2,1,21
79,1968,19680816,15,2,1,21
80,1968,19680816,16,2,1,21
81,1968,19680816,22,2,1,21
82,1968,19680816,28,2,1,21
83,1968,19680816,30,2,1,21
84,1968,19680816,26,2,1,21
85,1968,19680816,17,2,1,21
86,1968,19680816,18,2,1,21
87,1968,19680816,19,2,1,21
88,1968,19680816,20,2,1,21
89,1968,19680816,29,2,1,21
90,1968,19680816,31,2,1,21
91,1968,19680816,24,2,1,21
92,1968,19680816,32,2,1,21
93,1968,19680816,25,2,1,21
94,1968,19680816,21,2,1,21
95,1968,19680816,23,2,1,21
96,1968,19680816,27,2,1,21
97,1968,19680816,45,2,1,21
98,1968,19680816,39,2,1,21
99,1968,19680816,37,2,1,21
100,1968,19680816,48,2,1,21
101,1968,19680816,43,2,1,21
102,1968,19680816,41,2,1,21
103,1968,19680816,47,2,1,21
104,1968,19680816,46,2,1,21
105,1968,19680816,33,2,1,21
106,1968,19680816,34,2,1,21
107,1968,19680816,35,2,1,21
108,1968,19680816,36,2,1,21
109,1968,19680816,40,2,1,21
110,1968,19680816,42,2,1,21
111,1968,19680816,44,2,1,21
112,1968,19680816,38,2,1,21
113,1968,19680816,57,2,1,21
114,1968,19680816,63,2,1,21
115,1968,19680816,60,2,1,21
116,1968,19680816,53,2,1,21
117,1968,19680816,61,2,1,21
118,1968,19680816,64,2,1,21
119,1968,19680816,59,2,1,21
120,1968,19680816,58,2,1,21
121,1968,19680816,54,2,1,21
122,1968,19680816,56,2,1,21
123,1968,19680816,62,2,1,21
124,1968,19680816,55,2,1,21
125,1968,19680816,49,2,1,21
126,1968,19680816,50,2,1,21
127,1968,19680816,51,2,1,21
128,1968,19680816,52,2,1,21
129,1969,19691023,1,3,1,20
130,1969,19691023,2,3,1,20
131,1969,19691023,3,3,1,20
132,1969,19691023,4,3,1,20
133,1969,19691023,5,3,1,20
134,1969,19691023,6,3,1,20
135,1969,19691023,7,3,1,20
136,1969,19691023,8,3,1,20
137,1969,19691023,9,3,1,20
138,1969,19691023,10,3,1,20
139,1969,19691023,11,3,1,20
140,1969,19691023,12,3,1,20
141,1969,19691023,13,3,1,20
142,1969,19691023,14,3,1,20
143,1969,19691023,15,3,1,20
144,1969,19691023,16,3,1,20
145,1969,19691023,22,3,1,20
146,1969,19691023,28,3,1,20
147,1969,19691023,30,3,1,20
148,1969,19691023,26,3,1,20
149,1969,19691023,17,3,1,20
150,1969,19691023,18,3,1,20
151,1969,19691023,19,3,1,20
152,1969,19691023,20,3,1,20
153,1969,19691023,29,3,1,20
154,1969,19691023,31,3,1,20
155,1969,19691023,24,3,1,20
156,1969,19691023,32,3,1,20
157,1969,19691023,25,3,1,20
158,1969,19691023,21,3,1,20
159,1969,19691023,23,3,1,20
160,1969,19691023,27,3,1,20
161,1969,19691023,45,3,1,20
162,1969,19691023,39,3,1,20
163,1969,19691023,37,3,1,20
164,1969,19691023,48,3,1,20
165,1969,19691023,43,3,1,20
166,1969,19691023,41,3,1,20
167,1969,19691023,47,3,1,20
168,1969,19691023,46,3,1,20
169,1969,19691023,33,3,1,20
170,1969,19691023,34,3,1,20
171,1969,19691023,35,3,1,20
172,1969,19691023,36,3,1,20
173,1969,19691023,40,3,1,20
174,1969,19691023,42,3,1,20
175,1969,19691023,44,3,1,20
176,1969,19691023,38,3,1,20
177,1969,19691023,57,3,1,20
178,1969,19691023,63,3,1,20
179,1969,19691023,60,3,1,20
180,1969,19691023,53,3,1,20
181,1969,19691023,61,3,1,20
182,1969,19691023,64,3,1,20
183,1969,19691023,59,3,1,20
184,1969,19691023,58,3,1,20
185,1969,19691023,54,3,1,20
186,1969,19691023,56,3,1,20
187,1969,19691023,62,3,1,20
188,1969,19691023,55,3,1,20
189,1969,19691023,49,3,1,20
190,1969,19691023,50,3,1,20
191,1969,19691023,51,3,1,20
192,1969,19691023,52,3,1,20
193,1969,19691030,1,3,1,18
194,1969,19691030,2,3,1,18
195,1969,19691030,3,3,1,18
196,1969,19691030,4,3,1,18
197,1969,19691030,5,3,1,18
198,1969,19691030,6,3,1,18
199,1969,19691030,7,3,1,18
200,1969,19691030,8,3,1,18
201,1969,19691030,9,3,1,18
202,1969,19691030,10,3,1,18
203,1969,19691030,11,3,1,18
204,1969,19691030,12,3,1,18
205,1969,19691030,13,3,1,18
206,1969,19691030,14,3,1,18
207,1969,19691030,15,3,1,18
208,1969,19691030,16,3,1,18
209,1969,19691030,22,3,1,18
210,1969,19691030,28,3,1,18
211,1969,19691030,30,3,1,18
212,1969,19691030,26,3,1,18
213,1969,19691030,17,3,1,18
214,1969,19691030,18,3,1,18
215,1969,19691030,19,3,1,18
216,1969,19691030,20,3,1,18
217,1969,19691030,29,3,1,18
218,1969,19691030,31,3,1,18
219,1969,19691030,24,3,1,18
220,1969,19691030,32,3,1,18
221,1969,19691030,25,3,1,18
222,1969,19691030,21,3,1,18
223,1969,19691030,23,3,1,18
224,1969,19691030,27,3,1,18
225,1969,19691030,45,3,1,18
226,1969,19691030,39,3,1,18
227,1969,19691030,37,3,1,18
228,1969,19691030,48,3,1,18
229,1969,19691030,43,3,1,18
230,1969,19691030,41,3,1,18
231,1969,19691030,47,3,1,18
232,1969,19691030,46,3,1,18
233,1969,19691030,33,3,1,18
234,1969,19691030,34,3,1,18
235,1969,19691030,35,3,1,18
236,1969,19691030,36,3,1,18
237,1969,19691030,40,3,1,18
238,1969,19691030,42,3,1,18
239,1969,19691030,44,3,1,18
240,1969,19691030,38,3,1,18
241,1969,19691030,57,3,1,18
242,1969,19691030,63,3,1,18
243,1969,19691030,60,3,1,18
244,1969,19691030,53,3,1,18
245,1969,19691030,61,3,1,18
246,1969,19691030,64,3,1,18
247,1969,19691030,59,3,1,18
248,1969,19691030,58,3,1,18
249,1969,19691030,54,3,1,18
250,1969,19691030,56,3,1,18
251,1969,19691030,62,3,1,18
252,1969,19691030,55,3,1,18
253,1969,19691030,49,3,1,18
254,1969,19691030,50,3,1,18
255,1969,19691030,51,3,1,18
256,1969,19691030,52,3,1,18
257,1970,19700805,1,4,1,21
258,1970,19700805,2,4,1,21
259,1970,19700805,3,4,1,21
260,1970,19700805,4,4,1,21
261,1970,19700805,5,4,1,21
262,1970,19700805,6,4,1,21
263,1970,19700805,7,4,1,21
264,1970,19700805,8,4,1,21
265,1970,19700805,9,4,1,21
266,1970,19700805,10,4,1,21
267,1970,19700805,11,4,1,21
268,1970,19700805,12,4,1,21
269,1970,19700805,13,4,1,21
270,1970,19700805,14,4,1,21
271,1970,19700805,15,4,1,21
272,1970,19700805,16,4,1,21
273,1970,19700805,22,4,1,21
274,1970,19700805,28,4,1,21
275,1970,19700805,30,4,1,21
276,1970,19700805,26,4,1,21
277,1970,19700805,17,4,1,21
278,1970,19700805,18,4,1,21
279,1970,19700805,19,4,1,21
280,1970,19700805,20,4,1,21
281,1970,19700805,29,4,1,21
282,1970,19700805,31,4,1,21
283,1970,19700805,24,4,1,21
284,1970,19700805,32,4,1,21
285,1970,19700805,25,4,1,21
286,1970,19700805,21,4,1,21
287,1970,19700805,23,4,1,21
288,1970,19700805,27,4,1,21
289,1970,19700805,45,4,1,21
290,1970,19700805,39,4,1,21
291,1970,19700805,37,4,1,21
292,1970,19700805,48,4,1,21
293,1970,19700805,43,4,1,21
294,1970,19700805,41,4,1,21
295,1970,19700805,47,4,1,21
296,1970,19700805,46,4,1,21
297,1970,19700805,33,4,1,21
298,1970,19700805,34,4,1,21
299,1970,19700805,35,4,1,21
300,1970,19700805,36,4,1,21
301,1970,19700805,40,4,1,21
302,1970,19700805,42,4,1,21
303,1970,19700805,44,4,1,21
304,1970,19700805,38,4,1,21
305,1970,19700805,57,4,1,21
306,1970,19700805,63,4,1,21
307,1970,19700805,60,4,1,21
308,1970,19700805,53,4,1,21
309,1970,19700805,61,4,1,21
310,1970,19700805,64,4,1,21
311,1970,19700805,59,4,1,21
312,1970,19700805,58,4,1,21
313,1970,19700805,54,4,1,21
314,1970,19700805,56,4,1,21
315,1970,19700805,62,4,1,21
316,1970,19700805,55,4,1,21
317,1970,19700805,49,4,1,21
318,1970,19700805,50,4,1,21
319,1970,19700805,51,4,1,21
320,1970,19700805,52,4,1,21
321,1971,19710928,1,5,1,24
322,1971,19710928,2,5,1,24
323,1971,19710928,3,5,1,24
324,1971,19710928,4,5,1,24
325,1971,19710928,5,5,1,24
326,1971,19710928,6,5,1,24
327,1971,19710928,7,5,1,24
328,1971,19710928,8,5,1,24
329,1971,19710928,9,5,1,24
330,1971,19710928,10,5,1,24
331,1971,19710928,11,5,1,24
332,1971,19710928,12,5,1,24
333,1971,19710928,13,5,1,24
334,1971,19710928,14,5,1,24
335,1971,19710928,15,5,1,24
336,1971,19710928,16,5,1,24
337,1971,19710928,22,5,1,24
338,1971,19710928,28,5,1,24
339,1971,19710928,30,5,1,24
340,1971,19710928,26,5,1,24
341,1971,19710928,17,5,1,24
342,1971,19710928,18,5,1,24
343,1971,19710928,19,5,1,24
344,1971,19710928,20,5,1,24
345,1971,19710928,29,5,1,24
346,1971,19710928,31,5,1,24
347,1971,19710928,24,5,1,24
348,1971,19710928,32,5,1,24
349,1971,19710928,25,5,1,24
350,1971,19710928,21,5,1,24
351,1971,19710928,23,5,1,24
352,1971,19710928,27,5,1,24
353,1971,19710928,45,5,1,24
354,1971,19710928,39,5,1,24
355,1971,19710928,37,5,1,24
356,1971,19710928,48,5,1,24
357,1971,19710928,43,5,1,24
358,1971,19710928,41,5,1,24
359,1971,19710928,47,5,1,24
360,1971,19710928,46,5,1,24
361,1971,19710928,33,5,1,24
362,1971,19710928,34,5,1,24
363,1971,19710928,35,5,1,24
364,1971,19710928,36,5,1,24
365,1971,19710928,40,5,1,24
366,1971,19710928,42,5,1,24
367,1971,19710928,44,5,1,24
368,1971,19710928,38,5,1,24
369,1971,19710928,57,5,1,24
370,1971,19710928,63,5,1,24
371,1971,19710928,60,5,1,24
372,1971,19710928,53,5,1,24
373,1971,19710928,61,5,1,24
374,1971,19710928,64,5,1,24
375,1971,19710928,59,5,1,24
376,1971,19710928,58,5,1,24
377,1971,19710928,54,5,1,24
378,1971,19710928,56,5,1,24
379,1971,19710928,62,5,1,24
380,1971,19710928,55,5,1,24
381,1971,19710928,49,5,1,24
382,1971,19710928,50,5,1,24
383,1971,19710928,51,5,1,24
384,1971,19710928,52,5,1,24
385,1972,19720819,1,6,1,21
386,1972,19720819,2,6,1,21
387,1972,19720819,3,6,1,21
388,1972,19720819,4,6,1,21
389,1972,19720819,5,6,1,21
390,1972,19720819,6,6,1,21
391,1972,19720819,7,6,1,21
392,1972,19720819,8,6,1,21
393,1972,19720819,9,6,1,21
394,1972,19720819,10,6,1,21
395,1972,19720819,11,6,1,21
396,1972,19720819,12,6,1,21
397,1972,19720819,13,6,1,21
398,1972,19720819,14,6,1,21
399,1972,19720819,15,6,1,21
400,1972,19720819,16,6,1,21
401,1972,19720819,22,6,1,21
402,1972,19720819,28,6,1,21
403,1972,19720819,30,6,1,21
404,1972,19720819,26,6,1,21
405,1972,19720819,17,6,1,21
406,1972,19720819,18,6,1,21
407,1972,19720819,19,6,1,21
408,1972,19720819,20,6,1,21
409,1972,19720819,29,6,1,21
410,1972,19720819,31,6,1,21
411,1972,19720819,24,6,1,21
412,1972,19720819,32,6,1,21
413,1972,19720819,25,6,1,21
414,1972,19720819,21,6,1,21
415,1972,19720819,23,6,1,21
416,1972,19720819,27,6,1,21
417,1972,19720819,45,6,1,21
418,1972,19720819,39,6,1,21
419,1972,19720819,37,6,1,21
420,1972,19720819,48,6,1,21
421,1972,19720819,43,6,1,21
422,1972,19720819,41,6,1,21
423,1972,19720819,47,6,1,21
424,1972,19720819,46,6,1,21
425,1972,19720819,33,6,1,21
426,1972,19720819,34,6,1,21
427,1972,19720819,35,6,1,21
428,1972,19720819,36,6,1,21
429,1972,19720819,40,6,1,21
430,1972,19720819,42,6,1,21
431,1972,19720819,44,6,1,21
432,1972,19720819,38,6,1,21
433,1972,19720819,57,6,1,21
434,1972,19720819,63,6,1,21
435,1972,19720819,60,6,1,21
436,1972,19720819,53,6,1,21
437,1972,19720819,61,6,1,21
438,1972,19720819,64,6,1,21
439,1972,19720819,59,6,1,21
440,1972,19720819,58,6,1,21
441,1972,19720819,54,6,1,21
442,1972,19720819,56,6,1,21
443,1972,19720819,62,6,1,21
444,1972,19720819,55,6,1,21
445,1972,19720819,49,6,1,21
446,1972,19720819,50,6,1,21
447,1972,19720819,51,6,1,21
448,1972,19720819,52,6,1,21
449,1973,19731031,1,7,1,20
450,1973,19731031,2,7,1,20
451,1973,19731031,3,7,1,20
452,1973,19731031,4,7,1,20
453,1973,19731031,5,7,1,20
454,1973,19731031,6,7,1,20
455,1973,19731031,7,7,1,20
456,1973,19731031,8,7,1,20
457,1973,19731031,9,7,1,20
458,1973,19731031,10,7,1,20
459,1973,19731031,11,7,1,20
460,1973,19731031,12,7,1,20
461,1973,19731031,13,7,1,20
462,1973,19731031,14,7,1,20
463,1973,19731031,15,7,1,20
464,1973,19731031,16,7,1,20
465,1973,19731031,22,7,1,20
466,1973,19731031,28,7,1,20
467,1973,19731031,30,7,1,20
468,1973,19731031,26,7,1,20
469,1973,19731031,17,7,1,20
470,1973,19731031,18,7,1,20
471,1973,19731031,19,7,1,20
472,1973,19731031,20,7,1,20
473,1973,19731031,29,7,1,20
474,1973,19731031,31,7,1,20
475,1973,19731031,24,7,1,20
476,1973,19731031,32,7,1,20
477,1973,19731031,25,7,1,20
478,1973,19731031,21,7,1,20
479,1973,19731031,23,7,1,20
480,1973,19731031,27,7,1,20
481,1973,19731031,45,7,1,20
482,1973,19731031,39,7,1,20
483,1973,19731031,37,7,1,20
484,1973,19731031,48,7,1,20
485,1973,19731031,43,7,1,20
486,1973,19731031,41,7,1,20
487,1973,19731031,47,7,1,20
488,1973,19731031,46,7,1,20
489,1973,19731031,33,7,1,20
490,1973,19731031,34,7,1,20
491,1973,19731031,35,7,1,20
492,1973,19731031,36,7,1,20
493,1973,19731031,40,7,1,20
494,1973,19731031,42,7,1,20
495,1973,19731031,44,7,1,20
496,1973,19731031,38,7,1,20
497,1973,19731031,57,7,1,20
498,1973,19731031,63,7,1,20
499,1973,19731031,60,7,1,20
500,1973,19731031,53,7,1,20
501,1973,19731031,61,7,1,20
502,1973,19731031,64,7,1,20
503,1973,19731031,59,7,1,20
504,1973,19731031,58,7,1,20
505,1973,19731031,54,7,1,20
506,1973,19731031,56,7,1,20
507,1973,19731031,62,7,1,20
508,1973,19731031,55,7,1,20
509,1973,19731031,49,7,1,20
510,1973,19731031,50,7,1,20
511,1973,19731031,51,7,1,20
512,1973,19731031,52,7,1,20
513,1973,19731102,1,7,1,18
514,1973,19731102,2,7,1,18
515,1973,19731102,3,7,1,18
516,1973,19731102,4,7,1,18
517,1973,19731102,5,7,1,18
518,1973,19731102,6,7,1,18
519,1973,19731102,7,7,1,18
520,1973,19731102,8,7,1,18
521,1973,19731102,9,7,1,18
522,1973,19731102,10,7,1,18
523,1973,19731102,11,7,1,18
524,1973,19731102,12,7,1,18
525,1973,19731102,13,7,1,18
526,1973,19731102,14,7,1,18
527,1973,19731102,15,7,1,18
528,1973,19731102,16,7,1,18
529,1973,19731102,22,7,1,18
530,1973,19731102,28,7,1,18
531,1973,19731102,30,7,1,18
532,1973,19731102,26,7,1,18
533,1973,19731102,17,7,1,18
534,1973,19731102,18,7,1,18
535,1973,19731102,19,7,1,18
536,1973,19731102,20,7,1,18
537,1973,19731102,29,7,1,18
538,1973,19731102,31,7,1,18
539,1973,19731102,24,7,1,18
540,1973,19731102,32,7,1,18
541,1973,19731102,25,7,1,18
542,1973,19731102,21,7,1,18
543,1973,19731102,23,7,1,18
544,1973,19731102,27,7,1,18
545,1973,19731102,45,7,1,18
546,1973,19731102,39,7,1,18
547,1973,19731102,37,7,1,18
548,1973,19731102,48,7,1,18
549,1973,19731102,43,7,1,18
550,1973,19731102,41,7,1,18
551,1973,19731102,47,7,1,18
552,1973,19731102,46,7,1,18
553,1973,19731102,33,7,1,18
554,1973,19731102,34,7,1,18
555,1973,19731102,35,7,1,18
556,1973,19731102,36,7,1,18
557,1973,19731102,40,7,1,18
558,1973,19731102,42,7,1,18
559,1973,19731102,44,7,1,18
560,1973,19731102,38,7,1,18
561,1973,19731102,57,7,1,18
562,1973,19731102,63,7,1,18
563,1973,19731102,60,7,1,18
564,1973,19731102,53,7,1,18
565,1973,19731102,61,7,1,18
566,1973,19731102,64,7,1,18
567,1973,19731102,59,7,1,18
568,1973,19731102,58,7,1,18
569,1973,19731102,54,7,1,18
570,1973,19731102,56,7,1,18
571,1973,19731102,62,7,1,18
572,1973,19731102,55,7,1,18
573,1973,19731102,49,7,1,18
574,1973,19731102,50,7,1,18
575,1973,19731102,51,7,1,18
576,1973,19731102,52,7,1,18
577,1974,19740807,1,8,1,21
578,1974,19740807,2,8,1,21
579,1974,19740807,3,8,1,21
580,1974,19740807,4,8,1,21
581,1974,19740807,5,8,1,21
582,1974,19740807,6,8,1,21
583,1974,19740807,7,8,1,21
584,1974,19740807,8,8,1,21
585,1974,19740807,9,8,1,21
586,1974,19740807,10,8,1,21
587,1974,19740807,11,8,1,21
588,1974,19740807,12,8,1,21
589,1974,19740807,13,8,1,21
590,1974,19740807,14,8,1,21
591,1974,19740807,15,8,1,21
592,1974,19740807,16,8,1,21
593,1974,19740807,22,8,1,21
594,1974,19740807,28,8,1,21
595,1974,19740807,30,8,1,21
596,1974,19740807,26,8,1,21
597,1974,19740807,17,8,1,21
598,1974,19740807,18,8,1,21
599,1974,19740807,19,8,1,21
600,1974,19740807,20,8,1,21
601,1974,19740807,29,8,1,21
602,1974,19740807,31,8,1,21
603,1974,19740807,24,8,1,21
604,1974,19740807,32,8,1,21
605,1974,19740807,25,8,1,21
606,1974,19740807,21,8,1,21
607,1974,19740807,23,8,1,21
608,1974,19740807,27,8,1,21
609,1974,19740807,45,8,1,21
610,1974,19740807,39,8,1,21
611,1974,19740807,37,8,1,21
612,1974,19740807,48,8,1,21
613,1974,19740807,43,8,1,21
614,1974,19740807,41,8,1,21
615,1974,19740807,47,8,1,21
616,1974,19740807,46,8,1,21
617,1974,19740807,33,8,1,21
618,1974,19740807,34,8,1,21
619,1974,19740807,35,8,1,21
620,1974,19740807,36,8,1,21
621,1974,19740807,40,8,1,21
622,1974,19740807,42,8,1,21
623,1974,19740807,44,8,1,21
624,1974,19740807,38,8,1,21
625,1974,19740807,57,8,1,21
626,1974,19740807,63,8,1,21
627,1974,19740807,60,8,1,21
628,1974,19740807,53,8,1,21
629,1974,19740807,61,8,1,21
630,1974,19740807,64,8,1,21
631,1974,19740807,59,8,1,21
632,1974,19740807,58,8,1,21
633,1974,19740807,54,8,1,21
634,1974,19740807,56,8,1,21
635,1974,19740807,62,8,1,21
636,1974,19740807,55,8,1,21
637,1974,19740807,49,8,1,21
638,1974,19740807,50,8,1,21
639,1974,19740807,51,8,1,21
640,1974,19740807,52,8,1,21
641,1975,19750909,1,5,1,24
642,1975,19750909,2,5,1,24
643,1975,19750909,3,5,1,24
644,1975,19750909,4,5,1,24
645,1975,19750909,5,5,1,24
646,1975,19750909,6,5,1,24
647,1975,19750909,7,5,1,24
648,1975,19750909,8,5,1,24
649,1975,19750909,9,5,1,24
650,1975,19750909,10,5,1,24
651,1975,19750909,11,5,1,24
652,1975,19750909,12,5,1,24
653,1975,19750909,13,5,1,24
654,1975,19750909,14,5,1,24
655,1975,19750909,15,5,1,24
656,1975,19750909,16,5,1,24
657,1975,19750909,22,5,1,24
658,1975,19750909,28,5,1,24
659,1975,19750909,30,5,1,24
660,1975,19750909,26,5,1,24
661,1975,19750909,17,5,1,24
662,1975,19750909,18,5,1,24
663,1975,19750909,19,5,1,24
664,1975,19750909,20,5,1,24
665,1975,19750909,29,5,1,24
666,1975,19750909,31,5,1,24
667,1975,19750909,24,5,1,24
668,1975,19750909,32,5,1,24
669,1975,19750909,25,5,1,24
670,1975,19750909,21,5,1,24
671,1975,19750909,23,5,1,24
672,1975,19750909,27,5,1,24
673,1975,19750909,45,5,1,24
674,1975,19750909,39,5,1,24
675,1975,19750909,37,5,1,24
676,1975,19750909,48,5,1,24
677,1975,19750909,43,5,1,24
678,1975,19750909,41,5,1,24
679,1975,19750909,47,5,1,24
680,1975,19750909,46,5,1,24
681,1975,19750909,33,5,1,24
682,1975,19750909,34,5,1,24
683,1975,19750909,35,5,1,24
684,1975,19750909,36,5,1,24
685,1975,19750909,40,5,1,24
686,1975,19750909,42,5,1,24
687,1975,19750909,44,5,1,24
688,1975,19750909,38,5,1,24
689,1975,19750909,57,5,1,24
690,1975,19750909,63,5,1,24
691,1975,19750909,60,5,1,24
692,1975,19750909,53,5,1,24
693,1975,19750909,61,5,1,24
694,1975,19750909,64,5,1,24
695,1975,19750909,59,5,1,24
696,1975,19750909,58,5,1,24
697,1975,19750909,54,5,1,24
698,1975,19750909,56,5,1,24
699,1975,19750909,62,5,1,24
700,1975,19750909,55,5,1,24
701,1975,19750909,49,5,1,24
702,1975,19750909,50,5,1,24
703,1975,19750909,51,5,1,24
704,1975,19750909,52,5,1,24
705,1976,19760724,1,9,1,21
706,1976,19760724,2,9,1,21
707,1976,19760724,3,9,1,21
708,1976,19760724,4,9,1,21
709,1976,19760724,5,9,1,21
710,1976,19760724,6,9,1,21
711,1976,19760724,7,9,1,21
712,1976,19760724,8,9,1,21
713,1976,19760724,9,9,1,21
714,1976,19760724,10,9,1,21
715,1976,19760724,11,9,1,21
716,1976,19760724,12,9,1,21
717,1976,19760724,13,9,1,21
718,1976,19760724,14,9,1,21
719,1976,19760724,15,9,1,21
720,1976,19760724,16,9,1,21
721,1976,19760724,22,9,1,21
722,1976,19760724,28,9,1,21
723,1976,19760724,30,9,1,21
724,1976,19760724,26,9,1,21
725,1976,19760724,17,9,1,21
726,1976,19760724,18,9,1,21
727,1976,19760724,19,9,1,21
728,1976,19760724,20,9,1,21
729,1976,19760724,29,9,1,21
730,1976,19760724,31,9,1,21
731,1976,19760724,24,9,1,21
732,1976,19760724,32,9,1,21
733,1976,19760724,25,9,1,21
734,1976,19760724,21,9,1,21
735,1976,19760724,23,9,1,21
736,1976,19760724,27,9,1,21
737,1976,19760724,45,9,1,21
738,1976,19760724,39,9,1,21
739,1976,19760724,37,9,1,21
740,1976,19760724,48,9,1,21
741,1976,19760724,43,9,1,21
742,1976,19760724,41,9,1,21
743,1976,19760724,47,9,1,21
744,1976,19760724,46,9,1,21
745,1976,19760724,33,9,1,21
746,1976,19760724,34,9,1,21
747,1976,19760724,35,9,1,21
748,1976,19760724,36,9,1,21
749,1976,19760724,40,9,1,21
750,1976,19760724,42,9,1,21
751,1976,19760724,44,9,1,21
752,1976,19760724,38,9,1,21
753,1976,19760724,57,9,1,21
754,1976,19760724,63,9,1,21
755,1976,19760724,60,9,1,21
756,1976,19760724,53,9,1,21
757,1976,19760724,61,9,1,21
758,1976,19760724,64,9,1,21
759,1976,19760724,59,9,1,21
760,1976,19760724,58,9,1,21
761,1976,19760724,54,9,1,21
762,1976,19760724,56,9,1,21
763,1976,19760724,62,9,1,21
764,1976,19760724,55,9,1,21
765,1976,19760724,49,9,1,21
766,1976,19760724,50,9,1,21
767,1976,19760724,51,9,1,21
768,1976,19760724,52,9,1,21
769,1977,19771020,1,10,1,20
770,1977,19771020,2,10,1,20
771,1977,19771020,3,10,1,20
772,1977,19771020,4,10,1,20
773,1977,19771020,5,10,1,20
774,1977,19771020,6,10,1,20
775,1977,19771020,7,10,1,20
776,1977,19771020,8,10,1,20
777,1977,19771020,9,10,1,20
778,1977,19771020,10,10,1,20
779,1977,19771020,11,10,1,20
780,1977,19771020,12,10,1,20
781,1977,19771020,13,10,1,20
782,1977,19771020,14,10,1,20
783,1977,19771020,15,10,1,20
784,1977,19771020,16,10,1,20
785,1977,19771020,22,10,1,20
786,1977,19771020,28,10,1,20
787,1977,19771020,30,10,1,20
788,1977,19771020,26,10,1,20
789,1977,19771020,17,10,1,20
790,1977,19771020,18,10,1,20
791,1977,19771020,19,10,1,20
792,1977,19771020,20,10,1,20
793,1977,19771020,29,10,1,20
794,1977,19771020,31,10,1,20
795,1977,19771020,24,10,1,20
796,1977,19771020,32,10,1,20
797,1977,19771020,25,10,1,20
798,1977,19771020,21,10,1,20
799,1977,19771020,23,10,1,20
800,1977,19771020,27,10,1,20
801,1977,19771020,45,10,1,20
802,1977,19771020,39,10,1,20
803,1977,19771020,37,10,1,20
804,1977,19771020,48,10,1,20
805,1977,19771020,43,10,1,20
806,1977,19771020,41,10,1,20
807,1977,19771020,47,10,1,20
808,1977,19771020,46,10,1,20
809,1977,19771020,33,10,1,20
810,1977,19771020,34,10,1,20
811,1977,19771020,35,10,1,20
812,1977,19771020,36,10,1,20
813,1977,19771020,40,10,1,20
814,1977,19771020,42,10,1,20
815,1977,19771020,44,10,1,20
816,1977,19771020,38,10,1,20
817,1977,19771020,57,10,1,20
818,1977,19771020,63,10,1,20
819,1977,19771020,60,10,1,20
820,1977,19771020,53,10,1,20
821,1977,19771020,61,10,1,20
822,1977,19771020,64,10,1,20
823,1977,19771020,59,10,1,20
824,1977,19771020,58,10,1,20
825,1977,19771020,54,10,1,20
826,1977,19771020,56,10,1,20
827,1977,19771020,62,10,1,20
828,1977,19771020,55,10,1,20
829,1977,19771020,49,10,1,20
830,1977,19771020,50,10,1,20
831,1977,19771020,51,10,1,20
832,1977,19771020,52,10,1,20
833,1977,19771026,1,10,1,18
834,1977,19771026,2,10,1,18
835,1977,19771026,3,10,1,18
836,1977,19771026,4,10,1,18
837,1977,19771026,5,10,1,18
838,1977,19771026,6,10,1,18
839,1977,19771026,7,10,1,18
840,1977,19771026,8,10,1,18
841,1977,19771026,9,10,1,18
842,1977,19771026,10,10,1,18
843,1977,19771026,11,10,1,18
844,1977,19771026,12,10,1,18
845,1977,19771026,13,10,1,18
846,1977,19771026,14,10,1,18
847,1977,19771026,15,10,1,18
848,1977,19771026,16,10,1,18
849,1977,19771026,22,10,1,18
850,1977,19771026,28,10,1,18
851,1977,19771026,30,10,1,18
852,1977,19771026,26,10,1,18
853,1977,19771026,17,10,1,18
854,1977,19771026,18,10,1,18
855,1977,19771026,19,10,1,18
856,1977,19771026,20,10,1,18
857,1977,19771026,29,10,1,18
858,1977,19771026,31,10,1,18
859,1977,19771026,24,10,1,18
860,1977,19771026,32,10,1,18
861,1977,19771026,25,10,1,18
862,1977,19771026,21,10,1,18
863,1977,19771026,23,10,1,18
864,1977,19771026,27,10,1,18
865,1977,19771026,45,10,1,18
866,1977,19771026,39,10,1,18
867,1977,19771026,37,10,1,18
868,1977,19771026,48,10,1,18
869,1977,19771026,43,10,1,18
870,1977,19771026,41,10,1,18
871,1977,19771026,47,10,1,18
872,1977,19771026,46,10,1,18
873,1977,19771026,33,10,1,18
874,1977,19771026,34,10,1,18
875,1977,19771026,35,10,1,18
876,1977,19771026,36,10,1,18
877,1977,19771026,40,10,1,18
878,1977,19771026,42,10,1,18
879,1977,19771026,44,10,1,18
880,1977,19771026,38,10,1,18
881,1977,19771026,57,10,1,18
882,1977,19771026,63,10,1,18
883,1977,19771026,60,10,1,18
884,1977,19771026,53,10,1,18
885,1977,19771026,61,10,1,18
886,1977,19771026,64,10,1,18
887,1977,19771026,59,10,1,18
888,1977,19771026,58,10,1,18
889,1977,19771026,54,10,1,18
890,1977,19771026,56,10,1,18
891,1977,19771026,62,10,1,18
892,1977,19771026,55,10,1,18
893,1977,19771026,49,10,1,18
894,1977,19771026,50,10,1,18
895,1977,19771026,51,10,1,18
896,1977,19771026,52,10,1,18
897,1978,19780812,1,11,1,21
898,1978,19780812,2,11,1,21
899,1978,19780812,3,11,1,21
900,1978,19780812,4,11,1,21
901,1978,19780812,5,11,1,21
902,1978,19780812,6,11,1,21
903,1978,19780812,7,11,1,21
904,1978,19780812,8,11,1,21
905,1978,19780812,9,11,1,21
906,1978,19780812,10,11,1,21
907,1978,19780812,11,11,1,21
908,1978,19780812,12,11,1,21
909,1978,19780812,13,11,1,21
910,1978,19780812,14,11,1,21
911,1978,19780812,15,11,1,21
912,1978,19780812,16,11,1,21
913,1978,19780812,22,11,1,21
914,1978,19780812,28,11,1,21
915,1978,19780812,30,11,1,21
916,1978,19780812,26,11,1,21
917,1978,19780812,17,11,1,21
918,1978,19780812,18,11,1,21
919,1978,19780812,19,11,1,21
920,1978,19780812,20,11,1,21
921,1978,19780812,29,11,1,21
922,1978,19780812,31,11,1,21
923,1978,19780812,24,11,1,21
924,1978,19780812,32,11,1,21
925,1978,19780812,25,11,1,21
926,1978,19780812,21,11,1,21
927,1978,19780812,23,11,1,21
928,1978,19780812,27,11,1,21
929,1978,19780812,45,11,1,21
930,1978,19780812,39,11,1,21
931,1978,19780812,37,11,1,21
932,1978,19780812,48,11,1,21
933,1978,19780812,43,11,1,21
934,1978,19780812,41,11,1,21
935,1978,19780812,47,11,1,21
936,1978,19780812,46,11,1,21
937,1978,19780812,33,11,1,21
938,1978,19780812,34,11,1,21
939,1978,19780812,35,11,1,21
940,1978,19780812,36,11,1,21
941,1978,19780812,40,11,1,21
942,1978,19780812,42,11,1,21
943,1978,19780812,44,11,1,21
944,1978,19780812,38,11,1,21
945,1978,19780812,57,11,1,21
946,1978,19780812,63,11,1,21
947,1978,19780812,60,11,1,21
948,1978,19780812,53,11,1,21
949,1978,19780812,61,11,1,21
950,1978,19780812,64,11,1,21
951,1978,19780812,59,11,1,21
952,1978,19780812,58,11,1,21
953,1978,19780812,54,11,1,21
954,1978,19780812,56,11,1,21
955,1978,19780812,62,11,1,21
956,1978,19780812,55,11,1,21
957,1978,19780812,49,11,1,21
958,1978,19780812,50,11,1,21
959,1978,19780812,51,11,1,21
960,1978,19780812,52,11,1,21
961,1979,19790905,1,12,1,24
962,1979,19790905,2,12,1,24
963,1979,19790905,3,12,1,24
964,1979,19790905,4,12,1,24
965,1979,19790905,5,12,1,24
966,1979,19790905,6,12,1,24
967,1979,19790905,7,12,1,24
968,1979,19790905,8,12,1,24
969,1979,19790905,9,12,1,24
970,1979,19790905,10,12,1,24
971,1979,19790905,11,12,1,24
972,1979,19790905,12,12,1,24
973,1979,19790905,13,12,1,24
974,1979,19790905,14,12,1,24
975,1979,19790905,15,12,1,24
976,1979,19790905,16,12,1,24
977,1979,19790905,22,12,1,24
978,1979,19790905,28,12,1,24
979,1979,19790905,30,12,1,24
980,1979,19790905,26,12,1,24
981,1979,19790905,17,12,1,24
982,1979,19790905,18,12,1,24
983,1979,19790905,19,12,1,24
984,1979,19790905,20,12,1,24
985,1979,19790905,29,12,1,24
986,1979,19790905,31,12,1,24
987,1979,19790905,24,12,1,24
988,1979,19790905,32,12,1,24
989,1979,19790905,25,12,1,24
990,1979,19790905,21,12,1,24
991,1979,19790905,23,12,1,24
992,1979,19790905,27,12,1,24
993,1979,19790905,45,12,1,24
994,1979,19790905,39,12,1,24
995,1979,19790905,37,12,1,24
996,1979,19790905,48,12,1,24
997,1979,19790905,43,12,1,24
998,1979,19790905,41,12,1,24
999,1979,19790905,47,12,1,24
1000,1979,19790905,46,12,1,24
1001,1979,19790905,33,12,1,24
1002,1979,19790905,34,12,1,24
1003,1979,19790905,35,12,1,24
1004,1979,19790905,36,12,1,24
1005,1979,19790905,40,12,1,24
1006,1979,19790905,42,12,1,24
1007,1979,19790905,44,12,1,24
1008,1979,19790905,38,12,1,24
1009,1979,19790905,57,12,1,24
1010,1979,19790905,63,12,1,24
1011,1979,19790905,60,12,1,24
1012,1979,19790905,53,12,1,24
1013,1979,19790905,61,12,1,24
1014,1979,19790905,64,12,1,24
1015,1979,19790905,59,12,1,24
1016,1979,19790905,58,12,1,24
1017,1979,19790905,54,12,1,24
1018,1979,19790905,56,12,1,24
1019,1979,19790905,62,12,1,24
1020,1979,19790905,55,12,1,24
1021,1979,19790905,49,12,1,24
1022,1979,19790905,50,12,1,24
1023,1979,19790905,51,12,1,24
1024,1979,19790905,52,12,1,24
1025,1980,19800812,1,9,1,21
1026,1980,19800812,2,9,1,21
1027,1980,19800812,3,9,1,21
1028,1980,19800812,4,9,1,21
1029,1980,19800812,5,9,1,21
1030,1980,19800812,6,9,1,21
1031,1980,19800812,7,9,1,21
1032,1980,19800812,8,9,1,21
1033,1980,19800812,9,9,1,21
1034,1980,19800812,10,9,1,21
1035,1980,19800812,11,9,1,21
1036,1980,19800812,12,9,1,21
1037,1980,19800812,13,9,1,21
1038,1980,19800812,14,9,1,21
1039,1980,19800812,15,9,1,21
1040,1980,19800812,16,9,1,21
1041,1980,19800812,22,9,1,21
1042,1980,19800812,28,9,1,21
1043,1980,19800812,30,9,1,21
1044,1980,19800812,26,9,1,21
1045,1980,19800812,17,9,1,21
1046,1980,19800812,18,9,1,21
1047,1980,19800812,19,9,1,21
1048,1980,19800812,20,9,1,21
1049,1980,19800812,29,9,1,21
1050,1980,19800812,31,9,1,21
1051,1980,19800812,24,9,1,21
1052,1980,19800812,32,9,1,21
1053,1980,19800812,25,9,1,21
1054,1980,19800812,21,9,1,21
1055,1980,19800812,23,9,1,21
1056,1980,19800812,27,9,1,21
1057,1980,19800812,45,9,1,21
1058,1980,19800812,39,9,1,21
1059,1980,19800812,37,9,1,21
1060,1980,19800812,48,9,1,21
1061,1980,19800812,43,9,1,21
1062,1980,19800812,41,9,1,21
1063,1980,19800812,47,9,1,21
1064,1980,19800812,46,9,1,21
1065,1980,19800812,33,9,1,21
1066,1980,19800812,34,9,1,21
1067,1980,19800812,35,9,1,21
1068,1980,19800812,36,9,1,21
1069,1980,19800812,40,9,1,21
1070,1980,19800812,42,9,1,21
1071,1980,19800812,44,9,1,21
1072,1980,19800812,38,9,1,21
1073,1980,19800812,57,9,1,21
1074,1980,19800812,63,9,1,21
1075,1980,19800812,60,9,1,21
1076,1980,19800812,53,9,1,21
1077,1980,19800812,61,9,1,21
1078,1980,19800812,64,9,1,21
1079,1980,19800812,59,9,1,21
1080,1980,19800812,58,9,1,21
1081,1980,19800812,54,9,1,21
1082,1980,19800812,56,9,1,21
1083,1980,19800812,62,9,1,21
1084,1980,19800812,55,9,1,21
1085,1980,19800812,49,9,1,21
1086,1980,19800812,50,9,1,21
1087,1980,19800812,51,9,1,21
1088,1980,19800812,52,9,1,21
1089,1981,19810709,1,13,1,21
1090,1981,19810709,2,13,1,21
1091,1981,19810709,3,13,1,21
1092,1981,19810709,4,13,1,21
1093,1981,19810709,5,13,1,21
1094,1981,19810709,6,13,1,21
1095,1981,19810709,7,13,1,21
1096,1981,19810709,8,13,1,21
1097,1981,19810709,9,13,1,21
1098,1981,19810709,10,13,1,21
1099,1981,19810709,11,13,1,21
1100,1981,19810709,12,13,1,21
1101,1981,19810709,13,13,1,21
1102,1981,19810709,14,13,1,21
1103,1981,19810709,15,13,1,21
1104,1981,19810709,16,13,1,21
1105,1981,19810709,22,13,1,21
1106,1981,19810709,28,13,1,21
1107,1981,19810709,30,13,1,21
1108,1981,19810709,26,13,1,21
1109,1981,19810709,17,13,1,21
1110,1981,19810709,18,13,1,21
1111,1981,19810709,19,13,1,21
1112,1981,19810709,20,13,1,21
1113,1981,19810709,29,13,1,21
1114,1981,19810709,31,13,1,21
1115,1981,19810709,24,13,1,21
1116,1981,19810709,32,13,1,21
1117,1981,19810709,25,13,1,21
1118,1981,19810709,21,13,1,21
1119,1981,19810709,23,13,1,21
1120,1981,19810709,27,13,1,21
1121,1981,19810709,45,13,1,21
1122,1981,19810709,39,13,1,21
1123,1981,19810709,37,13,1,21
1124,1981,19810709,48,13,1,21
1125,1981,19810709,43,13,1,21
1126,1981,19810709,41,13,1,21
1127,1981,19810709,47,13,1,21
1128,1981,19810709,46,13,1,21
1129,1981,19810709,33,13,1,21
1130,1981,19810709,34,13,1,21
1131,1981,19810709,35,13,1,21
1132,1981,19810709,36,13,1,21
1133,1981,19810709,40,13,1,21
1134,1981,19810709,42,13,1,21
1135,1981,19810709,44,13,1,21
1136,1981,19810709,38,13,1,21
1137,1981,19810709,57,13,1,21
1138,1981,19810709,63,13,1,21
1139,1981,19810709,60,13,1,21
1140,1981,19810709,53,13,1,21
1141,1981,19810709,61,13,1,21
1142,1981,19810709,64,13,1,21
1143,1981,19810709,59,13,1,21
1144,1981,19810709,58,13,1,21
1145,1981,19810709,54,13,1,21
1146,1981,19810709,56,13,1,21
1147,1981,19810709,62,13,1,21
1148,1981,19810709,55,13,1,21
1149,1981,19810709,49,13,1,21
1150,1981,19810709,50,13,1,21
1151,1981,19810709,51,13,1,21
1152,1981,19810709,52,13,1,21
1153,1982,19821026,1,10,1,20
1154,1982,19821026,2,10,1,20
1155,1982,19821026,3,10,1,20
1156,1982,19821026,4,10,1,20
1157,1982,19821026,5,10,1,20
1158,1982,19821026,6,10,1,20
1159,1982,19821026,7,10,1,20
1160,1982,19821026,8,10,1,20
1161,1982,19821026,9,10,1,20
1162,1982,19821026,10,10,1,20
1163,1982,19821026,11,10,1,20
1164,1982,19821026,12,10,1,20
1165,1982,19821026,13,10,1,20
1166,1982,19821026,14,10,1,20
1167,1982,19821026,15,10,1,20
1168,1982,19821026,16,10,1,20
1169,1982,19821026,22,10,1,20
1170,1982,19821026,28,10,1,20
1171,1982,19821026,30,10,1,20
1172,1982,19821026,26,10,1,20
1173,1982,19821026,17,10,1,20
1174,1982,19821026,18,10,1,20
1175,1982,19821026,19,10,1,20
1176,1982,19821026,20,10,1,20
1177,1982,19821026,29,10,1,20
1178,1982,19821026,31,10,1,20
1179,1982,19821026,24,10,1,20
1180,1982,19821026,32,10,1,20
1181,1982,19821026,25,10,1,20
1182,1982,19821026,21,10,1,20
1183,1982,19821026,23,10,1,20
1184,1982,19821026,27,10,1,20
1185,1982,19821026,45,10,1,20
1186,1982,19821026,39,10,1,20
1187,1982,19821026,37,10,1,20
1188,1982,19821026,48,10,1,20
1189,1982,19821026,43,10,1,20
1190,1982,19821026,41,10,1,20
1191,1982,19821026,47,10,1,20
1192,1982,19821026,46,10,1,20
1193,1982,19821026,33,10,1,20
1194,1982,19821026,34,10,1,20
1195,1982,19821026,35,10,1,20
1196,1982,19821026,36,10,1,20
1197,1982,19821026,40,10,1,20
1198,1982,19821026,42,10,1,20
1199,1982,19821026,44,10,1,20
1200,1982,19821026,38,10,1,20
1201,1982,19821026,57,10,1,20
1202,1982,19821026,63,10,1,20
1203,1982,19821026,60,10,1,20
1204,1982,19821026,53,10,1,20
1205,1982,19821026,61,10,1,20
1206,1982,19821026,64,10,1,20
1207,1982,19821026,59,10,1,20
1208,1982,19821026,58,10,1,20
1209,1982,19821026,54,10,1,20
1210,1982,19821026,56,10,1,20
1211,1982,19821026,62,10,1,20
1212,1982,19821026,55,10,1,20
1213,1982,19821026,49,10,1,20
1214,1982,19821026,50,10,1,20
1215,1982,19821026,51,10,1,20
1216,1982,19821026,52,10,1,20
1217,1982,19821027,1,10,1,18
1218,1982,19821027,2,10,1,18
1219,1982,19821027,3,10,1,18
1220,1982,19821027,4,10,1,18
1221,1982,19821027,5,10,1,18
1222,1982,19821027,6,10,1,18
1223,1982,19821027,7,10,1,18
1224,1982,19821027,8,10,1,18
1225,1982,19821027,9,10,1,18
1226,1982,19821027,10,10,1,18
1227,1982,19821027,11,10,1,18
1228,1982,19821027,12,10,1,18
1229,1982,19821027,13,10,1,18
1230,1982,19821027,14,10,1,18
1231,1982,19821027,15,10,1,18
1232,1982,19821027,16,10,1,18
1233,1982,19821027,22,10,1,18
1234,1982,19821027,28,10,1,18
1235,1982,19821027,30,10,1,18
1236,1982,19821027,26,10,1,18
1237,1982,19821027,17,10,1,18
1238,1982,19821027,18,10,1,18
1239,1982,19821027,19,10,1,18
1240,1982,19821027,20,10,1,18
1241,1982,19821027,29,10,1,18
1242,1982,19821027,31,10,1,18
1243,1982,19821027,24,10,1,18
1244,1982,19821027,32,10,1,18
1245,1982,19821027,25,10,1,18
1246,1982,19821027,21,10,1,18
1247,1982,19821027,23,10,1,18
1248,1982,19821027,27,10,1,18
1249,1982,19821027,45,10,1,18
1250,1982,19821027,39,10,1,18
1251,1982,19821027,37,10,1,18
1252,1982,19821027,48,10,1,18
1253,1982,19821027,43,10,1,18
1254,1982,19821027,41,10,1,18
1255,1982,19821027,47,10,1,18
1256,1982,19821027,46,10,1,18
1257,1982,19821027,33,10,1,18
1258,1982,19821027,34,10,1,18
1259,1982,19821027,35,10,1,18
1260,1982,19821027,36,10,1,18
1261,1982,19821027,40,10,1,18
1262,1982,19821027,42,10,1,18
1263,1982,19821027,44,10,1,18
1264,1982,19821027,38,10,1,18
1265,1982,19821027,57,10,1,18
1266,1982,19821027,63,10,1,18
1267,1982,19821027,60,10,1,18
1268,1982,19821027,53,10,1,18
1269,1982,19821027,61,10,1,18
1270,1982,19821027,64,10,1,18
1271,1982,19821027,59,10,1,18
1272,1982,19821027,58,10,1,18
1273,1982,19821027,54,10,1,18
1274,1982,19821027,56,10,1,18
1275,1982,19821027,62,10,1,18
1276,1982,19821027,55,10,1,18
1277,1982,19821027,49,10,1,18
1278,1982,19821027,50,10,1,18
1279,1982,19821027,51,10,1,18
1280,1982,19821027,52,10,1,18
1281,1983,19830725,1,14,1,21
1282,1983,19830725,2,14,1,21
1283,1983,19830725,3,14,1,21
1284,1983,19830725,4,14,1,21
1285,1983,19830725,5,14,1,21
1286,1983,19830725,6,14,1,21
1287,1983,19830725,7,14,1,21
1288,1983,19830725,8,14,1,21
1289,1983,19830725,9,14,1,21
1290,1983,19830725,10,14,1,21
1291,1983,19830725,11,14,1,21
1292,1983,19830725,12,14,1,21
1293,1983,19830725,13,14,1,21
1294,1983,19830725,14,14,1,21
1295,1983,19830725,15,14,1,21
1296,1983,19830725,16,14,1,21
1297,1983,19830725,22,14,1,21
1298,1983,19830725,28,14,1,21
1299,1983,19830725,30,14,1,21
1300,1983,19830725,26,14,1,21
1301,1983,19830725,17,14,1,21
1302,1983,19830725,18,14,1,21
1303,1983,19830725,19,14,1,21
1304,1983,19830725,20,14,1,21
1305,1983,19830725,29,14,1,21
1306,1983,19830725,31,14,1,21
1307,1983,19830725,24,14,1,21
1308,1983,19830725,32,14,1,21
1309,1983,19830725,25,14,1,21
1310,1983,19830725,21,14,1,21
1311,1983,19830725,23,14,1,21
1312,1983,19830725,27,14,1,21
1313,1983,19830725,45,14,1,21
1314,1983,19830725,39,14,1,21
1315,1983,19830725,37,14,1,21
1316,1983,19830725,48,14,1,21
1317,1983,19830725,43,14,1,21
1318,1983,19830725,41,14,1,21
1319,1983,19830725,47,14,1,21
1320,1983,19830725,46,14,1,21
1321,1983,19830725,33,14,1,21
1322,1983,19830725,34,14,1,21
1323,1983,19830725,35,14,1,21
1324,1983,19830725,36,14,1,21
1325,1983,19830725,40,14,1,21
1326,1983,19830725,42,14,1,21
1327,1983,19830725,44,14,1,21
1328,1983,19830725,38,14,1,21
1329,1983,19830725,57,14,1,21
1330,1983,19830725,63,14,1,21
1331,1983,19830725,60,14,1,21
1332,1983,19830725,53,14,1,21
1333,1983,19830725,61,14,1,21
1334,1983,19830725,64,14,1,21
1335,1983,19830725,59,14,1,21
1336,1983,19830725,58,14,1,21
1337,1983,19830725,54,14,1,21
1338,1983,19830725,56,14,1,21
1339,1983,19830725,62,14,1,21
1340,1983,19830725,55,14,1,21
1341,1983,19830725,49,14,1,21
1342,1983,19830725,50,14,1,21
1343,1983,19830725,51,14,1,21
1344,1983,19830725,52,14,1,21
1345,1984,19840920,1,15,1,25
1346,1984,19840920,2,15,1,25
1347,1984,19840920,3,15,1,25
1348,1984,19840920,4,15,1,25
1349,1984,19840920,5,15,1,25
1350,1984,19840920,6,15,1,25
1351,1984,19840920,7,15,1,25
1352,1984,19840920,8,15,1,25
1353,1984,19840920,9,15,1,25
1354,1984,19840920,10,15,1,25
1355,1984,19840920,11,15,1,25
1356,1984,19840920,12,15,1,25
1357,1984,19840920,13,15,1,25
1358,1984,19840920,14,15,1,25
1359,1984,19840920,15,15,1,25
1360,1984,19840920,16,15,1,25
1361,1984,19840920,22,15,1,25
1362,1984,19840920,28,15,1,25
1363,1984,19840920,30,15,1,25
1364,1984,19840920,26,15,1,25
1365,1984,19840920,17,15,1,25
1366,1984,19840920,18,15,1,25
1367,1984,19840920,19,15,1,25
1368,1984,19840920,20,15,1,25
1369,1984,19840920,29,15,1,25
1370,1984,19840920,31,15,1,25
1371,1984,19840920,24,15,1,25
1372,1984,19840920,32,15,1,25
1373,1984,19840920,25,15,1,25
1374,1984,19840920,21,15,1,25
1375,1984,19840920,23,15,1,25
1376,1984,19840920,27,15,1,25
1377,1984,19840920,45,15,1,25
1378,1984,19840920,39,15,1,25
1379,1984,19840920,37,15,1,25
1380,1984,19840920,48,15,1,25
1381,1984,19840920,43,15,1,25
1382,1984,19840920,41,15,1,25
1383,1984,19840920,47,15,1,25
1384,1984,19840920,46,15,1,25
1385,1984,19840920,33,15,1,25
1386,1984,19840920,34,15,1,25
1387,1984,19840920,35,15,1,25
1388,1984,19840920,36,15,1,25
1389,1984,19840920,40,15,1,25
1390,1984,19840920,42,15,1,25
1391,1984,19840920,44,15,1,25
1392,1984,19840920,38,15,1,25
1393,1984,19840920,57,15,1,25
1394,1984,19840920,63,15,1,25
1395,1984,19840920,60,15,1,25
1396,1984,19840920,53,15,1,25
1397,1984,19840920,61,15,1,25
1398,1984,19840920,64,15,1,25
1399,1984,19840920,59,15,1,25
1400,1984,19840920,58,15,1,25
1401,1984,19840920,54,15,1,25
1402,1984,19840920,56,15,1,25
1403,1984,19840920,62,15,1,25
1404,1984,19840920,55,15,1,25
1405,1984,19840920,49,15,1,25
1406,1984,19840920,50,15,1,25
1407,1984,19840920,51,15,1,25
1408,1984,19840920,52,15,1,25
1409,1985,19850803,1,9,1,21
1410,1985,19850803,2,9,1,21
1411,1985,19850803,3,9,1,21
1412,1985,19850803,4,9,1,21
1413,1985,19850803,5,9,1,21
1414,1985,19850803,6,9,1,21
1415,1985,19850803,7,9,1,21
1416,1985,19850803,8,9,1,21
1417,1985,19850803,9,9,1,21
1418,1985,19850803,10,9,1,21
1419,1985,19850803,11,9,1,21
1420,1985,19850803,12,9,1,21
1421,1985,19850803,13,9,1,21
1422,1985,19850803,14,9,1,21
1423,1985,19850803,15,9,1,21
1424,1985,19850803,16,9,1,21
1425,1985,19850803,22,9,1,21
1426,1985,19850803,28,9,1,21
1427,1985,19850803,30,9,1,21
1428,1985,19850803,26,9,1,21
1429,1985,19850803,17,9,1,21
1430,1985,19850803,18,9,1,21
1431,1985,19850803,19,9,1,21
1432,1985,19850803,20,9,1,21
1433,1985,19850803,29,9,1,21
1434,1985,19850803,31,9,1,21
1435,1985,19850803,24,9,1,21
1436,1985,19850803,32,9,1,21
1437,1985,19850803,25,9,1,21
1438,1985,19850803,21,9,1,21
1439,1985,19850803,23,9,1,21
1440,1985,19850803,27,9,1,21
1441,1985,19850803,45,9,1,21
1442,1985,19850803,39,9,1,21
1443,1985,19850803,37,9,1,21
1444,1985,19850803,48,9,1,21
1445,1985,19850803,43,9,1,21
1446,1985,19850803,41,9,1,21
1447,1985,19850803,47,9,1,21
1448,1985,19850803,46,9,1,21
1449,1985,19850803,33,9,1,21
1450,1985,19850803,34,9,1,21
1451,1985,19850803,35,9,1,21
1452,1985,19850803,36,9,1,21
1453,1985,19850803,40,9,1,21
1454,1985,19850803,42,9,1,21
1455,1985,19850803,44,9,1,21
1456,1985,19850803,38,9,1,21
1457,1985,19850803,57,9,1,21
1458,1985,19850803,63,9,1,21
1459,1985,19850803,60,9,1,21
1460,1985,19850803,53,9,1,21
1461,1985,19850803,61,9,1,21
1462,1985,19850803,64,9,1,21
1463,1985,19850803,59,9,1,21
1464,1985,19850803,58,9,1,21
1465,1985,19850803,54,9,1,21
1466,1985,19850803,56,9,1,21
1467,1985,19850803,62,9,1,21
1468,1985,19850803,55,9,1,21
1469,1985,19850803,49,9,1,21
1470,1985,19850803,50,9,1,21
1471,1985,19850803,51,9,1,21
1472,1985,19850803,52,9,1,21
1473,1986,19860716,1,16,1,21
1474,1986,19860716,2,16,1,21
1475,1986,19860716,3,16,1,21
1476,1986,19860716,4,16,1,21
1477,1986,19860716,5,16,1,21
1478,1986,19860716,6,16,1,21
1479,1986,19860716,7,16,1,21
1480,1986,19860716,8,16,1,21
1481,1986,19860716,9,16,1,21
1482,1986,19860716,10,16,1,21
1483,1986,19860716,11,16,1,21
1484,1986,19860716,12,16,1,21
1485,1986,19860716,13,16,1,21
1486,1986,19860716,14,16,1,21
1487,1986,19860716,15,16,1,21
1488,1986,19860716,16,16,1,21
1489,1986,19860716,22,16,1,21
1490,1986,19860716,28,16,1,21
1491,1986,19860716,30,16,1,21
1492,1986,19860716,26,16,1,21
1493,1986,19860716,17,16,1,21
1494,1986,19860716,18,16,1,21
1495,1986,19860716,19,16,1,21
1496,1986,19860716,20,16,1,21
1497,1986,19860716,29,16,1,21
1498,1986,19860716,31,16,1,21
1499,1986,19860716,24,16,1,21
1500,1986,19860716,32,16,1,21
1501,1986,19860716,25,16,1,21
1502,1986,19860716,21,16,1,21
1503,1986,19860716,23,16,1,21
1504,1986,19860716,27,16,1,21
1505,1986,19860716,45,16,1,21
1506,1986,19860716,39,16,1,21
1507,1986,19860716,37,16,1,21
1508,1986,19860716,48,16,1,21
1509,1986,19860716,43,16,1,21
1510,1986,19860716,41,16,1,21
1511,1986,19860716,47,16,1,21
1512,1986,19860716,46,16,1,21
1513,1986,19860716,33,16,1,21
1514,1986,19860716,34,16,1,21
1515,1986,19860716,35,16,1,21
1516,1986,19860716,36,16,1,21
1517,1986,19860716,40,16,1,21
1518,1986,19860716,42,16,1,21
1519,1986,19860716,44,16,1,21
1520,1986,19860716,38,16,1,21
1521,1986,19860716,57,16,1,21
1522,1986,19860716,63,16,1,21
1523,1986,19860716,60,16,1,21
1524,1986,19860716,53,16,1,21
1525,1986,19860716,61,16,1,21
1526,1986,19860716,64,16,1,21
1527,1986,19860716,59,16,1,21
1528,1986,19860716,58,16,1,21
1529,1986,19860716,54,16,1,21
1530,1986,19860716,56,16,1,21
1531,1986,19860716,62,16,1,21
1532,1986,19860716,55,16,1,21
1533,1986,19860716,49,16,1,21
1534,1986,19860716,50,16,1,21
1535,1986,19860716,51,16,1,21
1536,1986,19860716,52,16,1,21
1537,1987,19871028,1,17,1,20
1538,1987,19871028,2,17,1,20
1539,1987,19871028,3,17,1,20
1540,1987,19871028,4,17,1,20
1541,1987,19871028,5,17,1,20
1542,1987,19871028,6,17,1,20
1543,1987,19871028,7,17,1,20
1544,1987,19871028,8,17,1,20
1545,1987,19871028,9,17,1,20
1546,1987,19871028,10,17,1,20
1547,1987,19871028,11,17,1,20
1548,1987,19871028,12,17,1,20
1549,1987,19871028,13,17,1,20
1550,1987,19871028,14,17,1,20
1551,1987,19871028,15,17,1,20
1552,1987,19871028,16,17,1,20
1553,1987,19871028,22,17,1,20
1554,1987,19871028,28,17,1,20
1555,1987,19871028,30,17,1,20
1556,1987,19871028,26,17,1,20
1557,1987,19871028,17,17,1,20
1558,1987,19871028,18,17,1,20
1559,1987,19871028,19,17,1,20
1560,1987,19871028,20,17,1,20
1561,1987,19871028,29,17,1,20
1562,1987,19871028,31,17,1,20
1563,1987,19871028,24,17,1,20
1564,1987,19871028,32,17,1,20
1565,1987,19871028,25,17,1,20
1566,1987,19871028,21,17,1,20
1567,1987,19871028,23,17,1,20
1568,1987,19871028,27,17,1,20
1569,1987,19871028,45,17,1,20
1570,1987,19871028,39,17,1,20
1571,1987,19871028,37,17,1,20
1572,1987,19871028,48,17,1,20
1573,1987,19871028,43,17,1,20
1574,1987,19871028,41,17,1,20
1575,1987,19871028,47,17,1,20
1576,1987,19871028,46,17,1,20
1577,1987,19871028,33,17,1,20
1578,1987,19871028,34,17,1,20
1579,1987,19871028,35,17,1,20
1580,1987,19871028,36,17,1,20
1581,1987,19871028,40,17,1,20
1582,1987,19871028,42,17,1,20
1583,1987,19871028,44,17,1,20
1584,1987,19871028,38,17,1,20
1585,1987,19871028,57,17,1,20
1586,1987,19871028,63,17,1,20
1587,1987,19871028,60,17,1,20
1588,1987,19871028,53,17,1,20
1589,1987,19871028,61,17,1,20
1590,1987,19871028,64,17,1,20
1591,1987,19871028,59,17,1,20
1592,1987,19871028,58,17,1,20
1593,1987,19871028,54,17,1,20
1594,1987,19871028,56,17,1,20
1595,1987,19871028,62,17,1,20
1596,1987,19871028,55,17,1,20
1597,1987,19871028,49,17,1,20
1598,1987,19871028,50,17,1,20
1599,1987,19871028,51,17,1,20
1600,1987,19871028,52,17,1,20
1601,1987,19871030,1,17,1,18
1602,1987,19871030,2,17,1,18
1603,1987,19871030,3,17,1,18
1604,1987,19871030,4,17,1,18
1605,1987,19871030,5,17,1,18
1606,1987,19871030,6,17,1,18
1607,1987,19871030,7,17,1,18
1608,1987,19871030,8,17,1,18
1609,1987,19871030,9,17,1,18
1610,1987,19871030,10,17,1,18
1611,1987,19871030,11,17,1,18
1612,1987,19871030,12,17,1,18
1613,1987,19871030,13,17,1,18
1614,1987,19871030,14,17,1,18
1615,1987,19871030,15,17,1,18
1616,1987,19871030,16,17,1,18
1617,1987,19871030,22,17,1,18
1618,1987,19871030,28,17,1,18
1619,1987,19871030,30,17,1,18
1620,1987,19871030,26,17,1,18
1621,1987,19871030,17,17,1,18
1622,1987,19871030,18,17,1,18
1623,1987,19871030,19,17,1,18
1624,1987,19871030,20,17,1,18
1625,1987,19871030,29,17,1,18
1626,1987,19871030,31,17,1,18
1627,1987,19871030,24,17,1,18
1628,1987,19871030,32,17,1,18
1629,1987,19871030,25,17,1,18
1630,1987,19871030,21,17,1,18
1631,1987,19871030,23,17,1,18
1632,1987,19871030,27,17,1,18
1633,1987,19871030,45,17,1,18
1634,1987,19871030,39,17,1,18
1635,1987,19871030,37,17,1,18
1636,1987,19871030,48,17,1,18
1637,1987,19871030,43,17,1,18
1638,1987,19871030,41,17,1,18
1639,1987,19871030,47,17,1,18
1640,1987,19871030,46,17,1,18
1641,1987,19871030,33,17,1,18
1642,1987,19871030,34,17,1,18
1643,1987,19871030,35,17,1,18
1644,1987,19871030,36,17,1,18
1645,1987,19871030,40,17,1,18
1646,1987,19871030,42,17,1,18
1647,1987,19871030,44,17,1,18
1648,1987,19871030,38,17,1,18
1649,1987,19871030,57,17,1,18
1650,1987,19871030,63,17,1,18
1651,1987,19871030,60,17,1,18
1652,1987,19871030,53,17,1,18
1653,1987,19871030,61,17,1,18
1654,1987,19871030,64,17,1,18
1655,1987,19871030,59,17,1,18
1656,1987,19871030,58,17,1,18
1657,1987,19871030,54,17,1,18
1658,1987,19871030,56,17,1,18
1659,1987,19871030,62,17,1,18
1660,1987,19871030,55,17,1,18
1661,1987,19871030,49,17,1,18
1662,1987,19871030,50,17,1,18
1663,1987,19871030,51,17,1,18
1664,1987,19871030,52,17,1,18
1665,1988,19880811,1,14,1,21
1666,1988,19880811,2,14,1,21
1667,1988,19880811,3,14,1,21
1668,1988,19880811,4,14,1,21
1669,1988,19880811,5,14,1,21
1670,1988,19880811,6,14,1,21
1671,1988,19880811,7,14,1,21
1672,1988,19880811,8,14,1,21
1673,1988,19880811,9,14,1,21
1674,1988,19880811,10,14,1,21
1675,1988,19880811,11,14,1,21
1676,1988,19880811,12,14,1,21
1677,1988,19880811,13,14,1,21
1678,1988,19880811,14,14,1,21
1679,1988,19880811,15,14,1,21
1680,1988,19880811,16,14,1,21
1681,1988,19880811,22,14,1,21
1682,1988,19880811,28,14,1,21
1683,1988,19880811,30,14,1,21
1684,1988,19880811,26,14,1,21
1685,1988,19880811,17,14,1,21
1686,1988,19880811,18,14,1,21
1687,1988,19880811,19,14,1,21
1688,1988,19880811,20,14,1,21
1689,1988,19880811,29,14,1,21
1690,1988,19880811,31,14,1,21
1691,1988,19880811,24,14,1,21
1692,1988,19880811,32,14,1,21
1693,1988,19880811,25,14,1,21
1694,1988,19880811,21,14,1,21
1695,1988,19880811,23,14,1,21
1696,1988,19880811,27,14,1,21
1697,1988,19880811,45,14,1,21
1698,1988,19880811,39,14,1,21
1699,1988,19880811,37,14,1,21
1700,1988,19880811,48,14,1,21
1701,1988,19880811,43,14,1,21
1702,1988,19880811,41,14,1,21
1703,1988,19880811,47,14,1,21
1704,1988,19880811,46,14,1,21
1705,1988,19880811,33,14,1,21
1706,1988,19880811,34,14,1,21
1707,1988,19880811,35,14,1,21
1708,1988,19880811,36,14,1,21
1709,1988,19880811,40,14,1,21
1710,1988,19880811,42,14,1,21
1711,1988,19880811,44,14,1,21
1712,1988,19880811,38,14,1,21
1713,1988,19880811,57,14,1,21
1714,1988,19880811,63,14,1,21
1715,1988,19880811,60,14,1,21
1716,1988,19880811,53,14,1,21
1717,1988,19880811,61,14,1,21
1718,1988,19880811,64,14,1,21
1719,1988,19880811,59,14,1,21
1720,1988,19880811,58,14,1,21
1721,1988,19880811,54,14,1,21
1722,1988,19880811,56,14,1,21
1723,1988,19880811,62,14,1,21
1724,1988,19880811,55,14,1,21
1725,1988,19880811,49,14,1,21
1726,1988,19880811,50,14,1,21
1727,1988,19880811,51,14,1,21
1728,1988,19880811,52,14,1,21
1729,1989,19890906,1,12,1,24
1730,1989,19890906,2,12,1,24
1731,1989,19890906,3,12,1,24
1732,1989,19890906,4,12,1,24
1733,1989,19890906,5,12,1,24
1734,1989,19890906,6,12,1,24
1735,1989,19890906,7,12,1,24
1736,1989,19890906,8,12,1,24
1737,1989,19890906,9,12,1,24
1738,1989,19890906,10,12,1,24
1739,1989,19890906,11,12,1,24
1740,1989,19890906,12,12,1,24
1741,1989,19890906,13,12,1,24
1742,1989,19890906,14,12,1,24
1743,1989,19890906,15,12,1,24
1744,1989,19890906,16,12,1,24
1745,1989,19890906,22,12,1,24
1746,1989,19890906,28,12,1,24
1747,1989,19890906,30,12,1,24
1748,1989,19890906,26,12,1,24
1749,1989,19890906,17,12,1,24
1750,1989,19890906,18,12,1,24
1751,1989,19890906,19,12,1,24
1752,1989,19890906,20,12,1,24
1753,1989,19890906,29,12,1,24
1754,1989,19890906,31,12,1,24
1755,1989,19890906,24,12,1,24
1756,1989,19890906,32,12,1,24
1757,1989,19890906,25,12,1,24
1758,1989,19890906,21,12,1,24
1759,1989,19890906,23,12,1,24
1760,1989,19890906,27,12,1,24
1761,1989,19890906,45,12,1,24
1762,1989,19890906,39,12,1,24
1763,1989,19890906,37,12,1,24
1764,1989,19890906,48,12,1,24
1765,1989,19890906,43,12,1,24
1766,1989,19890906,41,12,1,24
1767,1989,19890906,47,12,1,24
1768,1989,19890906,46,12,1,24
1769,1989,19890906,33,12,1,24
1770,1989,19890906,34,12,1,24
1771,1989,19890906,35,12,1,24
1772,1989,19890906,36,12,1,24
1773,1989,19890906,40,12,1,24
1774,1989,19890906,42,12,1,24
1775,1989,19890906,44,12,1,24
1776,1989,19890906,38,12,1,24
1777,1989,19890906,57,12,1,24
1778,1989,19890906,63,12,1,24
1779,1989,19890906,60,12,1,24
1780,1989,19890906,53,12,1,24
1781,1989,19890906,61,12,1,24
1782,1989,19890906,64,12,1,24
1783,1989,19890906,59,12,1,24
1784,1989,19890906,58,12,1,24
1785,1989,19890906,54,12,1,24
1786,1989,19890906,56,12,1,24
1787,1989,19890906,62,12,1,24
1788,1989,19890906,55,12,1,24
1789,1989,19890906,49,12,1,24
1790,1989,19890906,50,12,1,24
1791,1989,19890906,51,12,1,24
1792,1989,19890906,52,12,1,24
1793,1990,19900731,1,18,1,21
1794,1990,19900731,2,18,1,21
1795,1990,19900731,3,18,1,21
1796,1990,19900731,4,18,1,21
1797,1990,19900731,5,18,1,21
1798,1990,19900731,6,18,1,21
1799,1990,19900731,7,18,1,21
1800,1990,19900731,8,18,1,21
1801,1990,19900731,9,18,1,21
1802,1990,19900731,10,18,1,21
1803,1990,19900731,11,18,1,21
1804,1990,19900731,12,18,1,21
1805,1990,19900731,13,18,1,21
1806,1990,19900731,14,18,1,21
1807,1990,19900731,15,18,1,21
1808,1990,19900731,16,18,1,21
1809,1990,19900731,22,18,1,21
1810,1990,19900731,28,18,1,21
1811,1990,19900731,30,18,1,21
1812,1990,19900731,26,18,1,21
1813,1990,19900731,17,18,1,21
1814,1990,19900731,18,18,1,21
1815,1990,19900731,19,18,1,21
1816,1990,19900731,20,18,1,21
1817,1990,19900731,29,18,1,21
1818,1990,19900731,31,18,1,21
1819,1990,19900731,24,18,1,21
1820,1990,19900731,32,18,1,21
1821,1990,19900731,25,18,1,21
1822,1990,19900731,21,18,1,21
1823,1990,19900731,23,18,1,21
1824,1990,19900731,27,18,1,21
1825,1990,19900731,45,18,1,21
1826,1990,19900731,39,18,1,21
1827,1990,19900731,37,18,1,21
1828,1990,19900731,48,18,1,21
1829,1990,19900731,43,18,1,21
1830,1990,19900731,41,18,1,21
1831,1990,19900731,47,18,1,21
1832,1990,19900731,46,18,1,21
1833,1990,19900731,33,18,1,21
1834,1990,19900731,34,18,1,21
1835,1990,19900731,35,18,1,21
1836,1990,19900731,36,18,1,21
1837,1990,19900731,40,18,1,21
1838,1990,19900731,42,18,1,21
1839,1990,19900731,44,18,1,21
1840,1990,19900731,38,18,1,21
1841,1990,19900731,57,18,1,21
1842,1990,19900731,63,18,1,21
1843,1990,19900731,60,18,1,21
1844,1990,19900731,53,18,1,21
1845,1990,19900731,61,18,1,21
1846,1990,19900731,64,18,1,21
1847,1990,19900731,59,18,1,21
1848,1990,19900731,58,18,1,21
1849,1990,19900731,54,18,1,21
1850,1990,19900731,56,18,1,21
1851,1990,19900731,62,18,1,21
1852,1990,19900731,55,18,1,21
1853,1990,19900731,49,18,1,21
1854,1990,19900731,50,18,1,21
1855,1990,19900731,51,18,1,21
1856,1990,19900731,52,18,1,21
1857,1991,19910724,1,16,1,21
1858,1991,19910724,2,16,1,21
1859,1991,19910724,3,16,1,21
1860,1991,19910724,4,16,1,21
1861,1991,19910724,5,16,1,21
1862,1991,19910724,6,16,1,21
1863,1991,19910724,7,16,1,21
1864,1991,19910724,8,16,1,21
1865,1991,19910724,9,16,1,21
1866,1991,19910724,10,16,1,21
1867,1991,19910724,11,16,1,21
1868,1991,19910724,12,16,1,21
1869,1991,19910724,13,16,1,21
1870,1991,19910724,14,16,1,21
1871,1991,19910724,15,16,1,21
1872,1991,19910724,16,16,1,21
1873,1991,19910724,22,16,1,21
1874,1991,19910724,28,16,1,21
1875,1991,19910724,30,16,1,21
1876,1991,19910724,26,16,1,21
1877,1991,19910724,17,16,1,21
1878,1991,19910724,18,16,1,21
1879,1991,19910724,19,16,1,21
1880,1991,19910724,20,16,1,21
1881,1991,19910724,29,16,1,21
1882,1991,19910724,31,16,1,21
1883,1991,19910724,24,16,1,21
1884,1991,19910724,32,16,1,21
1885,1991,19910724,25,16,1,21
1886,1991,19910724,21,16,1,21
1887,1991,19910724,23,16,1,21
1888,1991,19910724,27,16,1,21
1889,1991,19910724,45,16,1,21
1890,1991,19910724,39,16,1,21
1891,1991,19910724,37,16,1,21
1892,1991,19910724,48,16,1,21
1893,1991,19910724,43,16,1,21
1894,1991,19910724,41,16,1,21
1895,1991,19910724,47,16,1,21
1896,1991,19910724,46,16,1,21
1897,1991,19910724,33,16,1,21
1898,1991,19910724,34,16,1,21
1899,1991,19910724,35,16,1,21
1900,1991,19910724,36,16,1,21
1901,1991,19910724,40,16,1,21
1902,1991,19910724,42,16,1,21
1903,1991,19910724,44,16,1,21
1904,1991,19910724,38,16,1,21
1905,1991,19910724,57,16,1,21
1906,1991,19910724,63,16,1,21
1907,1991,19910724,60,16,1,21
1908,1991,19910724,53,16,1,21
1909,1991,19910724,61,16,1,21
1910,1991,19910724,64,16,1,21
1911,1991,19910724,59,16,1,21
1912,1991,19910724,58,16,1,21
1913,1991,19910724,54,16,1,21
1914,1991,19910724,56,16,1,21
1915,1991,19910724,62,16,1,21
1916,1991,19910724,55,16,1,21
1917,1991,19910724,49,16,1,21
1918,1991,19910724,50,16,1,21
1919,1991,19910724,51,16,1,21
1920,1991,19910724,52,16,1,21
1921,1992,19921023,1,19,1,20
1922,1992,19921023,2,19,1,20
1923,1992,19921023,3,19,1,20
1924,1992,19921023,4,19,1,20
1925,1992,19921023,5,19,1,20
1926,1992,19921023,6,19,1,20
1927,1992,19921023,7,19,1,20
1928,1992,19921023,8,19,1,20
1929,1992,19921023,9,19,1,20
1930,1992,19921023,10,19,1,20
1931,1992,19921023,11,19,1,20
1932,1992,19921023,12,19,1,20
1933,1992,19921023,13,19,1,20
1934,1992,19921023,14,19,1,20
1935,1992,19921023,15,19,1,20
1936,1992,19921023,16,19,1,20
1937,1992,19921023,22,19,1,20
1938,1992,19921023,28,19,1,20
1939,1992,19921023,30,19,1,20
1940,1992,19921023,26,19,1,20
1941,1992,19921023,17,19,1,20
1942,1992,19921023,18,19,1,20
1943,1992,19921023,19,19,1,20
1944,1992,19921023,20,19,1,20
1945,1992,19921023,29,19,1,20
1946,1992,19921023,31,19,1,20
1947,1992,19921023,24,19,1,20
1948,1992,19921023,32,19,1,20
1949,1992,19921023,25,19,1,20
1950,1992,19921023,21,19,1,20
1951,1992,19921023,23,19,1,20
1952,1992,19921023,27,19,1,20
1953,1992,19921023,45,19,1,20
1954,1992,19921023,39,19,1,20
1955,1992,19921023,37,19,1,20
1956,1992,19921023,48,19,1,20
1957,1992,19921023,43,19,1,20
1958,1992,19921023,41,19,1,20
1959,1992,19921023,47,19,1,20
1960,1992,19921023,46,19,1,20
1961,1992,19921023,33,19,1,20
1962,1992,19921023,34,19,1,20
1963,1992,19921023,35,19,1,20
1964,1992,19921023,36,19,1,20
1965,1992,19921023,40,19,1,20
1966,1992,19921023,42,19,1,20
1967,1992,19921023,44,19,1,20
1968,1992,19921023,38,19,1,20
1969,1992,19921023,57,19,1,20
1970,1992,19921023,63,19,1,20
1971,1992,19921023,60,19,1,20
1972,1992,19921023,53,19,1,20
1973,1992,19921023,61,19,1,20
1974,1992,19921023,64,19,1,20
1975,1992,19921023,59,19,1,20
1976,1992,19921023,58,19,1,20
1977,1992,19921023,54,19,1,20
1978,1992,19921023,56,19,1,20
1979,1992,19921023,62,19,1,20
1980,1992,19921023,55,19,1,20
1981,1992,19921023,49,19,1,20
1982,1992,19921023,50,19,1,20
1983,1992,19921023,51,19,1,20
1984,1992,19921023,52,19,1,20
1985,1992,19921103,1,19,1,18
1986,1992,19921103,2,19,1,18
1987,1992,19921103,3,19,1,18
1988,1992,19921103,4,19,1,18
1989,1992,19921103,5,19,1,18
1990,1992,19921103,6,19,1,18
1991,1992,19921103,7,19,1,18
1992,1992,19921103,8,19,1,18
1993,1992,19921103,9,19,1,18
1994,1992,19921103,10,19,1,18
1995,1992,19921103,11,19,1,18
1996,1992,19921103,12,19,1,18
1997,1992,19921103,13,19,1,18
1998,1992,19921103,14,19,1,18
1999,1992,19921103,15,19,1,18
2000,1992,19921103,16,19,1,18
2001,1992,19921103,22,19,1,18
2002,1992,19921103,28,19,1,18
2003,1992,19921103,30,19,1,18
2004,1992,19921103,26,19,1,18
2005,1992,19921103,17,19,1,18
2006,1992,19921103,18,19,1,18
2007,1992,19921103,19,19,1,18
2008,1992,19921103,20,19,1,18
2009,1992,19921103,29,19,1,18
2010,1992,19921103,31,19,1,18
2011,1992,19921103,24,19,1,18
2012,1992,19921103,32,19,1,18
2013,1992,19921103,25,19,1,18
2014,1992,19921103,21,19,1,18
2015,1992,19921103,23,19,1,18
2016,1992,19921103,27,19,1,18
2017,1992,19921103,45,19,1,18
2018,1992,19921103,39,19,1,18
2019,1992,19921103,37,19,1,18
2020,1992,19921103,48,19,1,18
2021,1992,19921103,43,19,1,18
2022,1992,19921103,41,19,1,18
2023,1992,19921103,47,19,1,18
2024,1992,19921103,46,19,1,18
2025,1992,19921103,33,19,1,18
2026,1992,19921103,34,19,1,18
2027,1992,19921103,35,19,1,18
2028,1992,19921103,36,19,1,18
2029,1992,19921103,40,19,1,18
2030,1992,19921103,42,19,1,18
2031,1992,19921103,44,19,1,18
2032,1992,19921103,38,19,1,18
2033,1992,19921103,57,19,1,18
2034,1992,19921103,63,19,1,18
2035,1992,19921103,60,19,1,18
2036,1992,19921103,53,19,1,18
2037,1992,19921103,61,19,1,18
2038,1992,19921103,64,19,1,18
2039,1992,19921103,59,19,1,18
2040,1992,19921103,58,19,1,18
2041,1992,19921103,54,19,1,18
2042,1992,19921103,56,19,1,18
2043,1992,19921103,62,19,1,18
2044,1992,19921103,55,19,1,18
2045,1992,19921103,49,19,1,18
2046,1992,19921103,50,19,1,18
2047,1992,19921103,51,19,1,18
2048,1992,19921103,52,19,1,18
2049,1993,19930809,1,20,1,21
2050,1993,19930809,2,20,1,21
2051,1993,19930809,3,20,1,21
2052,1993,19930809,4,20,1,21
2053,1993,19930809,5,20,1,21
2054,1993,19930809,6,20,1,21
2055,1993,19930809,7,20,1,21
2056,1993,19930809,8,20,1,21
2057,1993,19930809,9,20,1,21
2058,1993,19930809,10,20,1,21
2059,1993,19930809,11,20,1,21
2060,1993,19930809,12,20,1,21
2061,1993,19930809,13,20,1,21
2062,1993,19930809,14,20,1,21
2063,1993,19930809,15,20,1,21
2064,1993,19930809,16,20,1,21
2065,1993,19930809,22,20,1,21
2066,1993,19930809,28,20,1,21
2067,1993,19930809,30,20,1,21
2068,1993,19930809,26,20,1,21
2069,1993,19930809,17,20,1,21
2070,1993,19930809,18,20,1,21
2071,1993,19930809,19,20,1,21
2072,1993,19930809,20,20,1,21
2073,1993,19930809,29,20,1,21
2074,1993,19930809,31,20,1,21
2075,1993,19930809,24,20,1,21
2076,1993,19930809,32,20,1,21
2077,1993,19930809,25,20,1,21
2078,1993,19930809,21,20,1,21
2079,1993,19930809,23,20,1,21
2080,1993,19930809,27,20,1,21
2081,1993,19930809,45,20,1,21
2082,1993,19930809,39,20,1,21
2083,1993,19930809,37,20,1,21
2084,1993,19930809,48,20,1,21
2085,1993,19930809,43,20,1,21
2086,1993,19930809,41,20,1,21
2087,1993,19930809,47,20,1,21
2088,1993,19930809,46,20,1,21
2089,1993,19930809,33,20,1,21
2090,1993,19930809,34,20,1,21
2091,1993,19930809,35,20,1,21
2092,1993,19930809,36,20,1,21
2093,1993,19930809,40,20,1,21
2094,1993,19930809,42,20,1,21
2095,1993,19930809,44,20,1,21
2096,1993,19930809,38,20,1,21
2097,1993,19930809,57,20,1,21
2098,1993,19930809,63,20,1,21
2099,1993,19930809,60,20,1,21
2100,1993,19930809,53,20,1,21
2101,1993,19930809,61,20,1,21
2102,1993,19930809,64,20,1,21
2103,1993,19930809,59,20,1,21
2104,1993,19930809,58,20,1,21
2105,1993,19930809,54,20,1,21
2106,1993,19930809,56,20,1,21
2107,1993,19930809,62,20,1,21
2108,1993,19930809,55,20,1,21
2109,1993,19930809,49,20,1,21
2110,1993,19930809,50,20,1,21
2111,1993,19930809,51,20,1,21
2112,1993,19930809,52,20,1,21
2113,1994,19940919,1,12,1,24
2114,1994,19940919,2,12,1,24
2115,1994,19940919,3,12,1,24
2116,1994,19940919,4,12,1,24
2117,1994,19940919,5,12,1,24
2118,1994,19940919,6,12,1,24
2119,1994,19940919,7,12,1,24
2120,1994,19940919,8,12,1,24
2121,1994,19940919,9,12,1,24
2122,1994,19940919,10,12,1,24
2123,1994,19940919,11,12,1,24
2124,1994,19940919,12,12,1,24
2125,1994,19940919,13,12,1,24
2126,1994,19940919,14,12,1,24
2127,1994,19940919,15,12,1,24
2128,1994,19940919,16,12,1,24
2129,1994,19940919,22,12,1,24
2130,1994,19940919,28,12,1,24
2131,1994,19940919,30,12,1,24
2132,1994,19940919,26,12,1,24
2133,1994,19940919,17,12,1,24
2134,1994,19940919,18,12,1,24
2135,1994,19940919,19,12,1,24
2136,1994,19940919,20,12,1,24
2137,1994,19940919,29,12,1,24
2138,1994,19940919,31,12,1,24
2139,1994,19940919,24,12,1,24
2140,1994,19940919,32,12,1,24
2141,1994,19940919,25,12,1,24
2142,1994,19940919,21,12,1,24
2143,1994,19940919,23,12,1,24
2144,1994,19940919,27,12,1,24
2145,1994,19940919,45,12,1,24
2146,1994,19940919,39,12,1,24
2147,1994,19940919,37,12,1,24
2148,1994,19940919,48,12,1,24
2149,1994,19940919,43,12,1,24
2150,1994,19940919,41,12,1,24
2151,1994,19940919,47,12,1,24
2152,1994,19940919,46,12,1,24
2153,1994,19940919,33,12,1,24
2154,1994,19940919,34,12,1,24
2155,1994,19940919,35,12,1,24
2156,1994,19940919,36,12,1,24
2157,1994,19940919,40,12,1,24
2158,1994,19940919,42,12,1,24
2159,1994,19940919,44,12,1,24
2160,1994,19940919,38,12,1,24
2161,1994,19940919,57,12,1,24
2162,1994,19940919,63,12,1,24
2163,1994,19940919,60,12,1,24
2164,1994,19940919,53,12,1,24
2165,1994,19940919,61,12,1,24
2166,1994,19940919,64,12,1,24
2167,1994,19940919,59,12,1,24
2168,1994,19940919,58,12,1,24
2169,1994,19940919,54,12,1,24
2170,1994,19940919,56,12,1,24
2171,1994,19940919,62,12,1,24
2172,1994,19940919,55,12,1,24
2173,1994,19940919,49,12,1,24
2174,1994,19940919,50,12,1,24
2175,1994,19940919,51,12,1,24
2176,1994,19940919,52,12,1,24
2177,1995,19950804,1,18,1,21
2178,1995,19950804,2,18,1,21
2179,1995,19950804,3,18,1,21
2180,1995,19950804,4,18,1,21
2181,1995,19950804,5,18,1,21
2182,1995,19950804,6,18,1,21
2183,1995,19950804,7,18,1,21
2184,1995,19950804,8,18,1,21
2185,1995,19950804,9,18,1,21
2186,1995,19950804,10,18,1,21
2187,1995,19950804,11,18,1,21
2188,1995,19950804,12,18,1,21
2189,1995,19950804,13,18,1,21
2190,1995,19950804,14,18,1,21
2191,1995,19950804,15,18,1,21
2192,1995,19950804,16,18,1,21
2193,1995,19950804,22,18,1,21
2194,1995,19950804,28,18,1,21
2195,1995,19950804,30,18,1,21
2196,1995,19950804,26,18,1,21
2197,1995,19950804,17,18,1,21
2198,1995,19950804,18,18,1,21
2199,1995,19950804,19,18,1,21
2200,1995,19950804,20,18,1,21
2201,1995,19950804,29,18,1,21
2202,1995,19950804,31,18,1,21
2203,1995,19950804,24,18,1,21
2204,1995,19950804,32,18,1,21
2205,1995,19950804,25,18,1,21
2206,1995,19950804,21,18,1,21
2207,1995,19950804,23,18,1,21
2208,1995,19950804,27,18,1,21
2209,1995,19950804,45,18,1,21
2210,1995,19950804,39,18,1,21
2211,1995,19950804,37,18,1,21
2212,1995,19950804,48,18,1,21
2213,1995,19950804,43,18,1,21
2214,1995,19950804,41,18,1,21
2215,1995,19950804,47,18,1,21
2216,1995,19950804,46,18,1,21
2217,1995,19950804,33,18,1,21
2218,1995,19950804,34,18,1,21
2219,1995,19950804,35,18,1,21
2220,1995,19950804,36,18,1,21
2221,1995,19950804,40,18,1,21
2222,1995,19950804,42,18,1,21
2223,1995,19950804,44,18,1,21
2224,1995,19950804,38,18,1,21
2225,1995,19950804,57,18,1,21
2226,1995,19950804,63,18,1,21
2227,1995,19950804,60,18,1,21
2228,1995,19950804,53,18,1,21
2229,1995,19950804,61,18,1,21
2230,1995,19950804,64,18,1,21
2231,1995,19950804,59,18,1,21
2232,1995,19950804,58,18,1,21
2233,1995,19950804,54,18,1,21
2234,1995,19950804,56,18,1,21
2235,1995,19950804,62,18,1,21
2236,1995,19950804,55,18,1,21
2237,1995,19950804,49,18,1,21
2238,1995,19950804,50,18,1,21
2239,1995,19950804,51,18,1,21
2240,1995,19950804,52,18,1,21
2241,1996,19960729,1,21,1,21
2242,1996,19960729,2,21,1,21
2243,1996,19960729,3,21,1,21
2244,1996,19960729,4,21,1,21
2245,1996,19960729,5,21,1,21
2246,1996,19960729,6,21,1,21
2247,1996,19960729,7,21,1,21
2248,1996,19960729,8,21,1,21
2249,1996,19960729,9,21,1,21
2250,1996,19960729,10,21,1,21
2251,1996,19960729,11,21,1,21
2252,1996,19960729,12,21,1,21
2253,1996,19960729,13,21,1,21
2254,1996,19960729,14,21,1,21
2255,1996,19960729,15,21,1,21
2256,1996,19960729,16,21,1,21
2257,1996,19960729,22,21,1,21
2258,1996,19960729,28,21,1,21
2259,1996,19960729,30,21,1,21
2260,1996,19960729,26,21,1,21
2261,1996,19960729,17,21,1,21
2262,1996,19960729,18,21,1,21
2263,1996,19960729,19,21,1,21
2264,1996,19960729,20,21,1,21
2265,1996,19960729,29,21,1,21
2266,1996,19960729,31,21,1,21
2267,1996,19960729,24,21,1,21
2268,1996,19960729,32,21,1,21
2269,1996,19960729,25,21,1,21
2270,1996,19960729,21,21,1,21
2271,1996,19960729,23,21,1,21
2272,1996,19960729,27,21,1,21
2273,1996,19960729,45,21,1,21
2274,1996,19960729,39,21,1,21
2275,1996,19960729,37,21,1,21
2276,1996,19960729,48,21,1,21
2277,1996,19960729,43,21,1,21
2278,1996,19960729,41,21,1,21
2279,1996,19960729,47,21,1,21
2280,1996,19960729,46,21,1,21
2281,1996,19960729,33,21,1,21
2282,1996,19960729,34,21,1,21
2283,1996,19960729,35,21,1,21
2284,1996,19960729,36,21,1,21
2285,1996,19960729,40,21,1,21
2286,1996,19960729,42,21,1,21
2287,1996,19960729,44,21,1,21
2288,1996,19960729,38,21,1,21
2289,1996,19960729,57,21,1,21
2290,1996,19960729,63,21,1,21
2291,1996,19960729,60,21,1,21
2292,1996,19960729,53,21,1,21
2293,1996,19960729,61,21,1,21
2294,1996,19960729,64,21,1,21
2295,1996,19960729,59,21,1,21
2296,1996,19960729,58,21,1,21
2297,1996,19960729,54,21,1,21
2298,1996,19960729,56,21,1,21
2299,1996,19960729,62,21,1,21
2300,1996,19960729,55,21,1,21
2301,1996,19960729,49,21,1,21
2302,1996,19960729,50,21,1,21
2303,1996,19960729,51,21,1,21
2304,1996,19960729,52,21,1,21
2305,1997,19971022,1,19,1,20
2306,1997,19971022,2,19,1,20
2307,1997,19971022,3,19,1,20
2308,1997,19971022,4,19,1,20
2309,1997,19971022,5,19,1,20
2310,1997,19971022,6,19,1,20
2311,1997,19971022,7,19,1,20
2312,1997,19971022,8,19,1,20
2313,1997,19971022,9,19,1,20
2314,1997,19971022,10,19,1,20
2315,1997,19971022,11,19,1,20
2316,1997,19971022,12,19,1,20
2317,1997,19971022,13,19,1,20
2318,1997,19971022,14,19,1,20
2319,1997,19971022,15,19,1,20
2320,1997,19971022,16,19,1,20
2321,1997,19971022,22,19,1,20
2322,1997,19971022,28,19,1,20
2323,1997,19971022,30,19,1,20
2324,1997,19971022,26,19,1,20
2325,1997,19971022,17,19,1,20
2326,1997,19971022,18,19,1,20
2327,1997,19971022,19,19,1,20
2328,1997,19971022,20,19,1,20
2329,1997,19971022,29,19,1,20
2330,1997,19971022,31,19,1,20
2331,1997,19971022,24,19,1,20
2332,1997,19971022,32,19,1,20
2333,1997,19971022,25,19,1,20
2334,1997,19971022,21,19,1,20
2335,1997,19971022,23,19,1,20
2336,1997,19971022,27,19,1,20
2337,1997,19971022,45,19,1,20
2338,1997,19971022,39,19,1,20
2339,1997,19971022,37,19,1,20
2340,1997,19971022,48,19,1,20
2341,1997,19971022,43,19,1,20
2342,1997,19971022,41,19,1,20
2343,1997,19971022,47,19,1,20
2344,1997,19971022,46,19,1,20
2345,1997,19971022,33,19,1,20
2346,1997,19971022,34,19,1,20
2347,1997,19971022,35,19,1,20
2348,1997,19971022,36,19,1,20
2349,1997,19971022,40,19,1,20
2350,1997,19971022,42,19,1,20
2351,1997,19971022,44,19,1,20
2352,1997,19971022,38,19,1,20
2353,1997,19971022,57,19,1,20
2354,1997,19971022,63,19,1,20
2355,1997,19971022,60,19,1,20
2356,1997,19971022,53,19,1,20
2357,1997,19971022,61,19,1,20
2358,1997,19971022,64,19,1,20
2359,1997,19971022,59,19,1,20
2360,1997,19971022,58,19,1,20
2361,1997,19971022,54,19,1,20
2362,1997,19971022,56,19,1,20
2363,1997,19971022,62,19,1,20
2364,1997,19971022,55,19,1,20
2365,1997,19971022,49,19,1,20
2366,1997,19971022,50,19,1,20
2367,1997,19971022,51,19,1,20
2368,1997,19971022,52,19,1,20
2369,1997,19971023,1,19,1,18
2370,1997,19971023,2,19,1,18
2371,1997,19971023,3,19,1,18
2372,1997,19971023,4,19,1,18
2373,1997,19971023,5,19,1,18
2374,1997,19971023,6,19,1,18
2375,1997,19971023,7,19,1,18
2376,1997,19971023,8,19,1,18
2377,1997,19971023,9,19,1,18
2378,1997,19971023,10,19,1,18
2379,1997,19971023,11,19,1,18
2380,1997,19971023,12,19,1,18
2381,1997,19971023,13,19,1,18
2382,1997,19971023,14,19,1,18
2383,1997,19971023,15,19,1,18
2384,1997,19971023,16,19,1,18
2385,1997,19971023,22,19,1,18
2386,1997,19971023,28,19,1,18
2387,1997,19971023,30,19,1,18
2388,1997,19971023,26,19,1,18
2389,1997,19971023,17,19,1,18
2390,1997,19971023,18,19,1,18
2391,1997,19971023,19,19,1,18
2392,1997,19971023,20,19,1,18
2393,1997,19971023,29,19,1,18
2394,1997,19971023,31,19,1,18
2395,1997,19971023,24,19,1,18
2396,1997,19971023,32,19,1,18
2397,1997,19971023,25,19,1,18
2398,1997,19971023,21,19,1,18
2399,1997,19971023,23,19,1,18
2400,1997,19971023,27,19,1,18
2401,1997,19971023,45,19,1,18
2402,1997,19971023,39,19,1,18
2403,1997,19971023,37,19,1,18
2404,1997,19971023,48,19,1,18
2405,1997,19971023,43,19,1,18
2406,1997,19971023,41,19,1,18
2407,1997,19971023,47,19,1,18
2408,1997,19971023,46,19,1,18
2409,1997,19971023,33,19,1,18
2410,1997,19971023,34,19,1,18
2411,1997,19971023,35,19,1,18
2412,1997,19971023,36,19,1,18
2413,1997,19971023,40,19,1,18
2414,1997,19971023,42,19,1,18
2415,1997,19971023,44,19,1,18
2416,1997,19971023,38,19,1,18
2417,1997,19971023,57,19,1,18
2418,1997,19971023,63,19,1,18
2419,1997,19971023,60,19,1,18
2420,1997,19971023,53,19,1,18
2421,1997,19971023,61,19,1,18
2422,1997,19971023,64,19,1,18
2423,1997,19971023,59,19,1,18
2424,1997,19971023,58,19,1,18
2425,1997,19971023,54,19,1,18
2426,1997,19971023,56,19,1,18
2427,1997,19971023,62,19,1,18
2428,1997,19971023,55,19,1,18
2429,1997,19971023,49,19,1,18
2430,1997,19971023,50,19,1,18
2431,1997,19971023,51,19,1,18
2432,1997,19971023,52,19,1,18
2433,1998,19980806,1,20,1,21
2434,1998,19980806,2,20,1,21
2435,1998,19980806,3,20,1,21
2436,1998,19980806,4,20,1,21
2437,1998,19980806,5,20,1,21
2438,1998,19980806,6,20,1,21
2439,1998,19980806,7,20,1,21
2440,1998,19980806,8,20,1,21
2441,1998,19980806,9,20,1,21
2442,1998,19980806,10,20,1,21
2443,1998,19980806,11,20,1,21
2444,1998,19980806,12,20,1,21
2445,1998,19980806,13,20,1,21
2446,1998,19980806,14,20,1,21
2447,1998,19980806,15,20,1,21
2448,1998,19980806,16,20,1,21
2449,1998,19980806,22,20,1,21
2450,1998,19980806,28,20,1,21
2451,1998,19980806,30,20,1,21
2452,1998,19980806,26,20,1,21
2453,1998,19980806,17,20,1,21
2454,1998,19980806,18,20,1,21
2455,1998,19980806,19,20,1,21
2456,1998,19980806,20,20,1,21
2457,1998,19980806,29,20,1,21
2458,1998,19980806,31,20,1,21
2459,1998,19980806,24,20,1,21
2460,1998,19980806,32,20,1,21
2461,1998,19980806,25,20,1,21
2462,1998,19980806,21,20,1,21
2463,1998,19980806,23,20,1,21
2464,1998,19980806,27,20,1,21
2465,1998,19980806,45,20,1,21
2466,1998,19980806,39,20,1,21
2467,1998,19980806,37,20,1,21
2468,1998,19980806,48,20,1,21
2469,1998,19980806,43,20,1,21
2470,1998,19980806,41,20,1,21
2471,1998,19980806,47,20,1,21
2472,1998,19980806,46,20,1,21
2473,1998,19980806,33,20,1,21
2474,1998,19980806,34,20,1,21
2475,1998,19980806,35,20,1,21
2476,1998,19980806,36,20,1,21
2477,1998,19980806,40,20,1,21
2478,1998,19980806,42,20,1,21
2479,1998,19980806,44,20,1,21
2480,1998,19980806,38,20,1,21
2481,1998,19980806,57,20,1,21
2482,1998,19980806,63,20,1,21
2483,1998,19980806,60,20,1,21
2484,1998,19980806,53,20,1,21
2485,1998,19980806,61,20,1,21
2486,1998,19980806,64,20,1,21
2487,1998,19980806,59,20,1,21
2488,1998,19980806,58,20,1,21
2489,1998,19980806,54,20,1,21
2490,1998,19980806,56,20,1,21
2491,1998,19980806,62,20,1,21
2492,1998,19980806,55,20,1,21
2493,1998,19980806,49,20,1,21
2494,1998,19980806,50,20,1,21
2495,1998,19980806,51,20,1,21
2496,1998,19980806,52,20,1,21
2497,1999,,1,,1,24
2498,1999,,2,,1,24
2499,1999,,3,,1,24
2500,1999,,4,,1,24
2501,1999,,5,,1,24
2502,1999,,6,,1,24
2503,1999,,7,,1,24
2504,1999,,8,,1,24
2505,1999,,9,,1,24
2506,1999,,10,,1,24
2507,1999,,11,,1,24
2508,1999,,12,,1,24
2509,1999,,13,,1,24
2510,1999,,14,,1,24
2511,1999,,15,,1,24
2512,1999,,16,,1,24
2513,1999,,22,,1,24
2514,1999,,28,,1,24
2515,1999,,30,,1,24
2516,1999,,26,,1,24
2517,1999,,17,,1,24
2518,1999,,18,,1,24
2519,1999,,19,,1,24
2520,1999,,20,,1,24
2521,1999,,29,,1,24
2522,1999,,31,,1,24
2523,1999,,24,,1,24
2524,1999,,32,,1,24
2525,1999,,25,,1,24
2526,1999,,21,,1,24
2527,1999,,23,,1,24
2528,1999,,27,,1,24
2529,1999,,45,,1,24
2530,1999,,39,,1,24
2531,1999,,37,,1,24
2532,1999,,48,,1,24
2533,1999,,43,,1,24
2534,1999,,41,,1,24
2535,1999,,47,,1,24
2536,1999,,46,,1,24
2537,1999,,33,,1,24
2538,1999,,34,,1,24
2539,1999,,35,,1,24
2540,1999,,36,,1,24
2541,1999,,40,,1,24
2542,1999,,42,,1,24
2543,1999,,44,,1,24
2544,1999,,38,,1,24
2545,1999,,57,,1,24
2546,1999,,63,,1,24
2547,1999,,60,,1,24
2548,1999,,53,,1,24
2549,1999,,61,,1,24
2550,1999,,64,,1,24
2551,1999,,59,,1,24
2552,1999,,58,,1,24
2553,1999,,54,,1,24
2554,1999,,56,,1,24
2555,1999,,62,,1,24
2556,1999,,55,,1,24
2557,1999,,49,,1,24
2558,1999,,50,,1,24
2559,1999,,51,,1,24
2560,1999,,52,,1,24
2561,2000,,1,,1,21
2562,2000,,2,,1,21
2563,2000,,3,,1,21
2564,2000,,4,,1,21
2565,2000,,5,,1,21
2566,2000,,6,,1,21
2567,2000,,7,,1,21
2568,2000,,8,,1,21
2569,2000,,9,,1,21
2570,2000,,10,,1,21
2571,2000,,11,,1,21
2572,2000,,12,,1,21
2573,2000,,13,,1,21
2574,2000,,14,,1,21
2575,2000,,15,,1,21
2576,2000,,16,,1,21
2577,2000,,22,,1,21
2578,2000,,28,,1,21
2579,2000,,30,,1,21
2580,2000,,26,,1,21
2581,2000,,17,,1,21
2582,2000,,18,,1,21
2583,2000,,19,,1,21
2584,2000,,20,,1,21
2585,2000,,29,,1,21
2586,2000,,31,,1,21
2587,2000,,24,,1,21
2588,2000,,32,,1,21
2589,2000,,25,,1,21
2590,2000,,21,,1,21
2591,2000,,23,,1,21
2592,2000,,27,,1,21
2593,2000,,45,,1,21
2594,2000,,39,,1,21
2595,2000,,37,,1,21
2596,2000,,48,,1,21
2597,2000,,43,,1,21
2598,2000,,41,,1,21
2599,2000,,47,,1,21
2600,2000,,46,,1,21
2601,2000,,33,,1,21
2602,2000,,34,,1,21
2603,2000,,35,,1,21
2604,2000,,36,,1,21
2605,2000,,40,,1,21
2606,2000,,42,,1,21
2607,2000,,44,,1,21
2608,2000,,38,,1,21
2609,2000,,57,,1,21
2610,2000,,63,,1,21
2611,2000,,60,,1,21
2612,2000,,53,,1,21
2613,2000,,61,,1,21
2614,2000,,64,,1,21
2615,2000,,59,,1,21
2616,2000,,58,,1,21
2617,2000,,54,,1,21
2618,2000,,56,,1,21
2619,2000,,62,,1,21
2620,2000,,55,,1,21
2621,2000,,49,,1,21
2622,2000,,50,,1,21
2623,2000,,51,,1,21
2624,2000,,52,,1,21
2625,2002,20021017,1,19,1,18
2626,2002,20021017,2,19,1,18
2627,2002,20021017,3,19,1,18
2628,2002,20021017,4,19,1,18
2629,2002,20021017,5,19,1,18
2630,2002,20021017,6,19,1,18
2631,2002,20021017,7,19,1,18
2632,2002,20021017,8,19,1,18
2633,2002,20021017,9,19,1,18
2634,2002,20021017,10,19,1,18
2635,2002,20021017,11,19,1,18
2636,2002,20021017,12,19,1,18
2637,2002,20021017,13,19,1,18
2638,2002,20021017,14,19,1,18
2639,2002,20021017,15,19,1,18
2640,2002,20021017,16,19,1,18
2641,2002,20021017,22,19,1,18
2642,2002,20021017,28,19,1,18
2643,2002,20021017,30,19,1,18
2644,2002,20021017,26,19,1,18
2645,2002,20021017,17,19,1,18
2646,2002,20021017,18,19,1,18
2647,2002,20021017,19,19,1,18
2648,2002,20021017,20,19,1,18
2649,2002,20021017,29,19,1,18
2650,2002,20021017,31,19,1,18
2651,2002,20021017,24,19,1,18
2652,2002,20021017,32,19,1,18
2653,2002,20021017,25,19,1,18
2654,2002,20021017,21,19,1,18
2655,2002,20021017,23,19,1,18
2656,2002,20021017,27,19,1,18
2657,2002,20021017,45,19,1,18
2658,2002,20021017,39,19,1,18
2659,2002,20021017,37,19,1,18
2660,2002,20021017,48,19,1,18
2661,2002,20021017,43,19,1,18
2662,2002,20021017,41,19,1,18
2663,2002,20021017,47,19,1,18
2664,2002,20021017,46,19,1,18
2665,2002,20021017,33,19,1,18
2666,2002,20021017,34,19,1,18
2667,2002,20021017,35,19,1,18
2668,2002,20021017,36,19,1,18
2669,2002,20021017,40,19,1,18
2670,2002,20021017,42,19,1,18
2671,2002,20021017,44,19,1,18
2672,2002,20021017,38,19,1,18
2673,2002,20021017,57,19,1,18
2674,2002,20021017,63,19,1,18
2675,2002,20021017,60,19,1,18
2676,2002,20021017,53,19,1,18
2677,2002,20021017,61,19,1,18
2678,2002,20021017,64,19,1,18
2679,2002,20021017,59,19,1,18
2680,2002,20021017,58,19,1,18
2681,2002,20021017,54,19,1,18
2682,2002,20021017,56,19,1,18
2683,2002,20021017,62,19,1,18
2684,2002,20021017,55,19,1,18
2685,2002,20021017,49,19,1,18
2686,2002,20021017,50,19,1,18
2687,2002,20021017,51,19,1,18
2688,2002,20021017,52,19,1,18
