Versuchsaufbau_ID,Versuchsjahr,Parzelle_ID,Kultur_ID,Pruefglied_ID,Bewaesserung
1,1967,1,1,11,0
2,1967,2,1,12,0
3,1967,3,1,13,0
4,1967,4,1,14,0
5,1967,5,1,21,0
6,1967,6,1,22,0
7,1967,7,1,23,0
8,1967,8,1,24,0
9,1967,9,1,31,0
10,1967,10,1,32,0
11,1967,11,1,33,0
12,1967,12,1,34,0
13,1967,13,1,41,0
14,1967,14,1,42,0
15,1967,15,1,43,0
16,1967,16,1,44,0
17,1967,17,1,21,0
18,1967,18,1,22,0
19,1967,19,1,23,0
20,1967,20,1,24,0
21,1967,21,1,42,0
22,1967,22,1,11,0
23,1967,23,1,43,0
24,1967,24,1,33,0
25,1967,25,1,41,0
26,1967,26,1,14,0
27,1967,27,1,44,0
28,1967,28,1,12,0
29,1967,29,1,31,0
30,1967,30,1,13,0
31,1967,31,1,32,0
32,1967,32,1,34,0
33,1967,33,1,31,0
34,1967,34,1,32,0
35,1967,35,1,33,0
36,1967,36,1,34,0
37,1967,37,1,13,0
38,1967,38,1,44,0
39,1967,39,1,12,0
40,1967,40,1,41,0
41,1967,41,1,22,0
42,1967,42,1,42,0
43,1967,43,1,21,0
44,1967,44,1,43,0
45,1967,45,1,11,0
46,1967,46,1,24,0
47,1967,47,1,23,0
48,1967,48,1,14,0
49,1967,49,1,41,0
50,1967,50,1,42,0
51,1967,51,1,43,0
52,1967,52,1,44,0
53,1967,53,1,14,0
54,1967,54,1,31,0
55,1967,55,1,34,0
56,1967,56,1,32,0
57,1967,57,1,11,0
58,1967,58,1,24,0
59,1967,59,1,23,0
60,1967,60,1,13,0
61,1967,61,1,21,0
62,1967,62,1,33,0
63,1967,63,1,12,0
64,1967,64,1,22,0
65,1968,1,2,11,0
66,1968,2,2,12,0
67,1968,3,2,13,0
68,1968,4,2,14,0
69,1968,5,2,21,0
70,1968,6,2,22,0
71,1968,7,2,23,0
72,1968,8,2,24,0
73,1968,9,2,31,0
74,1968,10,2,32,0
75,1968,11,2,33,0
76,1968,12,2,34,0
77,1968,13,2,41,0
78,1968,14,2,42,0
79,1968,15,2,43,0
80,1968,16,2,44,0
81,1968,17,2,21,0
82,1968,18,2,22,0
83,1968,19,2,23,0
84,1968,20,2,24,0
85,1968,21,2,42,0
86,1968,22,2,11,0
87,1968,23,2,43,0
88,1968,24,2,33,0
89,1968,25,2,41,0
90,1968,26,2,14,0
91,1968,27,2,44,0
92,1968,28,2,12,0
93,1968,29,2,31,0
94,1968,30,2,13,0
95,1968,31,2,32,0
96,1968,32,2,34,0
97,1968,33,2,31,0
98,1968,34,2,32,0
99,1968,35,2,33,0
100,1968,36,2,34,0
101,1968,37,2,13,0
102,1968,38,2,44,0
103,1968,39,2,12,0
104,1968,40,2,41,0
105,1968,41,2,22,0
106,1968,42,2,42,0
107,1968,43,2,21,0
108,1968,44,2,43,0
109,1968,45,2,11,0
110,1968,46,2,24,0
111,1968,47,2,23,0
112,1968,48,2,14,0
113,1968,49,2,41,0
114,1968,50,2,42,0
115,1968,51,2,43,0
116,1968,52,2,44,0
117,1968,53,2,14,0
118,1968,54,2,31,0
119,1968,55,2,34,0
120,1968,56,2,32,0
121,1968,57,2,11,0
122,1968,58,2,24,0
123,1968,59,2,23,0
124,1968,60,2,13,0
125,1968,61,2,21,0
126,1968,62,2,33,0
127,1968,63,2,12,0
128,1968,64,2,22,0
129,1969,1,3,11,0
130,1969,2,3,12,0
131,1969,3,3,13,0
132,1969,4,3,14,0
133,1969,5,3,21,0
134,1969,6,3,22,0
135,1969,7,3,23,0
136,1969,8,3,24,0
137,1969,9,3,31,0
138,1969,10,3,32,0
139,1969,11,3,33,0
140,1969,12,3,34,0
141,1969,13,3,41,0
142,1969,14,3,42,0
143,1969,15,3,43,0
144,1969,16,3,44,0
145,1969,17,3,21,0
146,1969,18,3,22,0
147,1969,19,3,23,0
148,1969,20,3,24,0
149,1969,21,3,42,0
150,1969,22,3,11,0
151,1969,23,3,43,0
152,1969,24,3,33,0
153,1969,25,3,41,0
154,1969,26,3,14,0
155,1969,27,3,44,0
156,1969,28,3,12,0
157,1969,29,3,31,0
158,1969,30,3,13,0
159,1969,31,3,32,0
160,1969,32,3,34,0
161,1969,33,3,31,0
162,1969,34,3,32,0
163,1969,35,3,33,0
164,1969,36,3,34,0
165,1969,37,3,13,0
166,1969,38,3,44,0
167,1969,39,3,12,0
168,1969,40,3,41,0
169,1969,41,3,22,0
170,1969,42,3,42,0
171,1969,43,3,21,0
172,1969,44,3,43,0
173,1969,45,3,11,0
174,1969,46,3,24,0
175,1969,47,3,23,0
176,1969,48,3,14,0
177,1969,49,3,41,0
178,1969,50,3,42,0
179,1969,51,3,43,0
180,1969,52,3,44,0
181,1969,53,3,14,0
182,1969,54,3,31,0
183,1969,55,3,34,0
184,1969,56,3,32,0
185,1969,57,3,11,0
186,1969,58,3,24,0
187,1969,59,3,23,0
188,1969,60,3,13,0
189,1969,61,3,21,0
190,1969,62,3,33,0
191,1969,63,3,12,0
192,1969,64,3,22,0
193,1970,1,4,11,0
194,1970,2,4,12,0
195,1970,3,4,13,0
196,1970,4,4,14,0
197,1970,5,4,21,0
198,1970,6,4,22,0
199,1970,7,4,23,0
200,1970,8,4,24,0
201,1970,9,4,31,0
202,1970,10,4,32,0
203,1970,11,4,33,0
204,1970,12,4,34,0
205,1970,13,4,41,0
206,1970,14,4,42,0
207,1970,15,4,43,0
208,1970,16,4,44,0
209,1970,17,4,21,0
210,1970,18,4,22,0
211,1970,19,4,23,0
212,1970,20,4,24,0
213,1970,21,4,42,0
214,1970,22,4,11,0
215,1970,23,4,43,0
216,1970,24,4,33,0
217,1970,25,4,41,0
218,1970,26,4,14,0
219,1970,27,4,44,0
220,1970,28,4,12,0
221,1970,29,4,31,0
222,1970,30,4,13,0
223,1970,31,4,32,0
224,1970,32,4,34,0
225,1970,33,4,31,0
226,1970,34,4,32,0
227,1970,35,4,33,0
228,1970,36,4,34,0
229,1970,37,4,13,0
230,1970,38,4,44,0
231,1970,39,4,12,0
232,1970,40,4,41,0
233,1970,41,4,22,0
234,1970,42,4,42,0
235,1970,43,4,21,0
236,1970,44,4,43,0
237,1970,45,4,11,0
238,1970,46,4,24,0
239,1970,47,4,23,0
240,1970,48,4,14,0
241,1970,49,4,41,0
242,1970,50,4,42,0
243,1970,51,4,43,0
244,1970,52,4,44,0
245,1970,53,4,14,0
246,1970,54,4,31,0
247,1970,55,4,34,0
248,1970,56,4,32,0
249,1970,57,4,11,0
250,1970,58,4,24,0
251,1970,59,4,23,0
252,1970,60,4,13,0
253,1970,61,4,21,0
254,1970,62,4,33,0
255,1970,63,4,12,0
256,1970,64,4,22,0
257,1971,1,1,11,0
258,1971,2,1,12,0
259,1971,3,1,13,0
260,1971,4,1,14,0
261,1971,5,1,21,0
262,1971,6,1,22,0
263,1971,7,1,23,0
264,1971,8,1,24,0
265,1971,9,1,31,0
266,1971,10,1,32,0
267,1971,11,1,33,0
268,1971,12,1,34,0
269,1971,13,1,41,0
270,1971,14,1,42,0
271,1971,15,1,43,0
272,1971,16,1,44,0
273,1971,17,1,21,0
274,1971,18,1,22,0
275,1971,19,1,23,0
276,1971,20,1,24,0
277,1971,21,1,42,0
278,1971,22,1,11,0
279,1971,23,1,43,0
280,1971,24,1,33,0
281,1971,25,1,41,0
282,1971,26,1,14,0
283,1971,27,1,44,0
284,1971,28,1,12,0
285,1971,29,1,31,0
286,1971,30,1,13,0
287,1971,31,1,32,0
288,1971,32,1,34,0
289,1971,33,1,31,0
290,1971,34,1,32,0
291,1971,35,1,33,0
292,1971,36,1,34,0
293,1971,37,1,13,0
294,1971,38,1,44,0
295,1971,39,1,12,0
296,1971,40,1,41,0
297,1971,41,1,22,0
298,1971,42,1,42,0
299,1971,43,1,21,0
300,1971,44,1,43,0
301,1971,45,1,11,0
302,1971,46,1,24,0
303,1971,47,1,23,0
304,1971,48,1,14,0
305,1971,49,1,41,0
306,1971,50,1,42,0
307,1971,51,1,43,0
308,1971,52,1,44,0
309,1971,53,1,14,0
310,1971,54,1,31,0
311,1971,55,1,34,0
312,1971,56,1,32,0
313,1971,57,1,11,0
314,1971,58,1,24,0
315,1971,59,1,23,0
316,1971,60,1,13,0
317,1971,61,1,21,0
318,1971,62,1,33,0
319,1971,63,1,12,0
320,1971,64,1,22,0
321,1972,1,2,11,0
322,1972,2,2,12,0
323,1972,3,2,13,0
324,1972,4,2,14,0
325,1972,5,2,21,0
326,1972,6,2,22,0
327,1972,7,2,23,0
328,1972,8,2,24,0
329,1972,9,2,31,0
330,1972,10,2,32,0
331,1972,11,2,33,0
332,1972,12,2,34,0
333,1972,13,2,41,0
334,1972,14,2,42,0
335,1972,15,2,43,0
336,1972,16,2,44,0
337,1972,17,2,21,0
338,1972,18,2,22,0
339,1972,19,2,23,0
340,1972,20,2,24,0
341,1972,21,2,42,0
342,1972,22,2,11,0
343,1972,23,2,43,0
344,1972,24,2,33,0
345,1972,25,2,41,0
346,1972,26,2,14,0
347,1972,27,2,44,0
348,1972,28,2,12,0
349,1972,29,2,31,0
350,1972,30,2,13,0
351,1972,31,2,32,0
352,1972,32,2,34,0
353,1972,33,2,31,0
354,1972,34,2,32,0
355,1972,35,2,33,0
356,1972,36,2,34,0
357,1972,37,2,13,0
358,1972,38,2,44,0
359,1972,39,2,12,0
360,1972,40,2,41,0
361,1972,41,2,22,0
362,1972,42,2,42,0
363,1972,43,2,21,0
364,1972,44,2,43,0
365,1972,45,2,11,0
366,1972,46,2,24,0
367,1972,47,2,23,0
368,1972,48,2,14,0
369,1972,49,2,41,0
370,1972,50,2,42,0
371,1972,51,2,43,0
372,1972,52,2,44,0
373,1972,53,2,14,0
374,1972,54,2,31,0
375,1972,55,2,34,0
376,1972,56,2,32,0
377,1972,57,2,11,0
378,1972,58,2,24,0
379,1972,59,2,23,0
380,1972,60,2,13,0
381,1972,61,2,21,0
382,1972,62,2,33,0
383,1972,63,2,12,0
384,1972,64,2,22,0
385,1973,1,3,11,0
386,1973,2,3,12,0
387,1973,3,3,13,0
388,1973,4,3,14,0
389,1973,5,3,21,0
390,1973,6,3,22,0
391,1973,7,3,23,0
392,1973,8,3,24,0
393,1973,9,3,31,0
394,1973,10,3,32,0
395,1973,11,3,33,0
396,1973,12,3,34,0
397,1973,13,3,41,0
398,1973,14,3,42,0
399,1973,15,3,43,0
400,1973,16,3,44,0
401,1973,17,3,21,0
402,1973,18,3,22,0
403,1973,19,3,23,0
404,1973,20,3,24,0
405,1973,21,3,42,0
406,1973,22,3,11,0
407,1973,23,3,43,0
408,1973,24,3,33,0
409,1973,25,3,41,0
410,1973,26,3,14,0
411,1973,27,3,44,0
412,1973,28,3,12,0
413,1973,29,3,31,0
414,1973,30,3,13,0
415,1973,31,3,32,0
416,1973,32,3,34,0
417,1973,33,3,31,0
418,1973,34,3,32,0
419,1973,35,3,33,0
420,1973,36,3,34,0
421,1973,37,3,13,0
422,1973,38,3,44,0
423,1973,39,3,12,0
424,1973,40,3,41,0
425,1973,41,3,22,0
426,1973,42,3,42,0
427,1973,43,3,21,0
428,1973,44,3,43,0
429,1973,45,3,11,0
430,1973,46,3,24,0
431,1973,47,3,23,0
432,1973,48,3,14,0
433,1973,49,3,41,0
434,1973,50,3,42,0
435,1973,51,3,43,0
436,1973,52,3,44,0
437,1973,53,3,14,0
438,1973,54,3,31,0
439,1973,55,3,34,0
440,1973,56,3,32,0
441,1973,57,3,11,0
442,1973,58,3,24,0
443,1973,59,3,23,0
444,1973,60,3,13,0
445,1973,61,3,21,0
446,1973,62,3,33,0
447,1973,63,3,12,0
448,1973,64,3,22,0
449,1974,1,4,11,0
450,1974,2,4,12,0
451,1974,3,4,13,0
452,1974,4,4,14,0
453,1974,5,4,21,0
454,1974,6,4,22,0
455,1974,7,4,23,0
456,1974,8,4,24,0
457,1974,9,4,31,0
458,1974,10,4,32,0
459,1974,11,4,33,0
460,1974,12,4,34,0
461,1974,13,4,41,0
462,1974,14,4,42,0
463,1974,15,4,43,0
464,1974,16,4,44,0
465,1974,17,4,21,0
466,1974,18,4,22,0
467,1974,19,4,23,0
468,1974,20,4,24,0
469,1974,21,4,42,0
470,1974,22,4,11,0
471,1974,23,4,43,0
472,1974,24,4,33,0
473,1974,25,4,41,0
474,1974,26,4,14,0
475,1974,27,4,44,0
476,1974,28,4,12,0
477,1974,29,4,31,0
478,1974,30,4,13,0
479,1974,31,4,32,0
480,1974,32,4,34,0
481,1974,33,4,31,0
482,1974,34,4,32,0
483,1974,35,4,33,0
484,1974,36,4,34,0
485,1974,37,4,13,0
486,1974,38,4,44,0
487,1974,39,4,12,0
488,1974,40,4,41,0
489,1974,41,4,22,0
490,1974,42,4,42,0
491,1974,43,4,21,0
492,1974,44,4,43,0
493,1974,45,4,11,0
494,1974,46,4,24,0
495,1974,47,4,23,0
496,1974,48,4,14,0
497,1974,49,4,41,0
498,1974,50,4,42,0
499,1974,51,4,43,0
500,1974,52,4,44,0
501,1974,53,4,14,0
502,1974,54,4,31,0
503,1974,55,4,34,0
504,1974,56,4,32,0
505,1974,57,4,11,0
506,1974,58,4,24,0
507,1974,59,4,23,0
508,1974,60,4,13,0
509,1974,61,4,21,0
510,1974,62,4,33,0
511,1974,63,4,12,0
512,1974,64,4,22,0
513,1975,1,1,11,0
514,1975,2,1,12,0
515,1975,3,1,13,0
516,1975,4,1,14,0
517,1975,5,1,21,0
518,1975,6,1,22,0
519,1975,7,1,23,0
520,1975,8,1,24,0
521,1975,9,1,31,0
522,1975,10,1,32,0
523,1975,11,1,33,0
524,1975,12,1,34,0
525,1975,13,1,41,0
526,1975,14,1,42,0
527,1975,15,1,43,0
528,1975,16,1,44,0
529,1975,17,1,21,0
530,1975,18,1,22,0
531,1975,19,1,23,0
532,1975,20,1,24,0
533,1975,21,1,42,0
534,1975,22,1,11,0
535,1975,23,1,43,0
536,1975,24,1,33,0
537,1975,25,1,41,0
538,1975,26,1,14,0
539,1975,27,1,44,0
540,1975,28,1,12,0
541,1975,29,1,31,0
542,1975,30,1,13,0
543,1975,31,1,32,0
544,1975,32,1,34,0
545,1975,33,1,31,0
546,1975,34,1,32,0
547,1975,35,1,33,0
548,1975,36,1,34,0
549,1975,37,1,13,0
550,1975,38,1,44,0
551,1975,39,1,12,0
552,1975,40,1,41,0
553,1975,41,1,22,0
554,1975,42,1,42,0
555,1975,43,1,21,0
556,1975,44,1,43,0
557,1975,45,1,11,0
558,1975,46,1,24,0
559,1975,47,1,23,0
560,1975,48,1,14,0
561,1975,49,1,41,0
562,1975,50,1,42,0
563,1975,51,1,43,0
564,1975,52,1,44,0
565,1975,53,1,14,0
566,1975,54,1,31,0
567,1975,55,1,34,0
568,1975,56,1,32,0
569,1975,57,1,11,0
570,1975,58,1,24,0
571,1975,59,1,23,0
572,1975,60,1,13,0
573,1975,61,1,21,0
574,1975,62,1,33,0
575,1975,63,1,12,0
576,1975,64,1,22,0
577,1976,1,2,11,0
578,1976,2,2,12,0
579,1976,3,2,13,0
580,1976,4,2,14,0
581,1976,5,2,21,0
582,1976,6,2,22,0
583,1976,7,2,23,0
584,1976,8,2,24,0
585,1976,9,2,31,0
586,1976,10,2,32,0
587,1976,11,2,33,0
588,1976,12,2,34,0
589,1976,13,2,41,0
590,1976,14,2,42,0
591,1976,15,2,43,0
592,1976,16,2,44,0
593,1976,17,2,21,0
594,1976,18,2,22,0
595,1976,19,2,23,0
596,1976,20,2,24,0
597,1976,21,2,42,0
598,1976,22,2,11,0
599,1976,23,2,43,0
600,1976,24,2,33,0
601,1976,25,2,41,0
602,1976,26,2,14,0
603,1976,27,2,44,0
604,1976,28,2,12,0
605,1976,29,2,31,0
606,1976,30,2,13,0
607,1976,31,2,32,0
608,1976,32,2,34,0
609,1976,33,2,31,0
610,1976,34,2,32,0
611,1976,35,2,33,0
612,1976,36,2,34,0
613,1976,37,2,13,0
614,1976,38,2,44,0
615,1976,39,2,12,0
616,1976,40,2,41,0
617,1976,41,2,22,0
618,1976,42,2,42,0
619,1976,43,2,21,0
620,1976,44,2,43,0
621,1976,45,2,11,0
622,1976,46,2,24,0
623,1976,47,2,23,0
624,1976,48,2,14,0
625,1976,49,2,41,0
626,1976,50,2,42,0
627,1976,51,2,43,0
628,1976,52,2,44,0
629,1976,53,2,14,0
630,1976,54,2,31,0
631,1976,55,2,34,0
632,1976,56,2,32,0
633,1976,57,2,11,0
634,1976,58,2,24,0
635,1976,59,2,23,0
636,1976,60,2,13,0
637,1976,61,2,21,0
638,1976,62,2,33,0
639,1976,63,2,12,0
640,1976,64,2,22,0
641,1977,1,3,11,0
642,1977,2,3,12,0
643,1977,3,3,13,0
644,1977,4,3,14,0
645,1977,5,3,21,0
646,1977,6,3,22,0
647,1977,7,3,23,0
648,1977,8,3,24,0
649,1977,9,3,31,0
650,1977,10,3,32,0
651,1977,11,3,33,0
652,1977,12,3,34,0
653,1977,13,3,41,0
654,1977,14,3,42,0
655,1977,15,3,43,0
656,1977,16,3,44,0
657,1977,17,3,21,0
658,1977,18,3,22,0
659,1977,19,3,23,0
660,1977,20,3,24,0
661,1977,21,3,42,0
662,1977,22,3,11,0
663,1977,23,3,43,0
664,1977,24,3,33,0
665,1977,25,3,41,0
666,1977,26,3,14,0
667,1977,27,3,44,0
668,1977,28,3,12,0
669,1977,29,3,31,0
670,1977,30,3,13,0
671,1977,31,3,32,0
672,1977,32,3,34,0
673,1977,33,3,31,1
674,1977,34,3,32,1
675,1977,35,3,33,1
676,1977,36,3,34,1
677,1977,37,3,13,1
678,1977,38,3,44,1
679,1977,39,3,12,1
680,1977,40,3,41,1
681,1977,41,3,22,1
682,1977,42,3,42,1
683,1977,43,3,21,1
684,1977,44,3,43,1
685,1977,45,3,11,1
686,1977,46,3,24,1
687,1977,47,3,23,1
688,1977,48,3,14,1
689,1977,49,3,41,1
690,1977,50,3,42,1
691,1977,51,3,43,1
692,1977,52,3,44,1
693,1977,53,3,14,1
694,1977,54,3,31,1
695,1977,55,3,34,1
696,1977,56,3,32,1
697,1977,57,3,11,1
698,1977,58,3,24,1
699,1977,59,3,23,1
700,1977,60,3,13,1
701,1977,61,3,21,1
702,1977,62,3,33,1
703,1977,63,3,12,1
704,1977,64,3,22,1
705,1978,1,4,11,0
706,1978,2,4,12,0
707,1978,3,4,13,0
708,1978,4,4,14,0
709,1978,5,4,21,0
710,1978,6,4,22,0
711,1978,7,4,23,0
712,1978,8,4,24,0
713,1978,9,4,31,0
714,1978,10,4,32,0
715,1978,11,4,33,0
716,1978,12,4,34,0
717,1978,13,4,41,0
718,1978,14,4,42,0
719,1978,15,4,43,0
720,1978,16,4,44,0
721,1978,17,4,21,0
722,1978,18,4,22,0
723,1978,19,4,23,0
724,1978,20,4,24,0
725,1978,21,4,42,0
726,1978,22,4,11,0
727,1978,23,4,43,0
728,1978,24,4,33,0
729,1978,25,4,41,0
730,1978,26,4,14,0
731,1978,27,4,44,0
732,1978,28,4,12,0
733,1978,29,4,31,0
734,1978,30,4,13,0
735,1978,31,4,32,0
736,1978,32,4,34,0
737,1978,33,4,31,1
738,1978,34,4,32,1
739,1978,35,4,33,1
740,1978,36,4,34,1
741,1978,37,4,13,1
742,1978,38,4,44,1
743,1978,39,4,12,1
744,1978,40,4,41,1
745,1978,41,4,22,1
746,1978,42,4,42,1
747,1978,43,4,21,1
748,1978,44,4,43,1
749,1978,45,4,11,1
750,1978,46,4,24,1
751,1978,47,4,23,1
752,1978,48,4,14,1
753,1978,49,4,41,1
754,1978,50,4,42,1
755,1978,51,4,43,1
756,1978,52,4,44,1
757,1978,53,4,14,1
758,1978,54,4,31,1
759,1978,55,4,34,1
760,1978,56,4,32,1
761,1978,57,4,11,1
762,1978,58,4,24,1
763,1978,59,4,23,1
764,1978,60,4,13,1
765,1978,61,4,21,1
766,1978,62,4,33,1
767,1978,63,4,12,1
768,1978,64,4,22,1
769,1979,1,1,11,0
770,1979,2,1,12,0
771,1979,3,1,13,0
772,1979,4,1,14,0
773,1979,5,1,21,0
774,1979,6,1,22,0
775,1979,7,1,23,0
776,1979,8,1,24,0
777,1979,9,1,31,0
778,1979,10,1,32,0
779,1979,11,1,33,0
780,1979,12,1,34,0
781,1979,13,1,41,0
782,1979,14,1,42,0
783,1979,15,1,43,0
784,1979,16,1,44,0
785,1979,17,1,21,0
786,1979,18,1,22,0
787,1979,19,1,23,0
788,1979,20,1,24,0
789,1979,21,1,42,0
790,1979,22,1,11,0
791,1979,23,1,43,0
792,1979,24,1,33,0
793,1979,25,1,41,0
794,1979,26,1,14,0
795,1979,27,1,44,0
796,1979,28,1,12,0
797,1979,29,1,31,0
798,1979,30,1,13,0
799,1979,31,1,32,0
800,1979,32,1,34,0
801,1979,33,1,31,1
802,1979,34,1,32,1
803,1979,35,1,33,1
804,1979,36,1,34,1
805,1979,37,1,13,1
806,1979,38,1,44,1
807,1979,39,1,12,1
808,1979,40,1,41,1
809,1979,41,1,22,1
810,1979,42,1,42,1
811,1979,43,1,21,1
812,1979,44,1,43,1
813,1979,45,1,11,1
814,1979,46,1,24,1
815,1979,47,1,23,1
816,1979,48,1,14,1
817,1979,49,1,41,1
818,1979,50,1,42,1
819,1979,51,1,43,1
820,1979,52,1,44,1
821,1979,53,1,14,1
822,1979,54,1,31,1
823,1979,55,1,34,1
824,1979,56,1,32,1
825,1979,57,1,11,1
826,1979,58,1,24,1
827,1979,59,1,23,1
828,1979,60,1,13,1
829,1979,61,1,21,1
830,1979,62,1,33,1
831,1979,63,1,12,1
832,1979,64,1,22,1
833,1980,1,2,11,0
834,1980,2,2,12,0
835,1980,3,2,13,0
836,1980,4,2,14,0
837,1980,5,2,21,0
838,1980,6,2,22,0
839,1980,7,2,23,0
840,1980,8,2,24,0
841,1980,9,2,31,0
842,1980,10,2,32,0
843,1980,11,2,33,0
844,1980,12,2,34,0
845,1980,13,2,41,0
846,1980,14,2,42,0
847,1980,15,2,43,0
848,1980,16,2,44,0
849,1980,17,2,21,0
850,1980,18,2,22,0
851,1980,19,2,23,0
852,1980,20,2,24,0
853,1980,21,2,42,0
854,1980,22,2,11,0
855,1980,23,2,43,0
856,1980,24,2,33,0
857,1980,25,2,41,0
858,1980,26,2,14,0
859,1980,27,2,44,0
860,1980,28,2,12,0
861,1980,29,2,31,0
862,1980,30,2,13,0
863,1980,31,2,32,0
864,1980,32,2,34,0
865,1980,33,2,31,1
866,1980,34,2,32,1
867,1980,35,2,33,1
868,1980,36,2,34,1
869,1980,37,2,13,1
870,1980,38,2,44,1
871,1980,39,2,12,1
872,1980,40,2,41,1
873,1980,41,2,22,1
874,1980,42,2,42,1
875,1980,43,2,21,1
876,1980,44,2,43,1
877,1980,45,2,11,1
878,1980,46,2,24,1
879,1980,47,2,23,1
880,1980,48,2,14,1
881,1980,49,2,41,1
882,1980,50,2,42,1
883,1980,51,2,43,1
884,1980,52,2,44,1
885,1980,53,2,14,1
886,1980,54,2,31,1
887,1980,55,2,34,1
888,1980,56,2,32,1
889,1980,57,2,11,1
890,1980,58,2,24,1
891,1980,59,2,23,1
892,1980,60,2,13,1
893,1980,61,2,21,1
894,1980,62,2,33,1
895,1980,63,2,12,1
896,1980,64,2,22,1
897,1981,1,5,11,0
898,1981,2,5,12,0
899,1981,3,5,13,0
900,1981,4,5,14,0
901,1981,5,5,21,0
902,1981,6,5,22,0
903,1981,7,5,23,0
904,1981,8,5,24,0
905,1981,9,5,31,0
906,1981,10,5,32,0
907,1981,11,5,33,0
908,1981,12,5,34,0
909,1981,13,5,41,0
910,1981,14,5,42,0
911,1981,15,5,43,0
912,1981,16,5,44,0
913,1981,17,5,21,0
914,1981,18,5,22,0
915,1981,19,5,23,0
916,1981,20,5,24,0
917,1981,21,5,42,0
918,1981,22,5,11,0
919,1981,23,5,43,0
920,1981,24,5,33,0
921,1981,25,5,41,0
922,1981,26,5,14,0
923,1981,27,5,44,0
924,1981,28,5,12,0
925,1981,29,5,31,0
926,1981,30,5,13,0
927,1981,31,5,32,0
928,1981,32,5,34,0
929,1981,33,5,31,0
930,1981,34,5,32,0
931,1981,35,5,33,0
932,1981,36,5,34,0
933,1981,37,5,13,0
934,1981,38,5,44,0
935,1981,39,5,12,0
936,1981,40,5,41,0
937,1981,41,5,22,0
938,1981,42,5,42,0
939,1981,43,5,21,0
940,1981,44,5,43,0
941,1981,45,5,11,0
942,1981,46,5,24,0
943,1981,47,5,23,0
944,1981,48,5,14,0
945,1981,49,5,41,0
946,1981,50,5,42,0
947,1981,51,5,43,0
948,1981,52,5,44,0
949,1981,53,5,14,0
950,1981,54,5,31,0
951,1981,55,5,34,0
952,1981,56,5,32,0
953,1981,57,5,11,0
954,1981,58,5,24,0
955,1981,59,5,23,0
956,1981,60,5,13,0
957,1981,61,5,21,0
958,1981,62,5,33,0
959,1981,63,5,12,0
960,1981,64,5,22,0
961,1982,1,3,11,0
962,1982,2,3,12,0
963,1982,3,3,13,0
964,1982,4,3,14,0
965,1982,5,3,21,0
966,1982,6,3,22,0
967,1982,7,3,23,0
968,1982,8,3,24,0
969,1982,9,3,31,0
970,1982,10,3,32,0
971,1982,11,3,33,0
972,1982,12,3,34,0
973,1982,13,3,41,0
974,1982,14,3,42,0
975,1982,15,3,43,0
976,1982,16,3,44,0
977,1982,17,3,21,0
978,1982,18,3,22,0
979,1982,19,3,23,0
980,1982,20,3,24,0
981,1982,21,3,42,0
982,1982,22,3,11,0
983,1982,23,3,43,0
984,1982,24,3,33,0
985,1982,25,3,41,0
986,1982,26,3,14,0
987,1982,27,3,44,0
988,1982,28,3,12,0
989,1982,29,3,31,0
990,1982,30,3,13,0
991,1982,31,3,32,0
992,1982,32,3,34,0
993,1982,33,3,31,1
994,1982,34,3,32,1
995,1982,35,3,33,1
996,1982,36,3,34,1
997,1982,37,3,13,1
998,1982,38,3,44,1
999,1982,39,3,12,1
1000,1982,40,3,41,1
1001,1982,41,3,22,1
1002,1982,42,3,42,1
1003,1982,43,3,21,1
1004,1982,44,3,43,1
1005,1982,45,3,11,1
1006,1982,46,3,24,1
1007,1982,47,3,23,1
1008,1982,48,3,14,1
1009,1982,49,3,41,1
1010,1982,50,3,42,1
1011,1982,51,3,43,1
1012,1982,52,3,44,1
1013,1982,53,3,14,1
1014,1982,54,3,31,1
1015,1982,55,3,34,1
1016,1982,56,3,32,1
1017,1982,57,3,11,1
1018,1982,58,3,24,1
1019,1982,59,3,23,1
1020,1982,60,3,13,1
1021,1982,61,3,21,1
1022,1982,62,3,33,1
1023,1982,63,3,12,1
1024,1982,64,3,22,1
1025,1983,1,4,11,0
1026,1983,2,4,12,0
1027,1983,3,4,13,0
1028,1983,4,4,14,0
1029,1983,5,4,21,0
1030,1983,6,4,22,0
1031,1983,7,4,23,0
1032,1983,8,4,24,0
1033,1983,9,4,31,0
1034,1983,10,4,32,0
1035,1983,11,4,33,0
1036,1983,12,4,34,0
1037,1983,13,4,41,0
1038,1983,14,4,42,0
1039,1983,15,4,43,0
1040,1983,16,4,44,0
1041,1983,17,4,21,0
1042,1983,18,4,22,0
1043,1983,19,4,23,0
1044,1983,20,4,24,0
1045,1983,21,4,42,0
1046,1983,22,4,11,0
1047,1983,23,4,43,0
1048,1983,24,4,33,0
1049,1983,25,4,41,0
1050,1983,26,4,14,0
1051,1983,27,4,44,0
1052,1983,28,4,12,0
1053,1983,29,4,31,0
1054,1983,30,4,13,0
1055,1983,31,4,32,0
1056,1983,32,4,34,0
1057,1983,33,4,31,1
1058,1983,34,4,32,1
1059,1983,35,4,33,1
1060,1983,36,4,34,1
1061,1983,37,4,13,1
1062,1983,38,4,44,1
1063,1983,39,4,12,1
1064,1983,40,4,41,1
1065,1983,41,4,22,1
1066,1983,42,4,42,1
1067,1983,43,4,21,1
1068,1983,44,4,43,1
1069,1983,45,4,11,1
1070,1983,46,4,24,1
1071,1983,47,4,23,1
1072,1983,48,4,14,1
1073,1983,49,4,41,1
1074,1983,50,4,42,1
1075,1983,51,4,43,1
1076,1983,52,4,44,1
1077,1983,53,4,14,1
1078,1983,54,4,31,1
1079,1983,55,4,34,1
1080,1983,56,4,32,1
1081,1983,57,4,11,1
1082,1983,58,4,24,1
1083,1983,59,4,23,1
1084,1983,60,4,13,1
1085,1983,61,4,21,1
1086,1983,62,4,33,1
1087,1983,63,4,12,1
1088,1983,64,4,22,1
1089,1984,1,6,11,0
1090,1984,2,6,12,0
1091,1984,3,6,13,0
1092,1984,4,6,14,0
1093,1984,5,6,21,0
1094,1984,6,6,22,0
1095,1984,7,6,23,0
1096,1984,8,6,24,0
1097,1984,9,6,31,0
1098,1984,10,6,32,0
1099,1984,11,6,33,0
1100,1984,12,6,34,0
1101,1984,13,6,41,0
1102,1984,14,6,42,0
1103,1984,15,6,43,0
1104,1984,16,6,44,0
1105,1984,17,6,21,0
1106,1984,18,6,22,0
1107,1984,19,6,23,0
1108,1984,20,6,24,0
1109,1984,21,6,42,0
1110,1984,22,6,11,0
1111,1984,23,6,43,0
1112,1984,24,6,33,0
1113,1984,25,6,41,0
1114,1984,26,6,14,0
1115,1984,27,6,44,0
1116,1984,28,6,12,0
1117,1984,29,6,31,0
1118,1984,30,6,13,0
1119,1984,31,6,32,0
1120,1984,32,6,34,0
1121,1984,33,6,31,0
1122,1984,34,6,32,0
1123,1984,35,6,33,0
1124,1984,36,6,34,0
1125,1984,37,6,13,0
1126,1984,38,6,44,0
1127,1984,39,6,12,0
1128,1984,40,6,41,0
1129,1984,41,6,22,0
1130,1984,42,6,42,0
1131,1984,43,6,21,0
1132,1984,44,6,43,0
1133,1984,45,6,11,0
1134,1984,46,6,24,0
1135,1984,47,6,23,0
1136,1984,48,6,14,0
1137,1984,49,6,41,0
1138,1984,50,6,42,0
1139,1984,51,6,43,0
1140,1984,52,6,44,0
1141,1984,53,6,14,0
1142,1984,54,6,31,0
1143,1984,55,6,34,0
1144,1984,56,6,32,0
1145,1984,57,6,11,0
1146,1984,58,6,24,0
1147,1984,59,6,23,0
1148,1984,60,6,13,0
1149,1984,61,6,21,0
1150,1984,62,6,33,0
1151,1984,63,6,12,0
1152,1984,64,6,22,0
1153,1985,1,2,11,0
1154,1985,2,2,12,0
1155,1985,3,2,13,0
1156,1985,4,2,14,0
1157,1985,5,2,21,0
1158,1985,6,2,22,0
1159,1985,7,2,23,0
1160,1985,8,2,24,0
1161,1985,9,2,31,0
1162,1985,10,2,32,0
1163,1985,11,2,33,0
1164,1985,12,2,34,0
1165,1985,13,2,41,0
1166,1985,14,2,42,0
1167,1985,15,2,43,0
1168,1985,16,2,44,0
1169,1985,17,2,21,0
1170,1985,18,2,22,0
1171,1985,19,2,23,0
1172,1985,20,2,24,0
1173,1985,21,2,42,0
1174,1985,22,2,11,0
1175,1985,23,2,43,0
1176,1985,24,2,33,0
1177,1985,25,2,41,0
1178,1985,26,2,14,0
1179,1985,27,2,44,0
1180,1985,28,2,12,0
1181,1985,29,2,31,0
1182,1985,30,2,13,0
1183,1985,31,2,32,0
1184,1985,32,2,34,0
1185,1985,33,2,31,1
1186,1985,34,2,32,1
1187,1985,35,2,33,1
1188,1985,36,2,34,1
1189,1985,37,2,13,1
1190,1985,38,2,44,1
1191,1985,39,2,12,1
1192,1985,40,2,41,1
1193,1985,41,2,22,1
1194,1985,42,2,42,1
1195,1985,43,2,21,1
1196,1985,44,2,43,1
1197,1985,45,2,11,1
1198,1985,46,2,24,1
1199,1985,47,2,23,1
1200,1985,48,2,14,1
1201,1985,49,2,41,1
1202,1985,50,2,42,1
1203,1985,51,2,43,1
1204,1985,52,2,44,1
1205,1985,53,2,14,1
1206,1985,54,2,31,1
1207,1985,55,2,34,1
1208,1985,56,2,32,1
1209,1985,57,2,11,1
1210,1985,58,2,24,1
1211,1985,59,2,23,1
1212,1985,60,2,13,1
1213,1985,61,2,21,1
1214,1985,62,2,33,1
1215,1985,63,2,12,1
1216,1985,64,2,22,1
1217,1986,1,5,11,0
1218,1986,2,5,12,0
1219,1986,3,5,13,0
1220,1986,4,5,14,0
1221,1986,5,5,21,0
1222,1986,6,5,22,0
1223,1986,7,5,23,0
1224,1986,8,5,24,0
1225,1986,9,5,31,0
1226,1986,10,5,32,0
1227,1986,11,5,33,0
1228,1986,12,5,34,0
1229,1986,13,5,41,0
1230,1986,14,5,42,0
1231,1986,15,5,43,0
1232,1986,16,5,44,0
1233,1986,17,5,21,0
1234,1986,18,5,22,0
1235,1986,19,5,23,0
1236,1986,20,5,24,0
1237,1986,21,5,42,0
1238,1986,22,5,11,0
1239,1986,23,5,43,0
1240,1986,24,5,33,0
1241,1986,25,5,41,0
1242,1986,26,5,14,0
1243,1986,27,5,44,0
1244,1986,28,5,12,0
1245,1986,29,5,31,0
1246,1986,30,5,13,0
1247,1986,31,5,32,0
1248,1986,32,5,34,0
1249,1986,33,5,31,0
1250,1986,34,5,32,0
1251,1986,35,5,33,0
1252,1986,36,5,34,0
1253,1986,37,5,13,0
1254,1986,38,5,44,0
1255,1986,39,5,12,0
1256,1986,40,5,41,0
1257,1986,41,5,22,0
1258,1986,42,5,42,0
1259,1986,43,5,21,0
1260,1986,44,5,43,0
1261,1986,45,5,11,0
1262,1986,46,5,24,0
1263,1986,47,5,23,0
1264,1986,48,5,14,0
1265,1986,49,5,41,0
1266,1986,50,5,42,0
1267,1986,51,5,43,0
1268,1986,52,5,44,0
1269,1986,53,5,14,0
1270,1986,54,5,31,0
1271,1986,55,5,34,0
1272,1986,56,5,32,0
1273,1986,57,5,11,0
1274,1986,58,5,24,0
1275,1986,59,5,23,0
1276,1986,60,5,13,0
1277,1986,61,5,21,0
1278,1986,62,5,33,0
1279,1986,63,5,12,0
1280,1986,64,5,22,0
1281,1987,1,3,11,0
1282,1987,2,3,12,0
1283,1987,3,3,13,0
1284,1987,4,3,14,0
1285,1987,5,3,21,0
1286,1987,6,3,22,0
1287,1987,7,3,23,0
1288,1987,8,3,24,0
1289,1987,9,3,31,0
1290,1987,10,3,32,0
1291,1987,11,3,33,0
1292,1987,12,3,34,0
1293,1987,13,3,41,0
1294,1987,14,3,42,0
1295,1987,15,3,43,0
1296,1987,16,3,44,0
1297,1987,17,3,21,0
1298,1987,18,3,22,0
1299,1987,19,3,23,0
1300,1987,20,3,24,0
1301,1987,21,3,42,0
1302,1987,22,3,11,0
1303,1987,23,3,43,0
1304,1987,24,3,33,0
1305,1987,25,3,41,0
1306,1987,26,3,14,0
1307,1987,27,3,44,0
1308,1987,28,3,12,0
1309,1987,29,3,31,0
1310,1987,30,3,13,0
1311,1987,31,3,32,0
1312,1987,32,3,34,0
1313,1987,33,3,31,1
1314,1987,34,3,32,1
1315,1987,35,3,33,1
1316,1987,36,3,34,1
1317,1987,37,3,13,1
1318,1987,38,3,44,1
1319,1987,39,3,12,1
1320,1987,40,3,41,1
1321,1987,41,3,22,1
1322,1987,42,3,42,1
1323,1987,43,3,21,1
1324,1987,44,3,43,1
1325,1987,45,3,11,1
1326,1987,46,3,24,1
1327,1987,47,3,23,1
1328,1987,48,3,14,1
1329,1987,49,3,41,1
1330,1987,50,3,42,1
1331,1987,51,3,43,1
1332,1987,52,3,44,1
1333,1987,53,3,14,1
1334,1987,54,3,31,1
1335,1987,55,3,34,1
1336,1987,56,3,32,1
1337,1987,57,3,11,1
1338,1987,58,3,24,1
1339,1987,59,3,23,1
1340,1987,60,3,13,1
1341,1987,61,3,21,1
1342,1987,62,3,33,1
1343,1987,63,3,12,1
1344,1987,64,3,22,1
1345,1988,1,4,11,0
1346,1988,2,4,12,0
1347,1988,3,4,13,0
1348,1988,4,4,14,0
1349,1988,5,4,21,0
1350,1988,6,4,22,0
1351,1988,7,4,23,0
1352,1988,8,4,24,0
1353,1988,9,4,31,0
1354,1988,10,4,32,0
1355,1988,11,4,33,0
1356,1988,12,4,34,0
1357,1988,13,4,41,0
1358,1988,14,4,42,0
1359,1988,15,4,43,0
1360,1988,16,4,44,0
1361,1988,17,4,21,0
1362,1988,18,4,22,0
1363,1988,19,4,23,0
1364,1988,20,4,24,0
1365,1988,21,4,42,0
1366,1988,22,4,11,0
1367,1988,23,4,43,0
1368,1988,24,4,33,0
1369,1988,25,4,41,0
1370,1988,26,4,14,0
1371,1988,27,4,44,0
1372,1988,28,4,12,0
1373,1988,29,4,31,0
1374,1988,30,4,13,0
1375,1988,31,4,32,0
1376,1988,32,4,34,0
1377,1988,33,4,31,1
1378,1988,34,4,32,1
1379,1988,35,4,33,1
1380,1988,36,4,34,1
1381,1988,37,4,13,1
1382,1988,38,4,44,1
1383,1988,39,4,12,1
1384,1988,40,4,41,1
1385,1988,41,4,22,1
1386,1988,42,4,42,1
1387,1988,43,4,21,1
1388,1988,44,4,43,1
1389,1988,45,4,11,1
1390,1988,46,4,24,1
1391,1988,47,4,23,1
1392,1988,48,4,14,1
1393,1988,49,4,41,1
1394,1988,50,4,42,1
1395,1988,51,4,43,1
1396,1988,52,4,44,1
1397,1988,53,4,14,1
1398,1988,54,4,31,1
1399,1988,55,4,34,1
1400,1988,56,4,32,1
1401,1988,57,4,11,1
1402,1988,58,4,24,1
1403,1988,59,4,23,1
1404,1988,60,4,13,1
1405,1988,61,4,21,1
1406,1988,62,4,33,1
1407,1988,63,4,12,1
1408,1988,64,4,22,1
1409,1989,1,1,11,0
1410,1989,2,1,12,0
1411,1989,3,1,13,0
1412,1989,4,1,14,0
1413,1989,5,1,21,0
1414,1989,6,1,22,0
1415,1989,7,1,23,0
1416,1989,8,1,24,0
1417,1989,9,1,31,0
1418,1989,10,1,32,0
1419,1989,11,1,33,0
1420,1989,12,1,34,0
1421,1989,13,1,41,0
1422,1989,14,1,42,0
1423,1989,15,1,43,0
1424,1989,16,1,44,0
1425,1989,17,1,21,0
1426,1989,18,1,22,0
1427,1989,19,1,23,0
1428,1989,20,1,24,0
1429,1989,21,1,42,0
1430,1989,22,1,11,0
1431,1989,23,1,43,0
1432,1989,24,1,33,0
1433,1989,25,1,41,0
1434,1989,26,1,14,0
1435,1989,27,1,44,0
1436,1989,28,1,12,0
1437,1989,29,1,31,0
1438,1989,30,1,13,0
1439,1989,31,1,32,0
1440,1989,32,1,34,0
1441,1989,33,1,31,0
1442,1989,34,1,32,0
1443,1989,35,1,33,0
1444,1989,36,1,34,0
1445,1989,37,1,13,0
1446,1989,38,1,44,0
1447,1989,39,1,12,0
1448,1989,40,1,41,0
1449,1989,41,1,22,0
1450,1989,42,1,42,0
1451,1989,43,1,21,0
1452,1989,44,1,43,0
1453,1989,45,1,11,0
1454,1989,46,1,24,0
1455,1989,47,1,23,0
1456,1989,48,1,14,0
1457,1989,49,1,41,0
1458,1989,50,1,42,0
1459,1989,51,1,43,0
1460,1989,52,1,44,0
1461,1989,53,1,14,0
1462,1989,54,1,31,0
1463,1989,55,1,34,0
1464,1989,56,1,32,0
1465,1989,57,1,11,0
1466,1989,58,1,24,0
1467,1989,59,1,23,0
1468,1989,60,1,13,0
1469,1989,61,1,21,0
1470,1989,62,1,33,0
1471,1989,63,1,12,0
1472,1989,64,1,22,0
1473,1990,1,2,11,0
1474,1990,2,2,12,0
1475,1990,3,2,13,0
1476,1990,4,2,14,0
1477,1990,5,2,21,0
1478,1990,6,2,22,0
1479,1990,7,2,23,0
1480,1990,8,2,24,0
1481,1990,9,2,31,0
1482,1990,10,2,32,0
1483,1990,11,2,33,0
1484,1990,12,2,34,0
1485,1990,13,2,41,0
1486,1990,14,2,42,0
1487,1990,15,2,43,0
1488,1990,16,2,44,0
1489,1990,17,2,21,0
1490,1990,18,2,22,0
1491,1990,19,2,23,0
1492,1990,20,2,24,0
1493,1990,21,2,42,0
1494,1990,22,2,11,0
1495,1990,23,2,43,0
1496,1990,24,2,33,0
1497,1990,25,2,41,0
1498,1990,26,2,14,0
1499,1990,27,2,44,0
1500,1990,28,2,12,0
1501,1990,29,2,31,0
1502,1990,30,2,13,0
1503,1990,31,2,32,0
1504,1990,32,2,34,0
1505,1990,33,2,31,0
1506,1990,34,2,32,0
1507,1990,35,2,33,0
1508,1990,36,2,34,0
1509,1990,37,2,13,0
1510,1990,38,2,44,0
1511,1990,39,2,12,0
1512,1990,40,2,41,0
1513,1990,41,2,22,0
1514,1990,42,2,42,0
1515,1990,43,2,21,0
1516,1990,44,2,43,0
1517,1990,45,2,11,0
1518,1990,46,2,24,0
1519,1990,47,2,23,0
1520,1990,48,2,14,0
1521,1990,49,2,41,0
1522,1990,50,2,42,0
1523,1990,51,2,43,0
1524,1990,52,2,44,0
1525,1990,53,2,14,0
1526,1990,54,2,31,0
1527,1990,55,2,34,0
1528,1990,56,2,32,0
1529,1990,57,2,11,0
1530,1990,58,2,24,0
1531,1990,59,2,23,0
1532,1990,60,2,13,0
1533,1990,61,2,21,0
1534,1990,62,2,33,0
1535,1990,63,2,12,0
1536,1990,64,2,22,0
1537,1991,1,5,11,0
1538,1991,2,5,12,0
1539,1991,3,5,13,0
1540,1991,4,5,14,0
1541,1991,5,5,21,0
1542,1991,6,5,22,0
1543,1991,7,5,23,0
1544,1991,8,5,24,0
1545,1991,9,5,31,0
1546,1991,10,5,32,0
1547,1991,11,5,33,0
1548,1991,12,5,34,0
1549,1991,13,5,41,0
1550,1991,14,5,42,0
1551,1991,15,5,43,0
1552,1991,16,5,44,0
1553,1991,17,5,21,0
1554,1991,18,5,22,0
1555,1991,19,5,23,0
1556,1991,20,5,24,0
1557,1991,21,5,42,0
1558,1991,22,5,11,0
1559,1991,23,5,43,0
1560,1991,24,5,33,0
1561,1991,25,5,41,0
1562,1991,26,5,14,0
1563,1991,27,5,44,0
1564,1991,28,5,12,0
1565,1991,29,5,31,0
1566,1991,30,5,13,0
1567,1991,31,5,32,0
1568,1991,32,5,34,0
1569,1991,33,5,31,0
1570,1991,34,5,32,0
1571,1991,35,5,33,0
1572,1991,36,5,34,0
1573,1991,37,5,13,0
1574,1991,38,5,44,0
1575,1991,39,5,12,0
1576,1991,40,5,41,0
1577,1991,41,5,22,0
1578,1991,42,5,42,0
1579,1991,43,5,21,0
1580,1991,44,5,43,0
1581,1991,45,5,11,0
1582,1991,46,5,24,0
1583,1991,47,5,23,0
1584,1991,48,5,14,0
1585,1991,49,5,41,0
1586,1991,50,5,42,0
1587,1991,51,5,43,0
1588,1991,52,5,44,0
1589,1991,53,5,14,0
1590,1991,54,5,31,0
1591,1991,55,5,34,0
1592,1991,56,5,32,0
1593,1991,57,5,11,0
1594,1991,58,5,24,0
1595,1991,59,5,23,0
1596,1991,60,5,13,0
1597,1991,61,5,21,0
1598,1991,62,5,33,0
1599,1991,63,5,12,0
1600,1991,64,5,22,0
1601,1992,1,3,11,0
1602,1992,2,3,12,0
1603,1992,3,3,13,0
1604,1992,4,3,14,0
1605,1992,5,3,21,0
1606,1992,6,3,22,0
1607,1992,7,3,23,0
1608,1992,8,3,24,0
1609,1992,9,3,31,0
1610,1992,10,3,32,0
1611,1992,11,3,33,0
1612,1992,12,3,34,0
1613,1992,13,3,41,0
1614,1992,14,3,42,0
1615,1992,15,3,43,0
1616,1992,16,3,44,0
1617,1992,17,3,21,0
1618,1992,18,3,22,0
1619,1992,19,3,23,0
1620,1992,20,3,24,0
1621,1992,21,3,42,0
1622,1992,22,3,11,0
1623,1992,23,3,43,0
1624,1992,24,3,33,0
1625,1992,25,3,41,0
1626,1992,26,3,14,0
1627,1992,27,3,44,0
1628,1992,28,3,12,0
1629,1992,29,3,31,0
1630,1992,30,3,13,0
1631,1992,31,3,32,0
1632,1992,32,3,34,0
1633,1992,33,3,31,0
1634,1992,34,3,32,0
1635,1992,35,3,33,0
1636,1992,36,3,34,0
1637,1992,37,3,13,0
1638,1992,38,3,44,0
1639,1992,39,3,12,0
1640,1992,40,3,41,0
1641,1992,41,3,22,0
1642,1992,42,3,42,0
1643,1992,43,3,21,0
1644,1992,44,3,43,0
1645,1992,45,3,11,0
1646,1992,46,3,24,0
1647,1992,47,3,23,0
1648,1992,48,3,14,0
1649,1992,49,3,41,0
1650,1992,50,3,42,0
1651,1992,51,3,43,0
1652,1992,52,3,44,0
1653,1992,53,3,14,0
1654,1992,54,3,31,0
1655,1992,55,3,34,0
1656,1992,56,3,32,0
1657,1992,57,3,11,0
1658,1992,58,3,24,0
1659,1992,59,3,23,0
1660,1992,60,3,13,0
1661,1992,61,3,21,0
1662,1992,62,3,33,0
1663,1992,63,3,12,0
1664,1992,64,3,22,0
1665,1993,1,4,11,0
1666,1993,2,4,12,0
1667,1993,3,4,13,0
1668,1993,4,4,14,0
1669,1993,5,4,21,0
1670,1993,6,4,22,0
1671,1993,7,4,23,0
1672,1993,8,4,24,0
1673,1993,9,4,31,0
1674,1993,10,4,32,0
1675,1993,11,4,33,0
1676,1993,12,4,34,0
1677,1993,13,4,41,0
1678,1993,14,4,42,0
1679,1993,15,4,43,0
1680,1993,16,4,44,0
1681,1993,17,4,21,0
1682,1993,18,4,22,0
1683,1993,19,4,23,0
1684,1993,20,4,24,0
1685,1993,21,4,42,0
1686,1993,22,4,11,0
1687,1993,23,4,43,0
1688,1993,24,4,33,0
1689,1993,25,4,41,0
1690,1993,26,4,14,0
1691,1993,27,4,44,0
1692,1993,28,4,12,0
1693,1993,29,4,31,0
1694,1993,30,4,13,0
1695,1993,31,4,32,0
1696,1993,32,4,34,0
1697,1993,33,4,31,0
1698,1993,34,4,32,0
1699,1993,35,4,33,0
1700,1993,36,4,34,0
1701,1993,37,4,13,0
1702,1993,38,4,44,0
1703,1993,39,4,12,0
1704,1993,40,4,41,0
1705,1993,41,4,22,0
1706,1993,42,4,42,0
1707,1993,43,4,21,0
1708,1993,44,4,43,0
1709,1993,45,4,11,0
1710,1993,46,4,24,0
1711,1993,47,4,23,0
1712,1993,48,4,14,0
1713,1993,49,4,41,0
1714,1993,50,4,42,0
1715,1993,51,4,43,0
1716,1993,52,4,44,0
1717,1993,53,4,14,0
1718,1993,54,4,31,0
1719,1993,55,4,34,0
1720,1993,56,4,32,0
1721,1993,57,4,11,0
1722,1993,58,4,24,0
1723,1993,59,4,23,0
1724,1993,60,4,13,0
1725,1993,61,4,21,0
1726,1993,62,4,33,0
1727,1993,63,4,12,0
1728,1993,64,4,22,0
1729,1994,1,1,11,0
1730,1994,2,1,12,0
1731,1994,3,1,13,0
1732,1994,4,1,14,0
1733,1994,5,1,21,0
1734,1994,6,1,22,0
1735,1994,7,1,23,0
1736,1994,8,1,24,0
1737,1994,9,1,31,0
1738,1994,10,1,32,0
1739,1994,11,1,33,0
1740,1994,12,1,34,0
1741,1994,13,1,41,0
1742,1994,14,1,42,0
1743,1994,15,1,43,0
1744,1994,16,1,44,0
1745,1994,17,1,21,0
1746,1994,18,1,22,0
1747,1994,19,1,23,0
1748,1994,20,1,24,0
1749,1994,21,1,42,0
1750,1994,22,1,11,0
1751,1994,23,1,43,0
1752,1994,24,1,33,0
1753,1994,25,1,41,0
1754,1994,26,1,14,0
1755,1994,27,1,44,0
1756,1994,28,1,12,0
1757,1994,29,1,31,0
1758,1994,30,1,13,0
1759,1994,31,1,32,0
1760,1994,32,1,34,0
1761,1994,33,1,31,0
1762,1994,34,1,32,0
1763,1994,35,1,33,0
1764,1994,36,1,34,0
1765,1994,37,1,13,0
1766,1994,38,1,44,0
1767,1994,39,1,12,0
1768,1994,40,1,41,0
1769,1994,41,1,22,0
1770,1994,42,1,42,0
1771,1994,43,1,21,0
1772,1994,44,1,43,0
1773,1994,45,1,11,0
1774,1994,46,1,24,0
1775,1994,47,1,23,0
1776,1994,48,1,14,0
1777,1994,49,1,41,0
1778,1994,50,1,42,0
1779,1994,51,1,43,0
1780,1994,52,1,44,0
1781,1994,53,1,14,0
1782,1994,54,1,31,0
1783,1994,55,1,34,0
1784,1994,56,1,32,0
1785,1994,57,1,11,0
1786,1994,58,1,24,0
1787,1994,59,1,23,0
1788,1994,60,1,13,0
1789,1994,61,1,21,0
1790,1994,62,1,33,0
1791,1994,63,1,12,0
1792,1994,64,1,22,0
1793,1995,1,2,11,0
1794,1995,2,2,12,0
1795,1995,3,2,13,0
1796,1995,4,2,14,0
1797,1995,5,2,21,0
1798,1995,6,2,22,0
1799,1995,7,2,23,0
1800,1995,8,2,24,0
1801,1995,9,2,31,0
1802,1995,10,2,32,0
1803,1995,11,2,33,0
1804,1995,12,2,34,0
1805,1995,13,2,41,0
1806,1995,14,2,42,0
1807,1995,15,2,43,0
1808,1995,16,2,44,0
1809,1995,17,2,21,0
1810,1995,18,2,22,0
1811,1995,19,2,23,0
1812,1995,20,2,24,0
1813,1995,21,2,42,0
1814,1995,22,2,11,0
1815,1995,23,2,43,0
1816,1995,24,2,33,0
1817,1995,25,2,41,0
1818,1995,26,2,14,0
1819,1995,27,2,44,0
1820,1995,28,2,12,0
1821,1995,29,2,31,0
1822,1995,30,2,13,0
1823,1995,31,2,32,0
1824,1995,32,2,34,0
1825,1995,33,2,31,0
1826,1995,34,2,32,0
1827,1995,35,2,33,0
1828,1995,36,2,34,0
1829,1995,37,2,13,0
1830,1995,38,2,44,0
1831,1995,39,2,12,0
1832,1995,40,2,41,0
1833,1995,41,2,22,0
1834,1995,42,2,42,0
1835,1995,43,2,21,0
1836,1995,44,2,43,0
1837,1995,45,2,11,0
1838,1995,46,2,24,0
1839,1995,47,2,23,0
1840,1995,48,2,14,0
1841,1995,49,2,41,0
1842,1995,50,2,42,0
1843,1995,51,2,43,0
1844,1995,52,2,44,0
1845,1995,53,2,14,0
1846,1995,54,2,31,0
1847,1995,55,2,34,0
1848,1995,56,2,32,0
1849,1995,57,2,11,0
1850,1995,58,2,24,0
1851,1995,59,2,23,0
1852,1995,60,2,13,0
1853,1995,61,2,21,0
1854,1995,62,2,33,0
1855,1995,63,2,12,0
1856,1995,64,2,22,0
1857,1996,1,5,11,0
1858,1996,2,5,12,0
1859,1996,3,5,13,0
1860,1996,4,5,14,0
1861,1996,5,5,21,0
1862,1996,6,5,22,0
1863,1996,7,5,23,0
1864,1996,8,5,24,0
1865,1996,9,5,31,0
1866,1996,10,5,32,0
1867,1996,11,5,33,0
1868,1996,12,5,34,0
1869,1996,13,5,41,0
1870,1996,14,5,42,0
1871,1996,15,5,43,0
1872,1996,16,5,44,0
1873,1996,17,5,21,0
1874,1996,18,5,22,0
1875,1996,19,5,23,0
1876,1996,20,5,24,0
1877,1996,21,5,42,0
1878,1996,22,5,11,0
1879,1996,23,5,43,0
1880,1996,24,5,33,0
1881,1996,25,5,41,0
1882,1996,26,5,14,0
1883,1996,27,5,44,0
1884,1996,28,5,12,0
1885,1996,29,5,31,0
1886,1996,30,5,13,0
1887,1996,31,5,32,0
1888,1996,32,5,34,0
1889,1996,33,5,31,0
1890,1996,34,5,32,0
1891,1996,35,5,33,0
1892,1996,36,5,34,0
1893,1996,37,5,13,0
1894,1996,38,5,44,0
1895,1996,39,5,12,0
1896,1996,40,5,41,0
1897,1996,41,5,22,0
1898,1996,42,5,42,0
1899,1996,43,5,21,0
1900,1996,44,5,43,0
1901,1996,45,5,11,0
1902,1996,46,5,24,0
1903,1996,47,5,23,0
1904,1996,48,5,14,0
1905,1996,49,5,41,0
1906,1996,50,5,42,0
1907,1996,51,5,43,0
1908,1996,52,5,44,0
1909,1996,53,5,14,0
1910,1996,54,5,31,0
1911,1996,55,5,34,0
1912,1996,56,5,32,0
1913,1996,57,5,11,0
1914,1996,58,5,24,0
1915,1996,59,5,23,0
1916,1996,60,5,13,0
1917,1996,61,5,21,0
1918,1996,62,5,33,0
1919,1996,63,5,12,0
1920,1996,64,5,22,0
1921,1997,1,3,11,0
1922,1997,2,3,12,0
1923,1997,3,3,13,0
1924,1997,4,3,14,0
1925,1997,5,3,21,0
1926,1997,6,3,22,0
1927,1997,7,3,23,0
1928,1997,8,3,24,0
1929,1997,9,3,31,0
1930,1997,10,3,32,0
1931,1997,11,3,33,0
1932,1997,12,3,34,0
1933,1997,13,3,41,0
1934,1997,14,3,42,0
1935,1997,15,3,43,0
1936,1997,16,3,44,0
1937,1997,17,3,21,0
1938,1997,18,3,22,0
1939,1997,19,3,23,0
1940,1997,20,3,24,0
1941,1997,21,3,42,0
1942,1997,22,3,11,0
1943,1997,23,3,43,0
1944,1997,24,3,33,0
1945,1997,25,3,41,0
1946,1997,26,3,14,0
1947,1997,27,3,44,0
1948,1997,28,3,12,0
1949,1997,29,3,31,0
1950,1997,30,3,13,0
1951,1997,31,3,32,0
1952,1997,32,3,34,0
1953,1997,33,3,31,0
1954,1997,34,3,32,0
1955,1997,35,3,33,0
1956,1997,36,3,34,0
1957,1997,37,3,13,0
1958,1997,38,3,44,0
1959,1997,39,3,12,0
1960,1997,40,3,41,0
1961,1997,41,3,22,0
1962,1997,42,3,42,0
1963,1997,43,3,21,0
1964,1997,44,3,43,0
1965,1997,45,3,11,0
1966,1997,46,3,24,0
1967,1997,47,3,23,0
1968,1997,48,3,14,0
1969,1997,49,3,41,0
1970,1997,50,3,42,0
1971,1997,51,3,43,0
1972,1997,52,3,44,0
1973,1997,53,3,14,0
1974,1997,54,3,31,0
1975,1997,55,3,34,0
1976,1997,56,3,32,0
1977,1997,57,3,11,0
1978,1997,58,3,24,0
1979,1997,59,3,23,0
1980,1997,60,3,13,0
1981,1997,61,3,21,0
1982,1997,62,3,33,0
1983,1997,63,3,12,0
1984,1997,64,3,22,0
1985,1998,1,4,11,0
1986,1998,2,4,12,0
1987,1998,3,4,13,0
1988,1998,4,4,14,0
1989,1998,5,4,21,0
1990,1998,6,4,22,0
1991,1998,7,4,23,0
1992,1998,8,4,24,0
1993,1998,9,4,31,0
1994,1998,10,4,32,0
1995,1998,11,4,33,0
1996,1998,12,4,34,0
1997,1998,13,4,41,0
1998,1998,14,4,42,0
1999,1998,15,4,43,0
2000,1998,16,4,44,0
2001,1998,17,4,21,0
2002,1998,18,4,22,0
2003,1998,19,4,23,0
2004,1998,20,4,24,0
2005,1998,21,4,42,0
2006,1998,22,4,11,0
2007,1998,23,4,43,0
2008,1998,24,4,33,0
2009,1998,25,4,41,0
2010,1998,26,4,14,0
2011,1998,27,4,44,0
2012,1998,28,4,12,0
2013,1998,29,4,31,0
2014,1998,30,4,13,0
2015,1998,31,4,32,0
2016,1998,32,4,34,0
2017,1998,33,4,31,0
2018,1998,34,4,32,0
2019,1998,35,4,33,0
2020,1998,36,4,34,0
2021,1998,37,4,13,0
2022,1998,38,4,44,0
2023,1998,39,4,12,0
2024,1998,40,4,41,0
2025,1998,41,4,22,0
2026,1998,42,4,42,0
2027,1998,43,4,21,0
2028,1998,44,4,43,0
2029,1998,45,4,11,0
2030,1998,46,4,24,0
2031,1998,47,4,23,0
2032,1998,48,4,14,0
2033,1998,49,4,41,0
2034,1998,50,4,42,0
2035,1998,51,4,43,0
2036,1998,52,4,44,0
2037,1998,53,4,14,0
2038,1998,54,4,31,0
2039,1998,55,4,34,0
2040,1998,56,4,32,0
2041,1998,57,4,11,0
2042,1998,58,4,24,0
2043,1998,59,4,23,0
2044,1998,60,4,13,0
2045,1998,61,4,21,0
2046,1998,62,4,33,0
2047,1998,63,4,12,0
2048,1998,64,4,22,0
2049,1999,1,,11,0
2050,1999,2,,12,0
2051,1999,3,,13,0
2052,1999,4,,14,0
2053,1999,5,,21,0
2054,1999,6,,22,0
2055,1999,7,,23,0
2056,1999,8,,24,0
2057,1999,9,,31,0
2058,1999,10,,32,0
2059,1999,11,,33,0
2060,1999,12,,34,0
2061,1999,13,,41,0
2062,1999,14,,42,0
2063,1999,15,,43,0
2064,1999,16,,44,0
2065,1999,17,,21,0
2066,1999,18,,22,0
2067,1999,19,,23,0
2068,1999,20,,24,0
2069,1999,21,,42,0
2070,1999,22,,11,0
2071,1999,23,,43,0
2072,1999,24,,33,0
2073,1999,25,,41,0
2074,1999,26,,14,0
2075,1999,27,,44,0
2076,1999,28,,12,0
2077,1999,29,,31,0
2078,1999,30,,13,0
2079,1999,31,,32,0
2080,1999,32,,34,0
2081,1999,33,,31,0
2082,1999,34,,32,0
2083,1999,35,,33,0
2084,1999,36,,34,0
2085,1999,37,,13,0
2086,1999,38,,44,0
2087,1999,39,,12,0
2088,1999,40,,41,0
2089,1999,41,,22,0
2090,1999,42,,42,0
2091,1999,43,,21,0
2092,1999,44,,43,0
2093,1999,45,,11,0
2094,1999,46,,24,0
2095,1999,47,,23,0
2096,1999,48,,14,0
2097,1999,49,,41,0
2098,1999,50,,42,0
2099,1999,51,,43,0
2100,1999,52,,44,0
2101,1999,53,,14,0
2102,1999,54,,31,0
2103,1999,55,,34,0
2104,1999,56,,32,0
2105,1999,57,,11,0
2106,1999,58,,24,0
2107,1999,59,,23,0
2108,1999,60,,13,0
2109,1999,61,,21,0
2110,1999,62,,33,0
2111,1999,63,,12,0
2112,1999,64,,22,0
2113,2000,1,,11,0
2114,2000,2,,12,0
2115,2000,3,,13,0
2116,2000,4,,14,0
2117,2000,5,,21,0
2118,2000,6,,22,0
2119,2000,7,,23,0
2120,2000,8,,24,0
2121,2000,9,,31,0
2122,2000,10,,32,0
2123,2000,11,,33,0
2124,2000,12,,34,0
2125,2000,13,,41,0
2126,2000,14,,42,0
2127,2000,15,,43,0
2128,2000,16,,44,0
2129,2000,17,,21,0
2130,2000,18,,22,0
2131,2000,19,,23,0
2132,2000,20,,24,0
2133,2000,21,,42,0
2134,2000,22,,11,0
2135,2000,23,,43,0
2136,2000,24,,33,0
2137,2000,25,,41,0
2138,2000,26,,14,0
2139,2000,27,,44,0
2140,2000,28,,12,0
2141,2000,29,,31,0
2142,2000,30,,13,0
2143,2000,31,,32,0
2144,2000,32,,34,0
2145,2000,33,,31,0
2146,2000,34,,32,0
2147,2000,35,,33,0
2148,2000,36,,34,0
2149,2000,37,,13,0
2150,2000,38,,44,0
2151,2000,39,,12,0
2152,2000,40,,41,0
2153,2000,41,,22,0
2154,2000,42,,42,0
2155,2000,43,,21,0
2156,2000,44,,43,0
2157,2000,45,,11,0
2158,2000,46,,24,0
2159,2000,47,,23,0
2160,2000,48,,14,0
2161,2000,49,,41,0
2162,2000,50,,42,0
2163,2000,51,,43,0
2164,2000,52,,44,0
2165,2000,53,,14,0
2166,2000,54,,31,0
2167,2000,55,,34,0
2168,2000,56,,32,0
2169,2000,57,,11,0
2170,2000,58,,24,0
2171,2000,59,,23,0
2172,2000,60,,13,0
2173,2000,61,,21,0
2174,2000,62,,33,0
2175,2000,63,,12,0
2176,2000,64,,22,0
2177,2001,1,,11,0
2178,2001,2,,12,0
2179,2001,3,,13,0
2180,2001,4,,14,0
2181,2001,5,,21,0
2182,2001,6,,22,0
2183,2001,7,,23,0
2184,2001,8,,24,0
2185,2001,9,,31,0
2186,2001,10,,32,0
2187,2001,11,,33,0
2188,2001,12,,34,0
2189,2001,13,,41,0
2190,2001,14,,42,0
2191,2001,15,,43,0
2192,2001,16,,44,0
2193,2001,17,,21,0
2194,2001,18,,22,0
2195,2001,19,,23,0
2196,2001,20,,24,0
2197,2001,21,,42,0
2198,2001,22,,11,0
2199,2001,23,,43,0
2200,2001,24,,33,0
2201,2001,25,,41,0
2202,2001,26,,14,0
2203,2001,27,,44,0
2204,2001,28,,12,0
2205,2001,29,,31,0
2206,2001,30,,13,0
2207,2001,31,,32,0
2208,2001,32,,34,0
2209,2001,33,,31,0
2210,2001,34,,32,0
2211,2001,35,,33,0
2212,2001,36,,34,0
2213,2001,37,,13,0
2214,2001,38,,44,0
2215,2001,39,,12,0
2216,2001,40,,41,0
2217,2001,41,,22,0
2218,2001,42,,42,0
2219,2001,43,,21,0
2220,2001,44,,43,0
2221,2001,45,,11,0
2222,2001,46,,24,0
2223,2001,47,,23,0
2224,2001,48,,14,0
2225,2001,49,,41,0
2226,2001,50,,42,0
2227,2001,51,,43,0
2228,2001,52,,44,0
2229,2001,53,,14,0
2230,2001,54,,31,0
2231,2001,55,,34,0
2232,2001,56,,32,0
2233,2001,57,,11,0
2234,2001,58,,24,0
2235,2001,59,,23,0
2236,2001,60,,13,0
2237,2001,61,,21,0
2238,2001,62,,33,0
2239,2001,63,,12,0
2240,2001,64,,22,0
2241,2002,1,3,11,0
2242,2002,2,3,12,0
2243,2002,3,3,13,0
2244,2002,4,3,14,0
2245,2002,5,3,21,0
2246,2002,6,3,22,0
2247,2002,7,3,23,0
2248,2002,8,3,24,0
2249,2002,9,3,31,0
2250,2002,10,3,32,0
2251,2002,11,3,33,0
2252,2002,12,3,34,0
2253,2002,13,3,41,0
2254,2002,14,3,42,0
2255,2002,15,3,43,0
2256,2002,16,3,44,0
2257,2002,17,3,21,0
2258,2002,18,3,22,0
2259,2002,19,3,23,0
2260,2002,20,3,24,0
2261,2002,21,3,42,0
2262,2002,22,3,11,0
2263,2002,23,3,43,0
2264,2002,24,3,33,0
2265,2002,25,3,41,0
2266,2002,26,3,14,0
2267,2002,27,3,44,0
2268,2002,28,3,12,0
2269,2002,29,3,31,0
2270,2002,30,3,13,0
2271,2002,31,3,32,0
2272,2002,32,3,34,0
2273,2002,33,3,31,0
2274,2002,34,3,32,0
2275,2002,35,3,33,0
2276,2002,36,3,34,0
2277,2002,37,3,13,0
2278,2002,38,3,44,0
2279,2002,39,3,12,0
2280,2002,40,3,41,0
2281,2002,41,3,22,0
2282,2002,42,3,42,0
2283,2002,43,3,21,0
2284,2002,44,3,43,0
2285,2002,45,3,11,0
2286,2002,46,3,24,0
2287,2002,47,3,23,0
2288,2002,48,3,14,0
2289,2002,49,3,41,0
2290,2002,50,3,42,0
2291,2002,51,3,43,0
2292,2002,52,3,44,0
2293,2002,53,3,14,0
2294,2002,54,3,31,0
2295,2002,55,3,34,0
2296,2002,56,3,32,0
2297,2002,57,3,11,0
2298,2002,58,3,24,0
2299,2002,59,3,23,0
2300,2002,60,3,13,0
2301,2002,61,3,21,0
2302,2002,62,3,33,0
2303,2002,63,3,12,0
2304,2002,64,3,22,0
