Beregnung_ID,Versuchsjahr,Termin,Parzelle_ID,Menge
1,1977,19770714,33,25
2,1977,19770714,34,25
3,1977,19770714,35,25
4,1977,19770714,36,25
5,1977,19770714,37,25
6,1977,19770714,38,25
7,1977,19770714,39,25
8,1977,19770714,40,25
9,1977,19770714,41,25
10,1977,19770714,42,25
11,1977,19770714,43,25
12,1977,19770714,44,25
13,1977,19770714,45,25
14,1977,19770714,46,25
15,1977,19770714,47,25
16,1977,19770714,48,25
17,1977,19770714,49,25
18,1977,19770714,50,25
19,1977,19770714,51,25
20,1977,19770714,52,25
21,1977,19770714,53,25
22,1977,19770714,54,25
23,1977,19770714,55,25
24,1977,19770714,56,25
25,1977,19770714,57,25
26,1977,19770714,58,25
27,1977,19770714,59,25
28,1977,19770714,60,25
29,1977,19770714,61,25
30,1977,19770714,62,25
31,1977,19770714,63,25
32,1977,19770714,64,25
33,1977,19770721,33,15
34,1977,19770721,34,15
35,1977,19770721,35,15
36,1977,19770721,36,15
37,1977,19770721,37,15
38,1977,19770721,38,15
39,1977,19770721,39,15
40,1977,19770721,40,15
41,1977,19770721,41,15
42,1977,19770721,42,15
43,1977,19770721,43,15
44,1977,19770721,44,15
45,1977,19770721,45,15
46,1977,19770721,46,15
47,1977,19770721,47,15
48,1977,19770721,48,15
49,1977,19770721,49,15
50,1977,19770721,50,15
51,1977,19770721,51,15
52,1977,19770721,52,15
53,1977,19770721,53,15
54,1977,19770721,54,15
55,1977,19770721,55,15
56,1977,19770721,56,15
57,1977,19770721,57,15
58,1977,19770721,58,15
59,1977,19770721,59,15
60,1977,19770721,60,15
61,1977,19770721,61,15
62,1977,19770721,62,15
63,1977,19770721,63,15
64,1977,19770721,64,15
65,1977,19770804,33,15
66,1977,19770804,34,15
67,1977,19770804,35,15
68,1977,19770804,36,15
69,1977,19770804,37,15
70,1977,19770804,38,15
71,1977,19770804,39,15
72,1977,19770804,40,15
73,1977,19770804,41,15
74,1977,19770804,42,15
75,1977,19770804,43,15
76,1977,19770804,44,15
77,1977,19770804,45,15
78,1977,19770804,46,15
79,1977,19770804,47,15
80,1977,19770804,48,15
81,1977,19770804,49,15
82,1977,19770804,50,15
83,1977,19770804,51,15
84,1977,19770804,52,15
85,1977,19770804,53,15
86,1977,19770804,54,15
87,1977,19770804,55,15
88,1977,19770804,56,15
89,1977,19770804,57,15
90,1977,19770804,58,15
91,1977,19770804,59,15
92,1977,19770804,60,15
93,1977,19770804,61,15
94,1977,19770804,62,15
95,1977,19770804,63,15
96,1977,19770804,64,15
97,1978,19780602,33,11.6
98,1978,19780602,34,11.6
99,1978,19780602,35,11.6
100,1978,19780602,36,11.6
101,1978,19780602,37,11.6
102,1978,19780602,38,11.6
103,1978,19780602,39,11.6
104,1978,19780602,40,11.6
105,1978,19780602,41,11.6
106,1978,19780602,42,11.6
107,1978,19780602,43,11.6
108,1978,19780602,44,11.6
109,1978,19780602,45,11.6
110,1978,19780602,46,11.6
111,1978,19780602,47,11.6
112,1978,19780602,48,11.6
113,1978,19780602,49,11.6
114,1978,19780602,50,11.6
115,1978,19780602,51,11.6
116,1978,19780602,52,11.6
117,1978,19780602,53,11.6
118,1978,19780602,54,11.6
119,1978,19780602,55,11.6
120,1978,19780602,56,11.6
121,1978,19780602,57,11.6
122,1978,19780602,58,11.6
123,1978,19780602,59,11.6
124,1978,19780602,60,11.6
125,1978,19780602,61,11.6
126,1978,19780602,62,11.6
127,1978,19780602,63,11.6
128,1978,19780602,64,11.6
129,1978,19780613,33,9.6
130,1978,19780613,34,9.6
131,1978,19780613,35,9.6
132,1978,19780613,36,9.6
133,1978,19780613,37,9.6
134,1978,19780613,38,9.6
135,1978,19780613,39,9.6
136,1978,19780613,40,9.6
137,1978,19780613,41,9.6
138,1978,19780613,42,9.6
139,1978,19780613,43,9.6
140,1978,19780613,44,9.6
141,1978,19780613,45,9.6
142,1978,19780613,46,9.6
143,1978,19780613,47,9.6
144,1978,19780613,48,9.6
145,1978,19780613,49,9.6
146,1978,19780613,50,9.6
147,1978,19780613,51,9.6
148,1978,19780613,52,9.6
149,1978,19780613,53,9.6
150,1978,19780613,54,9.6
151,1978,19780613,55,9.6
152,1978,19780613,56,9.6
153,1978,19780613,57,9.6
154,1978,19780613,58,9.6
155,1978,19780613,59,9.6
156,1978,19780613,60,9.6
157,1978,19780613,61,9.6
158,1978,19780613,62,9.6
159,1978,19780613,63,9.6
160,1978,19780613,64,9.6
161,1978,19780619,33,15
162,1978,19780619,34,15
163,1978,19780619,35,15
164,1978,19780619,36,15
165,1978,19780619,37,15
166,1978,19780619,38,15
167,1978,19780619,39,15
168,1978,19780619,40,15
169,1978,19780619,41,15
170,1978,19780619,42,15
171,1978,19780619,43,15
172,1978,19780619,44,15
173,1978,19780619,45,15
174,1978,19780619,46,15
175,1978,19780619,47,15
176,1978,19780619,48,15
177,1978,19780619,49,15
178,1978,19780619,50,15
179,1978,19780619,51,15
180,1978,19780619,52,15
181,1978,19780619,53,15
182,1978,19780619,54,15
183,1978,19780619,55,15
184,1978,19780619,56,15
185,1978,19780619,57,15
186,1978,19780619,58,15
187,1978,19780619,59,15
188,1978,19780619,60,15
189,1978,19780619,61,15
190,1978,19780619,62,15
191,1978,19780619,63,15
192,1978,19780619,64,15
193,1978,19780622,33,11.6
194,1978,19780622,34,11.6
195,1978,19780622,35,11.6
196,1978,19780622,36,11.6
197,1978,19780622,37,11.6
198,1978,19780622,38,11.6
199,1978,19780622,39,11.6
200,1978,19780622,40,11.6
201,1978,19780622,41,11.6
202,1978,19780622,42,11.6
203,1978,19780622,43,11.6
204,1978,19780622,44,11.6
205,1978,19780622,45,11.6
206,1978,19780622,46,11.6
207,1978,19780622,47,11.6
208,1978,19780622,48,11.6
209,1978,19780622,49,11.6
210,1978,19780622,50,11.6
211,1978,19780622,51,11.6
212,1978,19780622,52,11.6
213,1978,19780622,53,11.6
214,1978,19780622,54,11.6
215,1978,19780622,55,11.6
216,1978,19780622,56,11.6
217,1978,19780622,57,11.6
218,1978,19780622,58,11.6
219,1978,19780622,59,11.6
220,1978,19780622,60,11.6
221,1978,19780622,61,11.6
222,1978,19780622,62,11.6
223,1978,19780622,63,11.6
224,1978,19780622,64,11.6
225,1979,19790627,33,10
226,1979,19790627,34,10
227,1979,19790627,35,10
228,1979,19790627,36,10
229,1979,19790627,37,10
230,1979,19790627,38,10
231,1979,19790627,39,10
232,1979,19790627,40,10
233,1979,19790627,41,10
234,1979,19790627,42,10
235,1979,19790627,43,10
236,1979,19790627,44,10
237,1979,19790627,45,10
238,1979,19790627,46,10
239,1979,19790627,47,10
240,1979,19790627,48,10
241,1979,19790627,49,10
242,1979,19790627,50,10
243,1979,19790627,51,10
244,1979,19790627,52,10
245,1979,19790627,53,10
246,1979,19790627,54,10
247,1979,19790627,55,10
248,1979,19790627,56,10
249,1979,19790627,57,10
250,1979,19790627,58,10
251,1979,19790627,59,10
252,1979,19790627,60,10
253,1979,19790627,61,10
254,1979,19790627,62,10
255,1979,19790627,63,10
256,1979,19790627,64,10
257,1979,19790703,33,10
258,1979,19790703,34,10
259,1979,19790703,35,10
260,1979,19790703,36,10
261,1979,19790703,37,10
262,1979,19790703,38,10
263,1979,19790703,39,10
264,1979,19790703,40,10
265,1979,19790703,41,10
266,1979,19790703,42,10
267,1979,19790703,43,10
268,1979,19790703,44,10
269,1979,19790703,45,10
270,1979,19790703,46,10
271,1979,19790703,47,10
272,1979,19790703,48,10
273,1979,19790703,49,10
274,1979,19790703,50,10
275,1979,19790703,51,10
276,1979,19790703,52,10
277,1979,19790703,53,10
278,1979,19790703,54,10
279,1979,19790703,55,10
280,1979,19790703,56,10
281,1979,19790703,57,10
282,1979,19790703,58,10
283,1979,19790703,59,10
284,1979,19790703,60,10
285,1979,19790703,61,10
286,1979,19790703,62,10
287,1979,19790703,63,10
288,1979,19790703,64,10
289,1979,19790706,33,10
290,1979,19790706,34,10
291,1979,19790706,35,10
292,1979,19790706,36,10
293,1979,19790706,37,10
294,1979,19790706,38,10
295,1979,19790706,39,10
296,1979,19790706,40,10
297,1979,19790706,41,10
298,1979,19790706,42,10
299,1979,19790706,43,10
300,1979,19790706,44,10
301,1979,19790706,45,10
302,1979,19790706,46,10
303,1979,19790706,47,10
304,1979,19790706,48,10
305,1979,19790706,49,10
306,1979,19790706,50,10
307,1979,19790706,51,10
308,1979,19790706,52,10
309,1979,19790706,53,10
310,1979,19790706,54,10
311,1979,19790706,55,10
312,1979,19790706,56,10
313,1979,19790706,57,10
314,1979,19790706,58,10
315,1979,19790706,59,10
316,1979,19790706,60,10
317,1979,19790706,61,10
318,1979,19790706,62,10
319,1979,19790706,63,10
320,1979,19790706,64,10
321,1979,19790711,33,10
322,1979,19790711,34,10
323,1979,19790711,35,10
324,1979,19790711,36,10
325,1979,19790711,37,10
326,1979,19790711,38,10
327,1979,19790711,39,10
328,1979,19790711,40,10
329,1979,19790711,41,10
330,1979,19790711,42,10
331,1979,19790711,43,10
332,1979,19790711,44,10
333,1979,19790711,45,10
334,1979,19790711,46,10
335,1979,19790711,47,10
336,1979,19790711,48,10
337,1979,19790711,49,10
338,1979,19790711,50,10
339,1979,19790711,51,10
340,1979,19790711,52,10
341,1979,19790711,53,10
342,1979,19790711,54,10
343,1979,19790711,55,10
344,1979,19790711,56,10
345,1979,19790711,57,10
346,1979,19790711,58,10
347,1979,19790711,59,10
348,1979,19790711,60,10
349,1979,19790711,61,10
350,1979,19790711,62,10
351,1979,19790711,63,10
352,1979,19790711,64,10
353,1980,19800603,33,13.5
354,1980,19800603,34,13.5
355,1980,19800603,35,13.5
356,1980,19800603,36,13.5
357,1980,19800603,37,13.5
358,1980,19800603,38,13.5
359,1980,19800603,39,13.5
360,1980,19800603,40,13.5
361,1980,19800603,41,13.5
362,1980,19800603,42,13.5
363,1980,19800603,43,13.5
364,1980,19800603,44,13.5
365,1980,19800603,45,13.5
366,1980,19800603,46,13.5
367,1980,19800603,47,13.5
368,1980,19800603,48,13.5
369,1980,19800603,49,13.5
370,1980,19800603,50,13.5
371,1980,19800603,51,13.5
372,1980,19800603,52,13.5
373,1980,19800603,53,13.5
374,1980,19800603,54,13.5
375,1980,19800603,55,13.5
376,1980,19800603,56,13.5
377,1980,19800603,57,13.5
378,1980,19800603,58,13.5
379,1980,19800603,59,13.5
380,1980,19800603,60,13.5
381,1980,19800603,61,13.5
382,1980,19800603,62,13.5
383,1980,19800603,63,13.5
384,1980,19800603,64,13.5
385,1980,19800604,33,15
386,1980,19800604,34,15
387,1980,19800604,35,15
388,1980,19800604,36,15
389,1980,19800604,37,15
390,1980,19800604,38,15
391,1980,19800604,39,15
392,1980,19800604,40,15
393,1980,19800604,41,15
394,1980,19800604,42,15
395,1980,19800604,43,15
396,1980,19800604,44,15
397,1980,19800604,45,15
398,1980,19800604,46,15
399,1980,19800604,47,15
400,1980,19800604,48,15
401,1980,19800604,49,15
402,1980,19800604,50,15
403,1980,19800604,51,15
404,1980,19800604,52,15
405,1980,19800604,53,15
406,1980,19800604,54,15
407,1980,19800604,55,15
408,1980,19800604,56,15
409,1980,19800604,57,15
410,1980,19800604,58,15
411,1980,19800604,59,15
412,1980,19800604,60,15
413,1980,19800604,61,15
414,1980,19800604,62,15
415,1980,19800604,63,15
416,1980,19800604,64,15
417,1980,19800606,33,15
418,1980,19800606,34,15
419,1980,19800606,35,15
420,1980,19800606,36,15
421,1980,19800606,37,15
422,1980,19800606,38,15
423,1980,19800606,39,15
424,1980,19800606,40,15
425,1980,19800606,41,15
426,1980,19800606,42,15
427,1980,19800606,43,15
428,1980,19800606,44,15
429,1980,19800606,45,15
430,1980,19800606,46,15
431,1980,19800606,47,15
432,1980,19800606,48,15
433,1980,19800606,49,15
434,1980,19800606,50,15
435,1980,19800606,51,15
436,1980,19800606,52,15
437,1980,19800606,53,15
438,1980,19800606,54,15
439,1980,19800606,55,15
440,1980,19800606,56,15
441,1980,19800606,57,15
442,1980,19800606,58,15
443,1980,19800606,59,15
444,1980,19800606,60,15
445,1980,19800606,61,15
446,1980,19800606,62,15
447,1980,19800606,63,15
448,1980,19800606,64,15
449,1980,19800609,33,15
450,1980,19800609,34,15
451,1980,19800609,35,15
452,1980,19800609,36,15
453,1980,19800609,37,15
454,1980,19800609,38,15
455,1980,19800609,39,15
456,1980,19800609,40,15
457,1980,19800609,41,15
458,1980,19800609,42,15
459,1980,19800609,43,15
460,1980,19800609,44,15
461,1980,19800609,45,15
462,1980,19800609,46,15
463,1980,19800609,47,15
464,1980,19800609,48,15
465,1980,19800609,49,15
466,1980,19800609,50,15
467,1980,19800609,51,15
468,1980,19800609,52,15
469,1980,19800609,53,15
470,1980,19800609,54,15
471,1980,19800609,55,15
472,1980,19800609,56,15
473,1980,19800609,57,15
474,1980,19800609,58,15
475,1980,19800609,59,15
476,1980,19800609,60,15
477,1980,19800609,61,15
478,1980,19800609,62,15
479,1980,19800609,63,15
480,1980,19800609,64,15
481,1980,19800613,33,15
482,1980,19800613,34,15
483,1980,19800613,35,15
484,1980,19800613,36,15
485,1980,19800613,37,15
486,1980,19800613,38,15
487,1980,19800613,39,15
488,1980,19800613,40,15
489,1980,19800613,41,15
490,1980,19800613,42,15
491,1980,19800613,43,15
492,1980,19800613,44,15
493,1980,19800613,45,15
494,1980,19800613,46,15
495,1980,19800613,47,15
496,1980,19800613,48,15
497,1980,19800613,49,15
498,1980,19800613,50,15
499,1980,19800613,51,15
500,1980,19800613,52,15
501,1980,19800613,53,15
502,1980,19800613,54,15
503,1980,19800613,55,15
504,1980,19800613,56,15
505,1980,19800613,57,15
506,1980,19800613,58,15
507,1980,19800613,59,15
508,1980,19800613,60,15
509,1980,19800613,61,15
510,1980,19800613,62,15
511,1980,19800613,63,15
512,1980,19800613,64,15
513,1982,19820713,33,15
514,1982,19820713,34,15
515,1982,19820713,35,15
516,1982,19820713,36,15
517,1982,19820713,37,15
518,1982,19820713,38,15
519,1982,19820713,39,15
520,1982,19820713,40,15
521,1982,19820713,41,15
522,1982,19820713,42,15
523,1982,19820713,43,15
524,1982,19820713,44,15
525,1982,19820713,45,15
526,1982,19820713,46,15
527,1982,19820713,47,15
528,1982,19820713,48,15
529,1982,19820713,49,15
530,1982,19820713,50,15
531,1982,19820713,51,15
532,1982,19820713,52,15
533,1982,19820713,53,15
534,1982,19820713,54,15
535,1982,19820713,55,15
536,1982,19820713,56,15
537,1982,19820713,57,15
538,1982,19820713,58,15
539,1982,19820713,59,15
540,1982,19820713,60,15
541,1982,19820713,61,15
542,1982,19820713,62,15
543,1982,19820713,63,15
544,1982,19820713,64,15
545,1982,19820714,33,15
546,1982,19820714,34,15
547,1982,19820714,35,15
548,1982,19820714,36,15
549,1982,19820714,37,15
550,1982,19820714,38,15
551,1982,19820714,39,15
552,1982,19820714,40,15
553,1982,19820714,41,15
554,1982,19820714,42,15
555,1982,19820714,43,15
556,1982,19820714,44,15
557,1982,19820714,45,15
558,1982,19820714,46,15
559,1982,19820714,47,15
560,1982,19820714,48,15
561,1982,19820714,49,15
562,1982,19820714,50,15
563,1982,19820714,51,15
564,1982,19820714,52,15
565,1982,19820714,53,15
566,1982,19820714,54,15
567,1982,19820714,55,15
568,1982,19820714,56,15
569,1982,19820714,57,15
570,1982,19820714,58,15
571,1982,19820714,59,15
572,1982,19820714,60,15
573,1982,19820714,61,15
574,1982,19820714,62,15
575,1982,19820714,63,15
576,1982,19820714,64,15
577,1982,19820716,33,15
578,1982,19820716,34,15
579,1982,19820716,35,15
580,1982,19820716,36,15
581,1982,19820716,37,15
582,1982,19820716,38,15
583,1982,19820716,39,15
584,1982,19820716,40,15
585,1982,19820716,41,15
586,1982,19820716,42,15
587,1982,19820716,43,15
588,1982,19820716,44,15
589,1982,19820716,45,15
590,1982,19820716,46,15
591,1982,19820716,47,15
592,1982,19820716,48,15
593,1982,19820716,49,15
594,1982,19820716,50,15
595,1982,19820716,51,15
596,1982,19820716,52,15
597,1982,19820716,53,15
598,1982,19820716,54,15
599,1982,19820716,55,15
600,1982,19820716,56,15
601,1982,19820716,57,15
602,1982,19820716,58,15
603,1982,19820716,59,15
604,1982,19820716,60,15
605,1982,19820716,61,15
606,1982,19820716,62,15
607,1982,19820716,63,15
608,1982,19820716,64,15
609,1982,19820720,33,20
610,1982,19820720,34,20
611,1982,19820720,35,20
612,1982,19820720,36,20
613,1982,19820720,37,20
614,1982,19820720,38,20
615,1982,19820720,39,20
616,1982,19820720,40,20
617,1982,19820720,41,20
618,1982,19820720,42,20
619,1982,19820720,43,20
620,1982,19820720,44,20
621,1982,19820720,45,20
622,1982,19820720,46,20
623,1982,19820720,47,20
624,1982,19820720,48,20
625,1982,19820720,49,20
626,1982,19820720,50,20
627,1982,19820720,51,20
628,1982,19820720,52,20
629,1982,19820720,53,20
630,1982,19820720,54,20
631,1982,19820720,55,20
632,1982,19820720,56,20
633,1982,19820720,57,20
634,1982,19820720,58,20
635,1982,19820720,59,20
636,1982,19820720,60,20
637,1982,19820720,61,20
638,1982,19820720,62,20
639,1982,19820720,63,20
640,1982,19820720,64,20
641,1982,19820727,33,26
642,1982,19820727,34,26
643,1982,19820727,35,26
644,1982,19820727,36,26
645,1982,19820727,37,26
646,1982,19820727,38,26
647,1982,19820727,39,26
648,1982,19820727,40,26
649,1982,19820727,41,26
650,1982,19820727,42,26
651,1982,19820727,43,26
652,1982,19820727,44,26
653,1982,19820727,45,26
654,1982,19820727,46,26
655,1982,19820727,47,26
656,1982,19820727,48,26
657,1982,19820727,49,26
658,1982,19820727,50,26
659,1982,19820727,51,26
660,1982,19820727,52,26
661,1982,19820727,53,26
662,1982,19820727,54,26
663,1982,19820727,55,26
664,1982,19820727,56,26
665,1982,19820727,57,26
666,1982,19820727,58,26
667,1982,19820727,59,26
668,1982,19820727,60,26
669,1982,19820727,61,26
670,1982,19820727,62,26
671,1982,19820727,63,26
672,1982,19820727,64,26
673,1982,19820730,33,20
674,1982,19820730,34,20
675,1982,19820730,35,20
676,1982,19820730,36,20
677,1982,19820730,37,20
678,1982,19820730,38,20
679,1982,19820730,39,20
680,1982,19820730,40,20
681,1982,19820730,41,20
682,1982,19820730,42,20
683,1982,19820730,43,20
684,1982,19820730,44,20
685,1982,19820730,45,20
686,1982,19820730,46,20
687,1982,19820730,47,20
688,1982,19820730,48,20
689,1982,19820730,49,20
690,1982,19820730,50,20
691,1982,19820730,51,20
692,1982,19820730,52,20
693,1982,19820730,53,20
694,1982,19820730,54,20
695,1982,19820730,55,20
696,1982,19820730,56,20
697,1982,19820730,57,20
698,1982,19820730,58,20
699,1982,19820730,59,20
700,1982,19820730,60,20
701,1982,19820730,61,20
702,1982,19820730,62,20
703,1982,19820730,63,20
704,1982,19820730,64,20
705,1982,19820805,33,20
706,1982,19820805,34,20
707,1982,19820805,35,20
708,1982,19820805,36,20
709,1982,19820805,37,20
710,1982,19820805,38,20
711,1982,19820805,39,20
712,1982,19820805,40,20
713,1982,19820805,41,20
714,1982,19820805,42,20
715,1982,19820805,43,20
716,1982,19820805,44,20
717,1982,19820805,45,20
718,1982,19820805,46,20
719,1982,19820805,47,20
720,1982,19820805,48,20
721,1982,19820805,49,20
722,1982,19820805,50,20
723,1982,19820805,51,20
724,1982,19820805,52,20
725,1982,19820805,53,20
726,1982,19820805,54,20
727,1982,19820805,55,20
728,1982,19820805,56,20
729,1982,19820805,57,20
730,1982,19820805,58,20
731,1982,19820805,59,20
732,1982,19820805,60,20
733,1982,19820805,61,20
734,1982,19820805,62,20
735,1982,19820805,63,20
736,1982,19820805,64,20
737,1982,19820813,33,20
738,1982,19820813,34,20
739,1982,19820813,35,20
740,1982,19820813,36,20
741,1982,19820813,37,20
742,1982,19820813,38,20
743,1982,19820813,39,20
744,1982,19820813,40,20
745,1982,19820813,41,20
746,1982,19820813,42,20
747,1982,19820813,43,20
748,1982,19820813,44,20
749,1982,19820813,45,20
750,1982,19820813,46,20
751,1982,19820813,47,20
752,1982,19820813,48,20
753,1982,19820813,49,20
754,1982,19820813,50,20
755,1982,19820813,51,20
756,1982,19820813,52,20
757,1982,19820813,53,20
758,1982,19820813,54,20
759,1982,19820813,55,20
760,1982,19820813,56,20
761,1982,19820813,57,20
762,1982,19820813,58,20
763,1982,19820813,59,20
764,1982,19820813,60,20
765,1982,19820813,61,20
766,1982,19820813,62,20
767,1982,19820813,63,20
768,1982,19820813,64,20
769,1982,19820820,33,30
770,1982,19820820,34,30
771,1982,19820820,35,30
772,1982,19820820,36,30
773,1982,19820820,37,30
774,1982,19820820,38,30
775,1982,19820820,39,30
776,1982,19820820,40,30
777,1982,19820820,41,30
778,1982,19820820,42,30
779,1982,19820820,43,30
780,1982,19820820,44,30
781,1982,19820820,45,30
782,1982,19820820,46,30
783,1982,19820820,47,30
784,1982,19820820,48,30
785,1982,19820820,49,30
786,1982,19820820,50,30
787,1982,19820820,51,30
788,1982,19820820,52,30
789,1982,19820820,53,30
790,1982,19820820,54,30
791,1982,19820820,55,30
792,1982,19820820,56,30
793,1982,19820820,57,30
794,1982,19820820,58,30
795,1982,19820820,59,30
796,1982,19820820,60,30
797,1982,19820820,61,30
798,1982,19820820,62,30
799,1982,19820820,63,30
800,1982,19820820,64,30
801,1982,19820823,33,20
802,1982,19820823,34,20
803,1982,19820823,35,20
804,1982,19820823,36,20
805,1982,19820823,37,20
806,1982,19820823,38,20
807,1982,19820823,39,20
808,1982,19820823,40,20
809,1982,19820823,41,20
810,1982,19820823,42,20
811,1982,19820823,43,20
812,1982,19820823,44,20
813,1982,19820823,45,20
814,1982,19820823,46,20
815,1982,19820823,47,20
816,1982,19820823,48,20
817,1982,19820823,49,20
818,1982,19820823,50,20
819,1982,19820823,51,20
820,1982,19820823,52,20
821,1982,19820823,53,20
822,1982,19820823,54,20
823,1982,19820823,55,20
824,1982,19820823,56,20
825,1982,19820823,57,20
826,1982,19820823,58,20
827,1982,19820823,59,20
828,1982,19820823,60,20
829,1982,19820823,61,20
830,1982,19820823,62,20
831,1982,19820823,63,20
832,1982,19820823,64,20
833,1982,19820827,33,20
834,1982,19820827,34,20
835,1982,19820827,35,20
836,1982,19820827,36,20
837,1982,19820827,37,20
838,1982,19820827,38,20
839,1982,19820827,39,20
840,1982,19820827,40,20
841,1982,19820827,41,20
842,1982,19820827,42,20
843,1982,19820827,43,20
844,1982,19820827,44,20
845,1982,19820827,45,20
846,1982,19820827,46,20
847,1982,19820827,47,20
848,1982,19820827,48,20
849,1982,19820827,49,20
850,1982,19820827,50,20
851,1982,19820827,51,20
852,1982,19820827,52,20
853,1982,19820827,53,20
854,1982,19820827,54,20
855,1982,19820827,55,20
856,1982,19820827,56,20
857,1982,19820827,57,20
858,1982,19820827,58,20
859,1982,19820827,59,20
860,1982,19820827,60,20
861,1982,19820827,61,20
862,1982,19820827,62,20
863,1982,19820827,63,20
864,1982,19820827,64,20
865,1982,19820902,33,20
866,1982,19820902,34,20
867,1982,19820902,35,20
868,1982,19820902,36,20
869,1982,19820902,37,20
870,1982,19820902,38,20
871,1982,19820902,39,20
872,1982,19820902,40,20
873,1982,19820902,41,20
874,1982,19820902,42,20
875,1982,19820902,43,20
876,1982,19820902,44,20
877,1982,19820902,45,20
878,1982,19820902,46,20
879,1982,19820902,47,20
880,1982,19820902,48,20
881,1982,19820902,49,20
882,1982,19820902,50,20
883,1982,19820902,51,20
884,1982,19820902,52,20
885,1982,19820902,53,20
886,1982,19820902,54,20
887,1982,19820902,55,20
888,1982,19820902,56,20
889,1982,19820902,57,20
890,1982,19820902,58,20
891,1982,19820902,59,20
892,1982,19820902,60,20
893,1982,19820902,61,20
894,1982,19820902,62,20
895,1982,19820902,63,20
896,1982,19820902,64,20
897,1983,19830701,33,10
898,1983,19830701,34,10
899,1983,19830701,35,10
900,1983,19830701,36,10
901,1983,19830701,37,10
902,1983,19830701,38,10
903,1983,19830701,39,10
904,1983,19830701,40,10
905,1983,19830701,41,10
906,1983,19830701,42,10
907,1983,19830701,43,10
908,1983,19830701,44,10
909,1983,19830701,45,10
910,1983,19830701,46,10
911,1983,19830701,47,10
912,1983,19830701,48,10
913,1983,19830701,49,10
914,1983,19830701,50,10
915,1983,19830701,51,10
916,1983,19830701,52,10
917,1983,19830701,53,10
918,1983,19830701,54,10
919,1983,19830701,55,10
920,1983,19830701,56,10
921,1983,19830701,57,10
922,1983,19830701,58,10
923,1983,19830701,59,10
924,1983,19830701,60,10
925,1983,19830701,61,10
926,1983,19830701,62,10
927,1983,19830701,63,10
928,1983,19830701,64,10
929,1983,19830704,33,14
930,1983,19830704,34,14
931,1983,19830704,35,14
932,1983,19830704,36,14
933,1983,19830704,37,14
934,1983,19830704,38,14
935,1983,19830704,39,14
936,1983,19830704,40,14
937,1983,19830704,41,14
938,1983,19830704,42,14
939,1983,19830704,43,14
940,1983,19830704,44,14
941,1983,19830704,45,14
942,1983,19830704,46,14
943,1983,19830704,47,14
944,1983,19830704,48,14
945,1983,19830704,49,14
946,1983,19830704,50,14
947,1983,19830704,51,14
948,1983,19830704,52,14
949,1983,19830704,53,14
950,1983,19830704,54,14
951,1983,19830704,55,14
952,1983,19830704,56,14
953,1983,19830704,57,14
954,1983,19830704,58,14
955,1983,19830704,59,14
956,1983,19830704,60,14
957,1983,19830704,61,14
958,1983,19830704,62,14
959,1983,19830704,63,14
960,1983,19830704,64,14
961,1983,19830705,33,14
962,1983,19830705,34,14
963,1983,19830705,35,14
964,1983,19830705,36,14
965,1983,19830705,37,14
966,1983,19830705,38,14
967,1983,19830705,39,14
968,1983,19830705,40,14
969,1983,19830705,41,14
970,1983,19830705,42,14
971,1983,19830705,43,14
972,1983,19830705,44,14
973,1983,19830705,45,14
974,1983,19830705,46,14
975,1983,19830705,47,14
976,1983,19830705,48,14
977,1983,19830705,49,14
978,1983,19830705,50,14
979,1983,19830705,51,14
980,1983,19830705,52,14
981,1983,19830705,53,14
982,1983,19830705,54,14
983,1983,19830705,55,14
984,1983,19830705,56,14
985,1983,19830705,57,14
986,1983,19830705,58,14
987,1983,19830705,59,14
988,1983,19830705,60,14
989,1983,19830705,61,14
990,1983,19830705,62,14
991,1983,19830705,63,14
992,1983,19830705,64,14
993,1985,19850605,33,12
994,1985,19850605,34,12
995,1985,19850605,35,12
996,1985,19850605,36,12
997,1985,19850605,37,12
998,1985,19850605,38,12
999,1985,19850605,39,12
1000,1985,19850605,40,12
1001,1985,19850605,41,12
1002,1985,19850605,42,12
1003,1985,19850605,43,12
1004,1985,19850605,44,12
1005,1985,19850605,45,12
1006,1985,19850605,46,12
1007,1985,19850605,47,12
1008,1985,19850605,48,12
1009,1985,19850605,49,12
1010,1985,19850605,50,12
1011,1985,19850605,51,12
1012,1985,19850605,52,12
1013,1985,19850605,53,12
1014,1985,19850605,54,12
1015,1985,19850605,55,12
1016,1985,19850605,56,12
1017,1985,19850605,57,12
1018,1985,19850605,58,12
1019,1985,19850605,59,12
1020,1985,19850605,60,12
1021,1985,19850605,61,12
1022,1985,19850605,62,12
1023,1985,19850605,63,12
1024,1985,19850605,64,12
1025,1985,19850606,33,10
1026,1985,19850606,34,10
1027,1985,19850606,35,10
1028,1985,19850606,36,10
1029,1985,19850606,37,10
1030,1985,19850606,38,10
1031,1985,19850606,39,10
1032,1985,19850606,40,10
1033,1985,19850606,41,10
1034,1985,19850606,42,10
1035,1985,19850606,43,10
1036,1985,19850606,44,10
1037,1985,19850606,45,10
1038,1985,19850606,46,10
1039,1985,19850606,47,10
1040,1985,19850606,48,10
1041,1985,19850606,49,10
1042,1985,19850606,50,10
1043,1985,19850606,51,10
1044,1985,19850606,52,10
1045,1985,19850606,53,10
1046,1985,19850606,54,10
1047,1985,19850606,55,10
1048,1985,19850606,56,10
1049,1985,19850606,57,10
1050,1985,19850606,58,10
1051,1985,19850606,59,10
1052,1985,19850606,60,10
1053,1985,19850606,61,10
1054,1985,19850606,62,10
1055,1985,19850606,63,10
1056,1985,19850606,64,10
1057,1985,19850607,33,18
1058,1985,19850607,34,18
1059,1985,19850607,35,18
1060,1985,19850607,36,18
1061,1985,19850607,37,18
1062,1985,19850607,38,18
1063,1985,19850607,39,18
1064,1985,19850607,40,18
1065,1985,19850607,41,18
1066,1985,19850607,42,18
1067,1985,19850607,43,18
1068,1985,19850607,44,18
1069,1985,19850607,45,18
1070,1985,19850607,46,18
1071,1985,19850607,47,18
1072,1985,19850607,48,18
1073,1985,19850607,49,18
1074,1985,19850607,50,18
1075,1985,19850607,51,18
1076,1985,19850607,52,18
1077,1985,19850607,53,18
1078,1985,19850607,54,18
1079,1985,19850607,55,18
1080,1985,19850607,56,18
1081,1985,19850607,57,18
1082,1985,19850607,58,18
1083,1985,19850607,59,18
1084,1985,19850607,60,18
1085,1985,19850607,61,18
1086,1985,19850607,62,18
1087,1985,19850607,63,18
1088,1985,19850607,64,18
1089,1985,19850611,33,12
1090,1985,19850611,34,12
1091,1985,19850611,35,12
1092,1985,19850611,36,12
1093,1985,19850611,37,12
1094,1985,19850611,38,12
1095,1985,19850611,39,12
1096,1985,19850611,40,12
1097,1985,19850611,41,12
1098,1985,19850611,42,12
1099,1985,19850611,43,12
1100,1985,19850611,44,12
1101,1985,19850611,45,12
1102,1985,19850611,46,12
1103,1985,19850611,47,12
1104,1985,19850611,48,12
1105,1985,19850611,49,12
1106,1985,19850611,50,12
1107,1985,19850611,51,12
1108,1985,19850611,52,12
1109,1985,19850611,53,12
1110,1985,19850611,54,12
1111,1985,19850611,55,12
1112,1985,19850611,56,12
1113,1985,19850611,57,12
1114,1985,19850611,58,12
1115,1985,19850611,59,12
1116,1985,19850611,60,12
1117,1985,19850611,61,12
1118,1985,19850611,62,12
1119,1985,19850611,63,12
1120,1985,19850611,64,12
1121,1985,19850704,33,24
1122,1985,19850704,34,24
1123,1985,19850704,35,24
1124,1985,19850704,36,24
1125,1985,19850704,37,24
1126,1985,19850704,38,24
1127,1985,19850704,39,24
1128,1985,19850704,40,24
1129,1985,19850704,41,24
1130,1985,19850704,42,24
1131,1985,19850704,43,24
1132,1985,19850704,44,24
1133,1985,19850704,45,24
1134,1985,19850704,46,24
1135,1985,19850704,47,24
1136,1985,19850704,48,24
1137,1985,19850704,49,24
1138,1985,19850704,50,24
1139,1985,19850704,51,24
1140,1985,19850704,52,24
1141,1985,19850704,53,24
1142,1985,19850704,54,24
1143,1985,19850704,55,24
1144,1985,19850704,56,24
1145,1985,19850704,57,24
1146,1985,19850704,58,24
1147,1985,19850704,59,24
1148,1985,19850704,60,24
1149,1985,19850704,61,24
1150,1985,19850704,62,24
1151,1985,19850704,63,24
1152,1985,19850704,64,24
1153,1985,19850711,33,18
1154,1985,19850711,34,18
1155,1985,19850711,35,18
1156,1985,19850711,36,18
1157,1985,19850711,37,18
1158,1985,19850711,38,18
1159,1985,19850711,39,18
1160,1985,19850711,40,18
1161,1985,19850711,41,18
1162,1985,19850711,42,18
1163,1985,19850711,43,18
1164,1985,19850711,44,18
1165,1985,19850711,45,18
1166,1985,19850711,46,18
1167,1985,19850711,47,18
1168,1985,19850711,48,18
1169,1985,19850711,49,18
1170,1985,19850711,50,18
1171,1985,19850711,51,18
1172,1985,19850711,52,18
1173,1985,19850711,53,18
1174,1985,19850711,54,18
1175,1985,19850711,55,18
1176,1985,19850711,56,18
1177,1985,19850711,57,18
1178,1985,19850711,58,18
1179,1985,19850711,59,18
1180,1985,19850711,60,18
1181,1985,19850711,61,18
1182,1985,19850711,62,18
1183,1985,19850711,63,18
1184,1985,19850711,64,18
1185,1985,19850716,33,18
1186,1985,19850716,34,18
1187,1985,19850716,35,18
1188,1985,19850716,36,18
1189,1985,19850716,37,18
1190,1985,19850716,38,18
1191,1985,19850716,39,18
1192,1985,19850716,40,18
1193,1985,19850716,41,18
1194,1985,19850716,42,18
1195,1985,19850716,43,18
1196,1985,19850716,44,18
1197,1985,19850716,45,18
1198,1985,19850716,46,18
1199,1985,19850716,47,18
1200,1985,19850716,48,18
1201,1985,19850716,49,18
1202,1985,19850716,50,18
1203,1985,19850716,51,18
1204,1985,19850716,52,18
1205,1985,19850716,53,18
1206,1985,19850716,54,18
1207,1985,19850716,55,18
1208,1985,19850716,56,18
1209,1985,19850716,57,18
1210,1985,19850716,58,18
1211,1985,19850716,59,18
1212,1985,19850716,60,18
1213,1985,19850716,61,18
1214,1985,19850716,62,18
1215,1985,19850716,63,18
1216,1985,19850716,64,18
1217,1985,19850717,33,15
1218,1985,19850717,34,15
1219,1985,19850717,35,15
1220,1985,19850717,36,15
1221,1985,19850717,37,15
1222,1985,19850717,38,15
1223,1985,19850717,39,15
1224,1985,19850717,40,15
1225,1985,19850717,41,15
1226,1985,19850717,42,15
1227,1985,19850717,43,15
1228,1985,19850717,44,15
1229,1985,19850717,45,15
1230,1985,19850717,46,15
1231,1985,19850717,47,15
1232,1985,19850717,48,15
1233,1985,19850717,49,15
1234,1985,19850717,50,15
1235,1985,19850717,51,15
1236,1985,19850717,52,15
1237,1985,19850717,53,15
1238,1985,19850717,54,15
1239,1985,19850717,55,15
1240,1985,19850717,56,15
1241,1985,19850717,57,15
1242,1985,19850717,58,15
1243,1985,19850717,59,15
1244,1985,19850717,60,15
1245,1985,19850717,61,15
1246,1985,19850717,62,15
1247,1985,19850717,63,15
1248,1985,19850717,64,15
1249,1987,19870715,33,20
1250,1987,19870715,34,20
1251,1987,19870715,35,20
1252,1987,19870715,36,20
1253,1987,19870715,37,20
1254,1987,19870715,38,20
1255,1987,19870715,39,20
1256,1987,19870715,40,20
1257,1987,19870715,41,20
1258,1987,19870715,42,20
1259,1987,19870715,43,20
1260,1987,19870715,44,20
1261,1987,19870715,45,20
1262,1987,19870715,46,20
1263,1987,19870715,47,20
1264,1987,19870715,48,20
1265,1987,19870715,49,20
1266,1987,19870715,50,20
1267,1987,19870715,51,20
1268,1987,19870715,52,20
1269,1987,19870715,53,20
1270,1987,19870715,54,20
1271,1987,19870715,55,20
1272,1987,19870715,56,20
1273,1987,19870715,57,20
1274,1987,19870715,58,20
1275,1987,19870715,59,20
1276,1987,19870715,60,20
1277,1987,19870715,61,20
1278,1987,19870715,62,20
1279,1987,19870715,63,20
1280,1987,19870715,64,20
1281,1987,19870901,33,18
1282,1987,19870901,34,18
1283,1987,19870901,35,18
1284,1987,19870901,36,18
1285,1987,19870901,37,18
1286,1987,19870901,38,18
1287,1987,19870901,39,18
1288,1987,19870901,40,18
1289,1987,19870901,41,18
1290,1987,19870901,42,18
1291,1987,19870901,43,18
1292,1987,19870901,44,18
1293,1987,19870901,45,18
1294,1987,19870901,46,18
1295,1987,19870901,47,18
1296,1987,19870901,48,18
1297,1987,19870901,49,18
1298,1987,19870901,50,18
1299,1987,19870901,51,18
1300,1987,19870901,52,18
1301,1987,19870901,53,18
1302,1987,19870901,54,18
1303,1987,19870901,55,18
1304,1987,19870901,56,18
1305,1987,19870901,57,18
1306,1987,19870901,58,18
1307,1987,19870901,59,18
1308,1987,19870901,60,18
1309,1987,19870901,61,18
1310,1987,19870901,62,18
1311,1987,19870901,63,18
1312,1987,19870901,64,18
1313,1988,19880527,33,17
1314,1988,19880527,34,17
1315,1988,19880527,35,17
1316,1988,19880527,36,17
1317,1988,19880527,37,17
1318,1988,19880527,38,17
1319,1988,19880527,39,17
1320,1988,19880527,40,17
1321,1988,19880527,41,17
1322,1988,19880527,42,17
1323,1988,19880527,43,17
1324,1988,19880527,44,17
1325,1988,19880527,45,17
1326,1988,19880527,46,17
1327,1988,19880527,47,17
1328,1988,19880527,48,17
1329,1988,19880527,49,17
1330,1988,19880527,50,17
1331,1988,19880527,51,17
1332,1988,19880527,52,17
1333,1988,19880527,53,17
1334,1988,19880527,54,17
1335,1988,19880527,55,17
1336,1988,19880527,56,17
1337,1988,19880527,57,17
1338,1988,19880527,58,17
1339,1988,19880527,59,17
1340,1988,19880527,60,17
1341,1988,19880527,61,17
1342,1988,19880527,62,17
1343,1988,19880527,63,17
1344,1988,19880527,64,17
1345,1988,19880616,33,25
1346,1988,19880616,34,25
1347,1988,19880616,35,25
1348,1988,19880616,36,25
1349,1988,19880616,37,25
1350,1988,19880616,38,25
1351,1988,19880616,39,25
1352,1988,19880616,40,25
1353,1988,19880616,41,25
1354,1988,19880616,42,25
1355,1988,19880616,43,25
1356,1988,19880616,44,25
1357,1988,19880616,45,25
1358,1988,19880616,46,25
1359,1988,19880616,47,25
1360,1988,19880616,48,25
1361,1988,19880616,49,25
1362,1988,19880616,50,25
1363,1988,19880616,51,25
1364,1988,19880616,52,25
1365,1988,19880616,53,25
1366,1988,19880616,54,25
1367,1988,19880616,55,25
1368,1988,19880616,56,25
1369,1988,19880616,57,25
1370,1988,19880616,58,25
1371,1988,19880616,59,25
1372,1988,19880616,60,25
1373,1988,19880616,61,25
1374,1988,19880616,62,25
1375,1988,19880616,63,25
1376,1988,19880616,64,25
1377,1988,19880712,33,20
1378,1988,19880712,34,20
1379,1988,19880712,35,20
1380,1988,19880712,36,20
1381,1988,19880712,37,20
1382,1988,19880712,38,20
1383,1988,19880712,39,20
1384,1988,19880712,40,20
1385,1988,19880712,41,20
1386,1988,19880712,42,20
1387,1988,19880712,43,20
1388,1988,19880712,44,20
1389,1988,19880712,45,20
1390,1988,19880712,46,20
1391,1988,19880712,47,20
1392,1988,19880712,48,20
1393,1988,19880712,49,20
1394,1988,19880712,50,20
1395,1988,19880712,51,20
1396,1988,19880712,52,20
1397,1988,19880712,53,20
1398,1988,19880712,54,20
1399,1988,19880712,55,20
1400,1988,19880712,56,20
1401,1988,19880712,57,20
1402,1988,19880712,58,20
1403,1988,19880712,59,20
1404,1988,19880712,60,20
1405,1988,19880712,61,20
1406,1988,19880712,62,20
1407,1988,19880712,63,20
1408,1988,19880712,64,20
