Bodenlaborwerte_ID,Probenahme_Boden_ID,Trockenrohdichte,Porenvolumen,Grobporen,kF,NO3_N,NH4_N,Nmin,Nt,Nhwl,Cmik,Ct,Chwl,CN_Verhaeltnis,pH,P,K
1,1,,,,,,,,0.095,,,1,,10.5263157894737,,,
2,2,,,,,,,,0.095,,,0.95,,10,,,
3,3,,,,,,,,0.095,,,0.93,,9.78947368421053,,,
4,4,,,,,,,,0.095,,,0.92,,9.68421052631579,,,
5,5,,,,,,,,0.095,,,0.91,,9.57894736842105,,,
6,6,,,,,,,,0.095,,,0.97,,10.2105263157895,,,
7,7,,,,,,,,0.095,,,0.97,,10.2105263157895,,,
8,8,,,,,,,,0.095,,,0.96,,10.1052631578947,,,
9,9,,,,,,,,0.095,,,0.96,,10.1052631578947,,,
10,10,,,,,,,,0.095,,,0.91,,9.57894736842105,,,
11,11,,,,,,,,0.095,,,0.85,,8.94736842105263,,,
12,12,,,,,,,,0.095,,,0.95,,10,,,
13,13,,,,,,,,0.095,,,0.93,,9.78947368421053,,,
14,14,,,,,,,,0.095,,,0.96,,10.1052631578947,,,
15,15,,,,,,,,0.095,,,0.96,,10.1052631578947,,,
16,16,,,,,,,,0.095,,,0.88,,9.26315789473684,,,
17,17,,,,,,,,0.095,,,0.83,,8.73684210526316,,,
18,18,,,,,,,,0.095,,,0.91,,9.57894736842105,,,
19,19,,,,,,,,0.095,,,1.07,,11.2631578947368,,,
20,20,,,,,,,,0.095,,,0.92,,9.68421052631579,,,
21,21,,,,,,,,0.095,,,0.92,,9.68421052631579,,,
22,22,,,,,,,,0.095,,,0.95,,10,,,
23,23,,,,,,,,0.095,,,0.99,,10.4210526315789,,,
24,24,,,,,,,,0.095,,,0.96,,10.1052631578947,,,
25,25,,,,,,,,0.095,,,0.97,,10.2105263157895,,,
26,26,,,,,,,,0.095,,,0.97,,10.2105263157895,,,
27,27,,,,,,,,0.095,,,0.97,,10.2105263157895,,,
28,28,,,,,,,,0.095,,,0.95,,10,,,
29,29,,,,,,,,0.095,,,0.98,,10.3157894736842,,,
30,30,,,,,,,,0.095,,,0.98,,10.3157894736842,,,
31,31,,,,,,,,0.095,,,0.91,,9.57894736842105,,,
32,32,,,,,,,,0.095,,,0.94,,9.89473684210526,,,
33,33,,,,,,,,0.095,,,0.94,,9.89473684210526,,,
34,34,,,,,,,,0.095,,,0.99,,10.4210526315789,,,
35,35,,,,,,,,0.095,,,0.89,,9.36842105263158,,,
36,36,,,,,,,,0.095,,,0.91,,9.57894736842105,,,
37,37,,,,,,,,0.095,,,0.92,,9.68421052631579,,,
38,38,,,,,,,,0.095,,,0.99,,10.4210526315789,,,
39,39,,,,,,,,0.095,,,0.96,,10.1052631578947,,,
40,40,,,,,,,,0.095,,,0.89,,9.36842105263158,,,
41,41,,,,,,,,0.095,,,0.97,,10.2105263157895,,,
42,42,,,,,,,,0.095,,,0.92,,9.68421052631579,,,
43,43,,,,,,,,0.095,,,0.89,,9.36842105263158,,,
44,44,,,,,,,,0.095,,,0.91,,9.57894736842105,,,
45,45,,,,,,,,0.095,,,0.99,,10.4210526315789,,,
46,46,,,,,,,,0.095,,,0.92,,9.68421052631579,,,
47,47,,,,,,,,0.095,,,0.88,,9.26315789473684,,,
48,48,,,,,,,,0.095,,,0.93,,9.78947368421053,,,
49,49,,,,,,,,0.095,,,0.97,,10.2105263157895,,,
50,50,,,,,,,,0.095,,,0.92,,9.68421052631579,,,
51,51,,,,,,,,0.095,,,0.94,,9.89473684210526,,,
52,52,,,,,,,,0.095,,,0.81,,8.52631578947368,,,
53,53,,,,,,,,0.095,,,1.04,,10.9473684210526,,,
54,54,,,,,,,,0.095,,,0.89,,9.36842105263158,,,
55,55,,,,,,,,0.095,,,0.92,,9.68421052631579,,,
56,56,,,,,,,,0.095,,,0.93,,9.78947368421053,,,
57,57,,,,,,,,0.095,,,1.04,,10.9473684210526,,,
58,58,,,,,,,,0.095,,,0.94,,9.89473684210526,,,
59,59,,,,,,,,0.095,,,1.04,,10.9473684210526,,,
60,60,,,,,,,,0.095,,,0.91,,9.57894736842105,,,
61,61,,,,,,,,0.095,,,0.9,,9.47368421052632,,,
62,62,,,,,,,,0.095,,,0.97,,10.2105263157895,,,
63,63,,,,,,,,0.095,,,0.98,,10.3157894736842,,,
64,64,,,,,,,,0.095,,,0.9,,9.47368421052632,,,
65,65,,,,,,,,0.097,,,0.93,,9.58762886597938,,,
66,66,,,,,,,,0.083,,,0.84,,10.1204819277108,,,
67,67,,,,,,,,0.107,,,0.84,,7.85046728971963,,,
68,68,,,,,,,,0.091,,,0.84,,9.23076923076923,,,
69,69,,,,,,,,0.091,,,0.8,,8.79120879120879,,,
70,70,,,,,,,,0.099,,,0.91,,9.19191919191919,,,
71,71,,,,,,,,0.102,,,0.9,,8.82352941176471,,,
72,72,,,,,,,,0.102,,,0.93,,9.11764705882353,,,
73,73,,,,,,,,0.093,,,0.89,,9.56989247311828,,,
74,74,,,,,,,,0.106,,,0.93,,8.77358490566038,,,
75,75,,,,,,,,0.087,,,0.82,,9.42528735632184,,,
76,76,,,,,,,,0.101,,,0.89,,8.81188118811881,,,
77,77,,,,,,,,0.096,,,0.82,,8.54166666666667,,,
78,78,,,,,,,,0.092,,,0.86,,9.34782608695652,,,
79,79,,,,,,,,0.101,,,0.94,,9.30693069306931,,,
80,80,,,,,,,,0.093,,,0.89,,9.56989247311828,,,
81,81,,,,,,,,0.103,,,0.78,,7.57281553398058,,,
82,82,,,,,,,,0.097,,,0.83,,8.55670103092783,,,
83,83,,,,,,,,0.105,,,0.96,,9.14285714285714,,,
84,84,,,,,,,,0.096,,,0.85,,8.85416666666667,,,
85,85,,,,,,,,0.092,,,0.84,,9.1304347826087,,,
86,86,,,,,,,,0.104,,,0.84,,8.07692307692308,,,
87,87,,,,,,,,0.103,,,0.92,,8.93203883495146,,,
88,88,,,,,,,,0.1,,,0.96,,9.6,,,
89,89,,,,,,,,0.098,,,0.92,,9.38775510204082,,,
90,90,,,,,,,,0.092,,,0.96,,10.4347826086957,,,
91,91,,,,,,,,0.099,,,0.98,,9.8989898989899,,,
92,92,,,,,,,,0.093,,,0.98,,10.5376344086022,,,
93,93,,,,,,,,0.098,,,0.9,,9.18367346938775,,,
94,94,,,,,,,,0.1,,,0.87,,8.7,,,
95,95,,,,,,,,0.102,,,0.87,,8.52941176470588,,,
96,96,,,,,,,,0.098,,,0.93,,9.48979591836735,,,
97,97,,,,,,,,0.094,,,0.88,,9.36170212765957,,,
98,98,,,,,,,,0.104,,,0.9,,8.65384615384616,,,
99,99,,,,,,,,0.09,,,0.9,,10,,,
100,100,,,,,,,,0.09,,,0.9,,10,,,
101,101,,,,,,,,0.094,,,0.91,,9.68085106382979,,,
102,102,,,,,,,,0.105,,,0.98,,9.33333333333333,,,
103,103,,,,,,,,0.096,,,0.94,,9.79166666666667,,,
104,104,,,,,,,,0.092,,,0.93,,10.1086956521739,,,
105,105,,,,,,,,0.104,,,0.95,,9.13461538461539,,,
106,106,,,,,,,,0.104,,,1.02,,9.80769230769231,,,
107,107,,,,,,,,0.093,,,0.95,,10.2150537634409,,,
108,108,,,,,,,,0.102,,,0.97,,9.50980392156863,,,
109,109,,,,,,,,0.108,,,0.97,,8.98148148148148,,,
110,110,,,,,,,,0.112,,,0.95,,8.48214285714286,,,
111,111,,,,,,,,0.092,,,0.95,,10.3260869565217,,,
112,112,,,,,,,,0.095,,,0.94,,9.89473684210526,,,
113,113,,,,,,,,0.098,,,1,,10.2040816326531,,,
114,114,,,,,,,,0.104,,,1,,9.61538461538461,,,
115,115,,,,,,,,0.096,,,0.98,,10.2083333333333,,,
116,116,,,,,,,,0.09,,,0.95,,10.5555555555556,,,
117,117,,,,,,,,0.099,,,1.05,,10.6060606060606,,,
118,118,,,,,,,,0.1,,,0.95,,9.5,,,
119,119,,,,,,,,0.096,,,1.01,,10.5208333333333,,,
120,120,,,,,,,,0.096,,,1.03,,10.7291666666667,,,
121,121,,,,,,,,0.112,,,1.12,,10,,,
122,122,,,,,,,,0.106,,,1.03,,9.71698113207547,,,
123,123,,,,,,,,0.102,,,0.93,,9.11764705882353,,,
124,124,,,,,,,,0.102,,,0.93,,9.11764705882353,,,
125,125,,,,,,,,0.098,,,1.02,,10.4081632653061,,,
126,126,,,,,,,,0.092,,,1.06,,11.5217391304348,,,
127,127,,,,,,,,0.101,,,1.03,,10.1980198019802,,,
128,128,,,,,,,,0.102,,,1.03,,10.0980392156863,,,
129,129,,,,,,,,0.084,,,,,,,,
130,130,,,,,,,,0.085,,,,,,,,
131,131,,,,,,,,0.084,,,,,,,,
132,132,,,,,,,,0.085,,,,,,,,
133,133,,,,,,,,0.092,,,,,,,,
134,134,,,,,,,,0.098,,,,,,,,
135,135,,,,,,,,0.088,,,,,,,,
136,136,,,,,,,,0.083,,,,,,,,
137,137,,,,,,,,0.085,,,,,,,,
138,138,,,,,,,,0.094,,,,,,,,
139,139,,,,,,,,0.087,,,,,,,,
140,140,,,,,,,,0.094,,,,,,,,
141,141,,,,,,,,0.087,,,,,,,,
142,142,,,,,,,,0.091,,,,,,,,
143,143,,,,,,,,0.092,,,,,,,,
144,144,,,,,,,,0.085,,,,,,,,
145,145,,,,,,,,0.084,,,,,,,,
146,146,,,,,,,,0.09,,,,,,,,
147,147,,,,,,,,0.105,,,,,,,,
148,148,,,,,,,,0.091,,,,,,,,
149,149,,,,,,,,0.087,,,,,,,,
150,150,,,,,,,,0.092,,,,,,,,
151,151,,,,,,,,0.094,,,,,,,,
152,152,,,,,,,,0.091,,,,,,,,
153,153,,,,,,,,0.095,,,,,,,,
154,154,,,,,,,,0.092,,,,,,,,
155,155,,,,,,,,0.097,,,,,,,,
156,156,,,,,,,,0.092,,,,,,,,
157,157,,,,,,,,0.097,,,,,,,,
158,158,,,,,,,,0.094,,,,,,,,
159,159,,,,,,,,0.092,,,,,,,,
160,160,,,,,,,,0.095,,,,,,,,
161,161,,,,,,,,0.098,,,,,,,,
162,162,,,,,,,,0.092,,,,,,,,
163,163,,,,,,,,0.092,,,,,,,,
164,164,,,,,,,,0.094,,,,,,,,
165,165,,,,,,,,0.099,,,,,,,,
166,166,,,,,,,,0.101,,,,,,,,
167,167,,,,,,,,0.099,,,,,,,,
168,168,,,,,,,,0.095,,,,,,,,
169,169,,,,,,,,0.102,,,,,,,,
170,170,,,,,,,,0.104,,,,,,,,
171,171,,,,,,,,0.097,,,,,,,,
172,172,,,,,,,,0.095,,,,,,,,
173,173,,,,,,,,0.101,,,,,,,,
174,174,,,,,,,,0.104,,,,,,,,
175,175,,,,,,,,0.098,,,,,,,,
176,176,,,,,,,,0.098,,,,,,,,
177,177,,,,,,,,0.109,,,,,,,,
178,178,,,,,,,,0.102,,,,,,,,
179,179,,,,,,,,0.101,,,,,,,,
180,180,,,,,,,,0.097,,,,,,,,
181,181,,,,,,,,0.098,,,,,,,,
182,182,,,,,,,,0.102,,,,,,,,
183,183,,,,,,,,0.106,,,,,,,,
184,184,,,,,,,,0.102,,,,,,,,
185,185,,,,,,,,0.103,,,,,,,,
186,186,,,,,,,,0.106,,,,,,,,
187,187,,,,,,,,0.099,,,,,,,,
188,188,,,,,,,,0.101,,,,,,,,
189,189,,,,,,,,0.098,,,,,,,,
190,190,,,,,,,,0.112,,,,,,,,
191,191,,,,,,,,0.105,,,,,,,,
192,192,,,,,,,,0.102,,,,,,,,
193,193,,,,,,,,0.082,,,0.84,,10.2439024390244,,,
194,194,,,,,,,,0.086,,,0.86,,10,,,
195,195,,,,,,,,0.088,,,0.86,,9.77272727272727,,,
196,196,,,,,,,,0.078,,,0.87,,11.1538461538462,,,
197,197,,,,,,,,0.092,,,0.84,,9.1304347826087,,,
198,198,,,,,,,,0.104,,,0.89,,8.55769230769231,,,
199,199,,,,,,,,0.094,,,0.96,,10.2127659574468,,,
200,200,,,,,,,,0.092,,,0.92,,10,,,
201,201,,,,,,,,0.092,,,0.89,,9.67391304347826,,,
202,202,,,,,,,,0.087,,,0.89,,10.2298850574713,,,
203,203,,,,,,,,0.096,,,0.92,,9.58333333333333,,,
204,204,,,,,,,,0.094,,,0.87,,9.25531914893617,,,
205,205,,,,,,,,0.084,,,0.89,,10.5952380952381,,,
206,206,,,,,,,,0.08,,,0.88,,11,,,
207,207,,,,,,,,0.11,,,0.98,,8.90909090909091,,,
208,208,,,,,,,,0.1,,,0.98,,9.8,,,
209,209,,,,,,,,0.088,,,0.88,,10,,,
210,210,,,,,,,,0.08,,,0.83,,10.375,,,
211,211,,,,,,,,0.112,,,1.03,,9.19642857142857,,,
212,212,,,,,,,,0.094,,,0.98,,10.4255319148936,,,
213,213,,,,,,,,0.094,,,0.86,,9.14893617021277,,,
214,214,,,,,,,,0.082,,,0.77,,9.39024390243902,,,
215,215,,,,,,,,0.098,,,0.9,,9.18367346938775,,,
216,216,,,,,,,,0.086,,,1.05,,12.2093023255814,,,
217,217,,,,,,,,0.098,,,0.98,,10,,,
218,218,,,,,,,,0.102,,,0.98,,9.6078431372549,,,
219,219,,,,,,,,0.102,,,0.98,,9.6078431372549,,,
220,220,,,,,,,,0.094,,,1.07,,11.3829787234043,,,
221,221,,,,,,,,0.094,,,0.95,,10.1063829787234,,,
222,222,,,,,,,,0.099,,,1.06,,10.7070707070707,,,
223,223,,,,,,,,0.102,,,1.01,,9.90196078431373,,,
224,224,,,,,,,,0.096,,,1,,10.4166666666667,,,
225,225,,,,,,,,0.086,,,0.93,,10.8139534883721,,,
226,226,,,,,,,,0.1,,,1.01,,10.1,,,
227,227,,,,,,,,0.101,,,1.01,,10,,,
228,228,,,,,,,,0.096,,,0.87,,9.0625,,,
229,229,,,,,,,,0.11,,,1.01,,9.18181818181818,,,
230,230,,,,,,,,0.104,,,0.92,,8.84615384615385,,,
231,231,,,,,,,,0.104,,,0.98,,9.42307692307692,,,
232,232,,,,,,,,0.114,,,1,,8.7719298245614,,,
233,233,,,,,,,,0.112,,,1,,8.92857142857143,,,
234,234,,,,,,,,0.114,,,1.06,,9.29824561403509,,,
235,235,,,,,,,,0.116,,,1.09,,9.39655172413793,,,
236,236,,,,,,,,0.106,,,0.99,,9.33962264150943,,,
237,237,,,,,,,,0.099,,,0.89,,8.98989898989899,,,
238,238,,,,,,,,0.102,,,1.09,,10.6862745098039,,,
239,239,,,,,,,,0.106,,,1,,9.43396226415094,,,
240,240,,,,,,,,0.106,,,1.04,,9.81132075471698,,,
241,241,,,,,,,,0.1,,,1.04,,10.4,,,
242,242,,,,,,,,0.106,,,1.16,,10.9433962264151,,,
243,243,,,,,,,,0.108,,,1.04,,9.62962962962963,,,
244,244,,,,,,,,0.11,,,1.04,,9.45454545454546,,,
245,245,,,,,,,,0.12,,,1.08,,9,,,
246,246,,,,,,,,0.102,,,1.01,,9.90196078431373,,,
247,247,,,,,,,,0.106,,,1.09,,10.2830188679245,,,
248,248,,,,,,,,0.112,,,1.08,,9.64285714285714,,,
249,249,,,,,,,,0.114,,,1.15,,10.0877192982456,,,
250,250,,,,,,,,0.112,,,1.18,,10.5357142857143,,,
251,251,,,,,,,,0.104,,,1.1,,10.5769230769231,,,
252,252,,,,,,,,0.123,,,1.15,,9.34959349593496,,,
253,253,,,,,,,,0.106,,,1.1,,10.377358490566,,,
254,254,,,,,,,,0.104,,,1.05,,10.0961538461538,,,
255,255,,,,,,,,0.108,,,1.1,,10.1851851851852,,,
256,256,,,,,,,,0.118,,,1.08,,9.15254237288136,,,
257,257,,,,,,,,0.075,,,0.765,,10.2,,,
258,258,,,,,,,,0.08,,,0.765,,9.5625,,,
259,259,,,,,,,,0.082,,,0.765,,9.32926829268293,,,
260,260,,,,,,,,0.08,,,0.765,,9.5625,,,
261,261,,,,,,,,0.075,,,0.905,,12.0666666666667,,,
262,262,,,,,,,,0.088,,,0.905,,10.2840909090909,,,
263,263,,,,,,,,0.082,,,0.905,,11.0365853658537,,,
264,264,,,,,,,,0.08,,,0.905,,11.3125,,,
265,265,,,,,,,,0.076,,,0.842,,11.0789473684211,,,
266,266,,,,,,,,0.085,,,0.842,,9.90588235294118,,,
267,267,,,,,,,,0.074,,,0.842,,11.3783783783784,,,
268,268,,,,,,,,0.079,,,0.842,,10.6582278481013,,,
269,269,,,,,,,,0.076,,,0.842,,11.0789473684211,,,
270,270,,,,,,,,0.089,,,0.842,,9.46067415730337,,,
271,271,,,,,,,,0.085,,,0.842,,9.90588235294118,,,
272,272,,,,,,,,0.083,,,0.842,,10.144578313253,,,
273,273,,,,,,,,0.076,,,0.925,,12.1710526315789,,,
274,274,,,,,,,,0.08,,,0.925,,11.5625,,,
275,275,,,,,,,,0.094,,,0.925,,9.84042553191489,,,
276,276,,,,,,,,0.093,,,0.925,,9.94623655913979,,,
277,277,,,,,,,,0.078,,,0.897,,11.5,,,
278,278,,,,,,,,0.082,,,0.897,,10.9390243902439,,,
279,279,,,,,,,,0.088,,,0.897,,10.1931818181818,,,
280,280,,,,,,,,0.085,,,0.897,,10.5529411764706,,,
281,281,,,,,,,,0.088,,,0.947,,10.7613636363636,,,
282,282,,,,,,,,0.086,,,0.947,,11.0116279069767,,,
283,283,,,,,,,,0.084,,,0.947,,11.2738095238095,,,
284,284,,,,,,,,0.089,,,0.947,,10.6404494382022,,,
285,285,,,,,,,,0.086,,,0.962,,11.1860465116279,,,
286,286,,,,,,,,0.088,,,0.962,,10.9318181818182,,,
287,287,,,,,,,,0.086,,,0.962,,11.1860465116279,,,
288,288,,,,,,,,0.089,,,0.962,,10.8089887640449,,,
289,289,,,,,,,,0.094,,,0.967,,10.2872340425532,,,
290,290,,,,,,,,0.091,,,0.967,,10.6263736263736,,,
291,291,,,,,,,,0.084,,,0.967,,11.5119047619048,,,
292,292,,,,,,,,0.094,,,0.967,,10.2872340425532,,,
293,293,,,,,,,,0.095,,,0.987,,10.3894736842105,,,
294,294,,,,,,,,0.094,,,0.987,,10.5,,,
295,295,,,,,,,,0.086,,,0.987,,11.4767441860465,,,
296,296,,,,,,,,0.088,,,0.987,,11.2159090909091,,,
297,297,,,,,,,,0.093,,,1.037,,11.1505376344086,,,
298,298,,,,,,,,0.101,,,1.037,,10.2673267326733,,,
299,299,,,,,,,,0.089,,,1.037,,11.6516853932584,,,
300,300,,,,,,,,0.091,,,1.037,,11.3956043956044,,,
301,301,,,,,,,,0.097,,,0.972,,10.020618556701,,,
302,302,,,,,,,,0.098,,,0.972,,9.91836734693877,,,
303,303,,,,,,,,0.089,,,0.972,,10.9213483146067,,,
304,304,,,,,,,,0.095,,,0.972,,10.2315789473684,,,
305,305,,,,,,,,0.102,,,1.037,,10.1666666666667,,,
306,306,,,,,,,,0.102,,,1.037,,10.1666666666667,,,
307,307,,,,,,,,0.098,,,1.037,,10.5816326530612,,,
308,308,,,,,,,,0.094,,,1.037,,11.031914893617,,,
309,309,,,,,,,,0.102,,,1.09,,10.6862745098039,,,
310,310,,,,,,,,0.089,,,1.09,,12.247191011236,,,
311,311,,,,,,,,0.099,,,1.09,,11.010101010101,,,
312,312,,,,,,,,0.097,,,1.09,,11.2371134020619,,,
313,313,,,,,,,,0.108,,,1.06,,9.81481481481481,,,
314,314,,,,,,,,0.103,,,1.06,,10.2912621359223,,,
315,315,,,,,,,,0.099,,,1.06,,10.7070707070707,,,
316,316,,,,,,,,0.096,,,1.06,,11.0416666666667,,,
317,317,,,,,,,,0.105,,,1.05,,10,,,
318,318,,,,,,,,0.105,,,1.05,,10,,,
319,319,,,,,,,,0.094,,,0.94,,10,,,
320,320,,,,,,,,0.095,,,0.95,,10,,,
321,321,,,,,,,,0.076,,,0.8,,10.5263157894737,,,
322,322,,,,,,,,0.084,,,0.892,,10.6190476190476,,,
323,323,,,,,,,,0.076,,,0.82,,10.7894736842105,,,
324,324,,,,,,,,0.088,,,0.801,,9.10227272727273,,,
325,325,,,,,,,,0.072,,,0.826,,11.4722222222222,,,
326,326,,,,,,,,0.08,,,0.892,,11.15,,,
327,327,,,,,,,,0.078,,,0.888,,11.3846153846154,,,
328,328,,,,,,,,0.077,,,0.838,,10.8831168831169,,,
329,329,,,,,,,,0.074,,,0.85,,11.4864864864865,,,
330,330,,,,,,,,0.081,,,0.899,,11.0987654320988,,,
331,331,,,,,,,,0.079,,,0.76,,9.62025316455696,,,
332,332,,,,,,,,0.076,,,0.88,,11.5789473684211,,,
333,333,,,,,,,,0.078,,,0.845,,10.8333333333333,,,
334,334,,,,,,,,0.083,,,0.963,,11.6024096385542,,,
335,335,,,,,,,,0.08,,,0.852,,10.65,,,
336,336,,,,,,,,0.077,,,0.822,,10.6753246753247,,,
337,337,,,,,,,,0.071,,,0.828,,11.6619718309859,,,
338,338,,,,,,,,0.083,,,0.903,,10.8795180722892,,,
339,339,,,,,,,,0.089,,,1.044,,11.7303370786517,,,
340,340,,,,,,,,0.082,,,0.887,,10.8170731707317,,,
341,341,,,,,,,,0.078,,,0.855,,10.9615384615385,,,
342,342,,,,,,,,0.083,,,0.926,,11.1566265060241,,,
343,343,,,,,,,,0.091,,,0.999,,10.978021978022,,,
344,344,,,,,,,,0.081,,,0.944,,11.6543209876543,,,
345,345,,,,,,,,0.088,,,0.939,,10.6704545454545,,,
346,346,,,,,,,,0.083,,,0.948,,11.4216867469879,,,
347,347,,,,,,,,0.087,,,0.922,,10.5977011494253,,,
348,348,,,,,,,,0.083,,,0.882,,10.6265060240964,,,
349,349,,,,,,,,0.09,,,0.939,,10.4333333333333,,,
350,350,,,,,,,,0.094,,,1.049,,11.1595744680851,,,
351,351,,,,,,,,0.085,,,0.93,,10.9411764705882,,,
352,352,,,,,,,,0.078,,,1.01,,12.9487179487179,,,
353,353,,,,,,,,0.093,,,0.982,,10.5591397849462,,,
354,354,,,,,,,,0.085,,,0.963,,11.3294117647059,,,
355,355,,,,,,,,0.087,,,0.978,,11.2413793103448,,,
356,356,,,,,,,,0.089,,,0.992,,11.1460674157303,,,
357,357,,,,,,,,0.096,,,1.066,,11.1041666666667,,,
358,358,,,,,,,,0.097,,,1.083,,11.1649484536082,,,
359,359,,,,,,,,0.086,,,0.93,,10.8139534883721,,,
360,360,,,,,,,,0.073,,,0.925,,12.6712328767123,,,
361,361,,,,,,,,0.103,,,1.085,,10.5339805825243,,,
362,362,,,,,,,,0.096,,,1.08,,11.25,,,
363,363,,,,,,,,0.088,,,0.994,,11.2954545454545,,,
364,364,,,,,,,,0.086,,,1.005,,11.6860465116279,,,
365,365,,,,,,,,0.104,,,1.163,,11.1826923076923,,,
366,366,,,,,,,,0.096,,,1.137,,11.84375,,,
367,367,,,,,,,,0.078,,,0.922,,11.8205128205128,,,
368,368,,,,,,,,0.095,,,1.065,,11.2105263157895,,,
369,369,,,,,,,,0.104,,,1.111,,10.6826923076923,,,
370,370,,,,,,,,0.1,,,1.154,,11.54,,,
371,371,,,,,,,,0.094,,,1.112,,11.8297872340426,,,
372,372,,,,,,,,0.095,,,1.035,,10.8947368421053,,,
373,373,,,,,,,,0.104,,,1.184,,11.3846153846154,,,
374,374,,,,,,,,0.092,,,1,,10.8695652173913,,,
375,375,,,,,,,,0.1,,,1.099,,10.99,,,
376,376,,,,,,,,0.096,,,1.048,,10.9166666666667,,,
377,377,,,,,,,,0.106,,,1.097,,10.3490566037736,,,
378,378,,,,,,,,0.095,,,1.08,,11.3684210526316,,,
379,379,,,,,,,,0.099,,,1.126,,11.3737373737374,,,
380,380,,,,,,,,0.095,,,0.994,,10.4631578947368,,,
381,381,,,,,,,,0.108,,,1.21,,11.2037037037037,,,
382,382,,,,,,,,0.096,,,1.104,,11.5,,,
383,383,,,,,,,,0.09,,,1.022,,11.3555555555556,,,
384,384,,,,,,,,0.089,,,0.97,,10.8988764044944,,,
385,385,,,,,,,,0.089,,,0.947,,10.6404494382022,,,
386,386,,,,,,,,0.089,,,1.011,,11.3595505617978,,,
387,387,,,,,,,,0.091,,,0.93,,10.2197802197802,,,
388,388,,,,,,,,0.088,,,0.942,,10.7045454545455,,,
389,389,,,,,,,,0.089,,,0.962,,10.8089887640449,,,
390,390,,,,,,,,0.098,,,1.066,,10.8775510204082,,,
391,391,,,,,,,,0.086,,,1.006,,11.6976744186047,,,
392,392,,,,,,,,0.091,,,0.949,,10.4285714285714,,,
393,393,,,,,,,,0.089,,,0.985,,11.0674157303371,,,
394,394,,,,,,,,0.097,,,1.044,,10.7628865979381,,,
395,395,,,,,,,,0.088,,,0.951,,10.8068181818182,,,
396,396,,,,,,,,0.093,,,0.979,,10.5268817204301,,,
397,397,,,,,,,,0.095,,,1.019,,10.7263157894737,,,
398,398,,,,,,,,0.106,,,1.116,,10.5283018867925,,,
399,399,,,,,,,,0.096,,,1.017,,10.59375,,,
400,400,,,,,,,,0.092,,,0.979,,10.6413043478261,,,
401,401,,,,,,,,0.094,,,0.985,,10.4787234042553,,,
402,402,,,,,,,,0.095,,,1.051,,11.0631578947368,,,
403,403,,,,,,,,0.105,,,1.141,,10.8666666666667,,,
404,404,,,,,,,,0.091,,,1.033,,11.3516483516484,,,
405,405,,,,,,,,0.089,,,1.012,,11.3707865168539,,,
406,406,,,,,,,,0.099,,,1.066,,10.7676767676768,,,
407,407,,,,,,,,0.105,,,1.154,,10.9904761904762,,,
408,408,,,,,,,,0.1,,,1.043,,10.43,,,
409,409,,,,,,,,0.103,,,1.111,,10.7864077669903,,,
410,410,,,,,,,,0.098,,,1.077,,10.9897959183673,,,
411,411,,,,,,,,0.097,,,1.014,,10.4536082474227,,,
412,412,,,,,,,,0.099,,,1.055,,10.6565656565657,,,
413,413,,,,,,,,0.106,,,1.15,,10.8490566037736,,,
414,414,,,,,,,,0.112,,,1.183,,10.5625,,,
415,415,,,,,,,,0.099,,,1.036,,10.4646464646465,,,
416,416,,,,,,,,0.102,,,1.098,,10.7647058823529,,,
417,417,,,,,,,,0.107,,,1.198,,11.196261682243,,,
418,418,,,,,,,,0.108,,,1.188,,11,,,
419,419,,,,,,,,0.105,,,1.102,,10.4952380952381,,,
420,420,,,,,,,,0.105,,,1.143,,10.8857142857143,,,
421,421,,,,,,,,0.107,,,1.234,,11.5327102803738,,,
422,422,,,,,,,,0.116,,,1.242,,10.7068965517241,,,
423,423,,,,,,,,0.103,,,1.054,,10.2330097087379,,,
424,424,,,,,,,,0.102,,,1.073,,10.5196078431373,,,
425,425,,,,,,,,0.103,,,1.253,,12.1650485436893,,,
426,426,,,,,,,,0.108,,,1.222,,11.3148148148148,,,
427,427,,,,,,,,0.111,,,1.172,,10.5585585585586,,,
428,428,,,,,,,,0.096,,,1.083,,11.28125,,,
429,429,,,,,,,,0.114,,,1.268,,11.1228070175439,,,
430,430,,,,,,,,0.114,,,1.234,,10.8245614035088,,,
431,431,,,,,,,,0.127,,,1.153,,9.07874015748031,,,
432,432,,,,,,,,0.108,,,1.164,,10.7777777777778,,,
433,433,,,,,,,,0.117,,,1.267,,10.8290598290598,,,
434,434,,,,,,,,0.111,,,1.24,,11.1711711711712,,,
435,435,,,,,,,,0.111,,,1.201,,10.8198198198198,,,
436,436,,,,,,,,0.108,,,1.217,,11.2685185185185,,,
437,437,,,,,,,,0.115,,,1.341,,11.6608695652174,,,
438,438,,,,,,,,0.11,,,1.177,,10.7,,,
439,439,,,,,,,,0.108,,,1.242,,11.5,,,
440,440,,,,,,,,0.11,,,1.179,,10.7181818181818,,,
441,441,,,,,,,,0.119,,,1.279,,10.7478991596639,,,
442,442,,,,,,,,0.118,,,1.247,,10.5677966101695,,,
443,443,,,,,,,,0.114,,,1.212,,10.6315789473684,,,
444,444,,,,,,,,0.109,,,1.231,,11.2935779816514,,,
445,445,,,,,,,,0.121,,,1.343,,11.099173553719,,,
446,446,,,,,,,,0.117,,,1.271,,10.8632478632479,,,
447,447,,,,,,,,0.115,,,1.221,,10.6173913043478,,,
448,448,,,,,,,,0.106,,,1.279,,12.0660377358491,,,
449,449,,,,,,,,0.074,,,0.762,,10.2972972972973,,,
450,450,,,,,,,,0.084,,,0.911,,10.8452380952381,,,
451,451,,,,,,,,0.081,,,0.861,,10.6296296296296,,,
452,452,,,,,,,,0.081,,,0.823,,10.1604938271605,,,
453,453,,,,,,,,0.076,,,0.815,,10.7236842105263,,,
454,454,,,,,,,,0.108,,,0.97,,8.98148148148148,,,
455,455,,,,,,,,0.08,,,0.84,,10.5,,,
456,456,,,,,,,,0.081,,,0.789,,9.74074074074074,,,
457,457,,,,,,,,0.079,,,0.76,,9.62025316455696,,,
458,458,,,,,,,,0.095,,,0.945,,9.94736842105263,,,
459,459,,,,,,,,0.076,,,0.795,,10.4605263157895,,,
460,460,,,,,,,,0.088,,,0.837,,9.51136363636364,,,
461,461,,,,,,,,0.08,,,0.783,,9.7875,,,
462,462,,,,,,,,0.092,,,0.93,,10.1086956521739,,,
463,463,,,,,,,,0.084,,,0.85,,10.1190476190476,,,
464,464,,,,,,,,0.08,,,0.81,,10.125,,,
465,465,,,,,,,,0.084,,,0.838,,9.97619047619047,,,
466,466,,,,,,,,0.083,,,0.885,,10.6626506024096,,,
467,467,,,,,,,,0.095,,,0.906,,9.53684210526316,,,
468,468,,,,,,,,0.081,,,0.817,,10.0864197530864,,,
469,469,,,,,,,,0.085,,,0.831,,9.77647058823529,,,
470,470,,,,,,,,0.091,,,0.91,,10,,,
471,471,,,,,,,,0.089,,,0.971,,10.9101123595506,,,
472,472,,,,,,,,0.089,,,0.902,,10.1348314606742,,,
473,473,,,,,,,,0.093,,,0.954,,10.258064516129,,,
474,474,,,,,,,,0.089,,,0.926,,10.4044943820225,,,
475,475,,,,,,,,0.087,,,0.947,,10.8850574712644,,,
476,476,,,,,,,,0.087,,,0.851,,9.7816091954023,,,
477,477,,,,,,,,0.093,,,1.001,,10.7634408602151,,,
478,478,,,,,,,,0.096,,,0.947,,9.86458333333333,,,
479,479,,,,,,,,0.091,,,0.872,,9.58241758241758,,,
480,480,,,,,,,,0.089,,,0.939,,10.5505617977528,,,
481,481,,,,,,,,0.101,,,1.002,,9.92079207920792,,,
482,482,,,,,,,,0.091,,,0.863,,9.48351648351648,,,
483,483,,,,,,,,0.093,,,0.933,,10.0322580645161,,,
484,484,,,,,,,,0.099,,,1.003,,10.1313131313131,,,
485,485,,,,,,,,0.102,,,1.031,,10.1078431372549,,,
486,486,,,,,,,,0.102,,,0.975,,9.55882352941176,,,
487,487,,,,,,,,0.095,,,0.971,,10.2210526315789,,,
488,488,,,,,,,,0.095,,,0.923,,9.71578947368421,,,
489,489,,,,,,,,0.107,,,1.066,,9.96261682242991,,,
490,490,,,,,,,,0.107,,,1.115,,10.4205607476636,,,
491,491,,,,,,,,0.102,,,0.98,,9.6078431372549,,,
492,492,,,,,,,,0.094,,,0.911,,9.69148936170213,,,
493,493,,,,,,,,0.105,,,1.036,,9.86666666666667,,,
494,494,,,,,,,,0.105,,,1.042,,9.92380952380952,,,
495,495,,,,,,,,0.099,,,0.949,,9.58585858585858,,,
496,496,,,,,,,,0.098,,,0.973,,9.92857142857143,,,
497,497,,,,,,,,0.109,,,1.011,,9.27522935779816,,,
498,498,,,,,,,,0.109,,,1.033,,9.47706422018349,,,
499,499,,,,,,,,0.109,,,1.047,,9.60550458715596,,,
500,500,,,,,,,,0.105,,,1.056,,10.0571428571429,,,
501,501,,,,,,,,0.11,,,1.11,,10.0909090909091,,,
502,502,,,,,,,,0.101,,,1.029,,10.1881188118812,,,
503,503,,,,,,,,0.11,,,1.081,,9.82727272727273,,,
504,504,,,,,,,,0.105,,,1.075,,10.2380952380952,,,
505,505,,,,,,,,0.113,,,1.126,,9.9646017699115,,,
506,506,,,,,,,,0.111,,,1.111,,10.009009009009,,,
507,507,,,,,,,,0.104,,,0.999,,9.60576923076923,,,
508,508,,,,,,,,0.1,,,1.039,,10.39,,,
509,509,,,,,,,,0.107,,,1.082,,10.1121495327103,,,
510,510,,,,,,,,0.116,,,1.135,,9.78448275862069,,,
511,511,,,,,,,,0.107,,,1.127,,10.5327102803738,,,
512,512,,,,,,,,0.104,,,1.055,,10.1442307692308,,,
513,513,,,,,,,,0.075,,,0.715,,9.53333333333333,,,
514,514,,,,,,,,0.078,,,0.821,,10.525641025641,,,
515,515,,,,,,,,0.076,,,0.839,,11.0394736842105,,,
516,516,,,,,,,,0.069,,,0.759,,11,,,
517,517,,,,,,,,0.076,,,0.75,,9.86842105263158,,,
518,518,,,,,,,,0.085,,,0.859,,10.1058823529412,,,
519,519,,,,,,,,0.08,,,0.817,,10.2125,,,
520,520,,,,,,,,0.073,,,0.75,,10.2739726027397,,,
521,521,,,,,,,,0.076,,,0.752,,9.89473684210526,,,
522,522,,,,,,,,0.084,,,0.856,,10.1904761904762,,,
523,523,,,,,,,,0.076,,,0.811,,10.6710526315789,,,
524,524,,,,,,,,0.078,,,0.743,,9.52564102564103,,,
525,525,,,,,,,,0.077,,,0.733,,9.51948051948052,,,
526,526,,,,,,,,0.086,,,0.928,,10.7906976744186,,,
527,527,,,,,,,,0.079,,,0.844,,10.6835443037975,,,
528,528,,,,,,,,0.079,,,0.761,,9.63291139240506,,,
529,529,,,,,,,,0.082,,,0.781,,9.52439024390244,,,
530,530,,,,,,,,0.08,,,0.838,,10.475,,,
531,531,,,,,,,,0.096,,,0.979,,10.1979166666667,,,
532,532,,,,,,,,0.083,,,0.85,,10.2409638554217,,,
533,533,,,,,,,,0.086,,,0.786,,9.13953488372093,,,
534,534,,,,,,,,0.086,,,0.895,,10.406976744186,,,
535,535,,,,,,,,0.093,,,0.972,,10.4516129032258,,,
536,536,,,,,,,,0.089,,,0.963,,10.8202247191011,,,
537,537,,,,,,,,0.09,,,0.944,,10.4888888888889,,,
538,538,,,,,,,,0.087,,,0.96,,11.0344827586207,,,
539,539,,,,,,,,0.089,,,0.918,,10.314606741573,,,
540,540,,,,,,,,0.087,,,0.867,,9.96551724137931,,,
541,541,,,,,,,,0.094,,,0.939,,9.98936170212766,,,
542,542,,,,,,,,0.092,,,1.019,,11.0760869565217,,,
543,543,,,,,,,,0.089,,,0.898,,10.0898876404494,,,
544,544,,,,,,,,0.089,,,0.96,,10.7865168539326,,,
545,545,,,,,,,,0.095,,,0.977,,10.2842105263158,,,
546,546,,,,,,,,0.094,,,1.019,,10.8404255319149,,,
547,547,,,,,,,,0.085,,,0.916,,10.7764705882353,,,
548,548,,,,,,,,0.089,,,0.955,,10.7303370786517,,,
549,549,,,,,,,,0.109,,,1.21,,11.1009174311927,,,
550,550,,,,,,,,0.099,,,1.042,,10.5252525252525,,,
551,551,,,,,,,,0.096,,,1.015,,10.5729166666667,,,
552,552,,,,,,,,0.099,,,0.923,,9.32323232323232,,,
553,553,,,,,,,,0.098,,,1.008,,10.2857142857143,,,
554,554,,,,,,,,0.101,,,1.131,,11.1980198019802,,,
555,555,,,,,,,,0.097,,,1.006,,10.3711340206186,,,
556,556,,,,,,,,0.097,,,1.002,,10.3298969072165,,,
557,557,,,,,,,,0.106,,,1.113,,10.5,,,
558,558,,,,,,,,0.104,,,1.203,,11.5673076923077,,,
559,559,,,,,,,,0.098,,,1.076,,10.9795918367347,,,
560,560,,,,,,,,0.102,,,1.028,,10.078431372549,,,
561,561,,,,,,,,0.113,,,1.132,,10.0176991150442,,,
562,562,,,,,,,,0.107,,,1.096,,10.2429906542056,,,
563,563,,,,,,,,0.1,,,1.136,,11.36,,,
564,564,,,,,,,,0.11,,,1.128,,10.2545454545455,,,
565,565,,,,,,,,0.113,,,1.161,,10.2743362831858,,,
566,566,,,,,,,,0.1,,,1.065,,10.65,,,
567,567,,,,,,,,0.117,,,1.212,,10.3589743589744,,,
568,568,,,,,,,,0.104,,,1.158,,11.1346153846154,,,
569,569,,,,,,,,0.114,,,1.212,,10.6315789473684,,,
570,570,,,,,,,,0.103,,,1.142,,11.0873786407767,,,
571,571,,,,,,,,0.099,,,1.066,,10.7676767676768,,,
572,572,,,,,,,,0.117,,,1.132,,9.67521367521367,,,
573,573,,,,,,,,0.113,,,1.199,,10.6106194690265,,,
574,574,,,,,,,,0.113,,,1.174,,10.3893805309735,,,
575,575,,,,,,,,0.103,,,1.123,,10.9029126213592,,,
576,576,,,,,,,,0.118,,,1.153,,9.77118644067797,,,
577,577,,,,,,,,0.074,,,0.791,,10.6891891891892,,,
578,578,,,,,,,,0.079,,,0.927,,11.7341772151899,,,
579,579,,,,,,,,0.075,,,0.841,,11.2133333333333,,,
580,580,,,,,,,,0.073,,,0.862,,11.8082191780822,,,
581,581,,,,,,,,0.076,,,0.79,,10.3947368421053,,,
582,582,,,,,,,,0.08,,,0.931,,11.6375,,,
583,583,,,,,,,,0.083,,,0.915,,11.0240963855422,,,
584,584,,,,,,,,0.072,,,0.838,,11.6388888888889,,,
585,585,,,,,,,,0.079,,,0.829,,10.4936708860759,,,
586,586,,,,,,,,0.082,,,0.941,,11.4756097560976,,,
587,587,,,,,,,,0.074,,,0.842,,11.3783783783784,,,
588,588,,,,,,,,0.07,,,0.822,,11.7428571428571,,,
589,589,,,,,,,,0.08,,,0.854,,10.675,,,
590,590,,,,,,,,0.089,,,1.044,,11.7303370786517,,,
591,591,,,,,,,,0.08,,,0.939,,11.7375,,,
592,592,,,,,,,,0.072,,,0.838,,11.6388888888889,,,
593,593,,,,,,,,0.081,,,0.927,,11.4444444444444,,,
594,594,,,,,,,,0.082,,,0.97,,11.8292682926829,,,
595,595,,,,,,,,0.09,,,1.075,,11.9444444444444,,,
596,596,,,,,,,,0.082,,,0.861,,10.5,,,
597,597,,,,,,,,0.08,,,0.937,,11.7125,,,
598,598,,,,,,,,0.085,,,0.984,,11.5764705882353,,,
599,599,,,,,,,,0.085,,,1.048,,12.3294117647059,,,
600,600,,,,,,,,0.084,,,0.918,,10.9285714285714,,,
601,601,,,,,,,,0.09,,,0.996,,11.0666666666667,,,
602,602,,,,,,,,0.091,,,0.987,,10.8461538461538,,,
603,603,,,,,,,,0.085,,,1.047,,12.3176470588235,,,
604,604,,,,,,,,0.083,,,0.925,,11.144578313253,,,
605,605,,,,,,,,0.094,,,1.061,,11.2872340425532,,,
606,606,,,,,,,,0.094,,,1.052,,11.1914893617021,,,
607,607,,,,,,,,0.085,,,0.989,,11.6352941176471,,,
608,608,,,,,,,,0.089,,,0.996,,11.1910112359551,,,
609,609,,,,,,,,0.091,,,1.043,,11.4615384615385,,,
610,610,,,,,,,,0.086,,,1.024,,11.906976744186,,,
611,611,,,,,,,,0.088,,,1.063,,12.0795454545455,,,
612,612,,,,,,,,0.095,,,1.053,,11.0842105263158,,,
613,613,,,,,,,,0.102,,,1.15,,11.2745098039216,,,
614,614,,,,,,,,0.097,,,1.093,,11.2680412371134,,,
615,615,,,,,,,,0.092,,,1.108,,12.0434782608696,,,
616,616,,,,,,,,0.091,,,1.066,,11.7142857142857,,,
617,617,,,,,,,,0.105,,,1.108,,10.552380952381,,,
618,618,,,,,,,,0.103,,,1.242,,12.0582524271845,,,
619,619,,,,,,,,0.089,,,1.081,,12.1460674157303,,,
620,620,,,,,,,,0.091,,,0.991,,10.8901098901099,,,
621,621,,,,,,,,0.107,,,1.125,,10.5140186915888,,,
622,622,,,,,,,,0.103,,,1.188,,11.5339805825243,,,
623,623,,,,,,,,0.092,,,1.072,,11.6521739130435,,,
624,624,,,,,,,,0.096,,,1.043,,10.8645833333333,,,
625,625,,,,,,,,0.111,,,1.257,,11.3243243243243,,,
626,626,,,,,,,,0.103,,,1.242,,12.0582524271845,,,
627,627,,,,,,,,0.101,,,1.141,,11.2970297029703,,,
628,628,,,,,,,,0.105,,,1.191,,11.3428571428571,,,
629,629,,,,,,,,0.115,,,1.259,,10.9478260869565,,,
630,630,,,,,,,,0.103,,,1.183,,11.4854368932039,,,
631,631,,,,,,,,0.11,,,1.214,,11.0363636363636,,,
632,632,,,,,,,,0.104,,,1.179,,11.3365384615385,,,
633,633,,,,,,,,0.115,,,1.327,,11.5391304347826,,,
634,634,,,,,,,,0.112,,,1.215,,10.8482142857143,,,
635,635,,,,,,,,0.103,,,1.154,,11.2038834951456,,,
636,636,,,,,,,,0.114,,,1.215,,10.6578947368421,,,
637,637,,,,,,,,0.108,,,1.189,,11.0092592592593,,,
638,638,,,,,,,,0.107,,,1.222,,11.4205607476636,,,
639,639,,,,,,,,0.1,,,1.154,,11.54,,,
640,640,,,,,,,,0.106,,,1.228,,11.5849056603774,,,
641,641,,,,,,,,0.082,,,0.805,,9.81707317073171,,,
642,642,,,,,,,,0.088,,,0.889,,10.1022727272727,,,
643,643,,,,,,,,0.086,,,0.839,,9.75581395348837,,,
644,644,,,,,,,,0.081,,,0.84,,10.3703703703704,,,
645,645,,,,,,,,0.083,,,0.834,,10.0481927710843,,,
646,646,,,,,,,,0.091,,,0.943,,10.3626373626374,,,
647,647,,,,,,,,0.088,,,0.943,,10.7159090909091,,,
648,648,,,,,,,,0.083,,,0.856,,10.3132530120482,,,
649,649,,,,,,,,0.085,,,0.853,,10.0352941176471,,,
650,650,,,,,,,,0.09,,,0.891,,9.9,,,
651,651,,,,,,,,0.085,,,0.851,,10.0117647058824,,,
652,652,,,,,,,,0.083,,,0.85,,10.2409638554217,,,
653,653,,,,,,,,0.087,,,0.833,,9.57471264367816,,,
654,654,,,,,,,,0.096,,,0.979,,10.1979166666667,,,
655,655,,,,,,,,0.089,,,0.945,,10.6179775280899,,,
656,656,,,,,,,,0.085,,,0.872,,10.2588235294118,,,
657,657,,,,,,,,0.087,,,0.91,,10.4597701149425,,,
658,658,,,,,,,,0.089,,,0.924,,10.3820224719101,,,
659,659,,,,,,,,0.102,,,1.057,,10.3627450980392,,,
660,660,,,,,,,,0.089,,,0.933,,10.4831460674157,,,
661,661,,,,,,,,0.09,,,0.941,,10.4555555555556,,,
662,662,,,,,,,,0.095,,,0.99,,10.4210526315789,,,
663,663,,,,,,,,0.1,,,1.033,,10.33,,,
664,664,,,,,,,,0.095,,,0.934,,9.83157894736842,,,
665,665,,,,,,,,0.1,,,1.019,,10.19,,,
666,666,,,,,,,,0.095,,,0.984,,10.3578947368421,,,
667,667,,,,,,,,0.098,,,0.99,,10.1020408163265,,,
668,668,,,,,,,,0.094,,,0.984,,10.468085106383,,,
669,669,,,,,,,,0.104,,,1.077,,10.3557692307692,,,
670,670,,,,,,,,0.103,,,1.066,,10.3495145631068,,,
671,671,,,,,,,,0.097,,,1.012,,10.4329896907216,,,
672,672,,,,,,,,0.101,,,1.01,,10,,,
673,673,,,,,,,,0.104,,,1.057,,10.1634615384615,,,
674,674,,,,,,,,0.101,,,1.037,,10.2673267326733,,,
675,675,,,,,,,,0.103,,,1.054,,10.2330097087379,,,
676,676,,,,,,,,0.106,,,1.087,,10.2547169811321,,,
677,677,,,,,,,,0.108,,,1.135,,10.5092592592593,,,
678,678,,,,,,,,0.111,,,1.16,,10.4504504504505,,,
679,679,,,,,,,,0.109,,,1.1,,10.0917431192661,,,
680,680,,,,,,,,0.11,,,0.989,,8.99090909090909,,,
681,681,,,,,,,,0.11,,,1.15,,10.4545454545455,,,
682,682,,,,,,,,0.112,,,1.13,,10.0892857142857,,,
683,683,,,,,,,,0.105,,,1.1,,10.4761904761905,,,
684,684,,,,,,,,0.099,,,1.04,,10.5050505050505,,,
685,685,,,,,,,,0.11,,,1.13,,10.2727272727273,,,
686,686,,,,,,,,0.115,,,1.16,,10.0869565217391,,,
687,687,,,,,,,,0.108,,,1.12,,10.3703703703704,,,
688,688,,,,,,,,0.105,,,1.11,,10.5714285714286,,,
689,689,,,,,,,,0.115,,,1.15,,10,,,
690,690,,,,,,,,0.115,,,1.16,,10.0869565217391,,,
691,691,,,,,,,,0.113,,,1.17,,10.353982300885,,,
692,692,,,,,,,,0.114,,,1.19,,10.4385964912281,,,
693,693,,,,,,,,0.124,,,1.24,,10,,,
694,694,,,,,,,,0.106,,,1.07,,10.0943396226415,,,
695,695,,,,,,,,0.118,,,1.21,,10.2542372881356,,,
696,696,,,,,,,,0.112,,,1.19,,10.625,,,
697,697,,,,,,,,0.124,,,1.2,,9.67741935483871,,,
698,698,,,,,,,,0.122,,,1.21,,9.91803278688525,,,
699,699,,,,,,,,0.119,,,1.2,,10.0840336134454,,,
700,700,,,,,,,,0.116,,,1.19,,10.2586206896552,,,
701,701,,,,,,,,0.118,,,1.23,,10.4237288135593,,,
702,702,,,,,,,,0.123,,,1.28,,10.4065040650407,,,
703,703,,,,,,,,0.116,,,1.19,,10.2586206896552,,,
704,704,,,,,,,,0.118,,,1.2,,10.1694915254237,,,
705,705,,,,,,,,0.072,,,0.74,,10.2777777777778,,,
706,706,,,,,,,,0.081,,,0.812,,10.0246913580247,,,
707,707,,,,,,,,0.075,,,0.773,,10.3066666666667,,,
708,708,,,,,,,,0.075,,,0.782,,10.4266666666667,,,
709,709,,,,,,,,0.072,,,0.77,,10.6944444444444,,,
710,710,,,,,,,,0.089,,,0.88,,9.8876404494382,,,
711,711,,,,,,,,0.087,,,0.931,,10.7011494252874,,,
712,712,,,,,,,,0.074,,,0.787,,10.6351351351351,,,
713,713,,,,,,,,0.075,,,0.775,,10.3333333333333,,,
714,714,,,,,,,,0.077,,,0.77,,10,,,
715,715,,,,,,,,0.076,,,0.81,,10.6578947368421,,,
716,716,,,,,,,,0.084,,,0.873,,10.3928571428571,,,
717,717,,,,,,,,0.078,,,0.805,,10.3205128205128,,,
718,718,,,,,,,,0.081,,,0.861,,10.6296296296296,,,
719,719,,,,,,,,0.083,,,0.912,,10.9879518072289,,,
720,720,,,,,,,,0.078,,,0.833,,10.6794871794872,,,
721,721,,,,,,,,0.086,,,0.935,,10.8720930232558,,,
722,722,,,,,,,,0.085,,,0.861,,10.1294117647059,,,
723,723,,,,,,,,0.095,,,1.02,,10.7368421052632,,,
724,724,,,,,,,,0.083,,,0.847,,10.2048192771084,,,
725,725,,,,,,,,0.081,,,0.868,,10.716049382716,,,
726,726,,,,,,,,0.086,,,0.913,,10.6162790697674,,,
727,727,,,,,,,,0.088,,,0.95,,10.7954545454545,,,
728,728,,,,,,,,0.088,,,0.924,,10.5,,,
729,729,,,,,,,,0.089,,,0.925,,10.3932584269663,,,
730,730,,,,,,,,0.098,,,1,,10.2040816326531,,,
731,731,,,,,,,,0.096,,,1.03,,10.7291666666667,,,
732,732,,,,,,,,0.098,,,1.01,,10.3061224489796,,,
733,733,,,,,,,,0.1,,,1.02,,10.2,,,
734,734,,,,,,,,0.094,,,1.01,,10.7446808510638,,,
735,735,,,,,,,,0.091,,,0.988,,10.8571428571429,,,
736,736,,,,,,,,0.088,,,1,,11.3636363636364,,,
737,737,,,,,,,,0.097,,,1.06,,10.9278350515464,,,
738,738,,,,,,,,0.096,,,1.02,,10.625,,,
739,739,,,,,,,,0.098,,,1.02,,10.4081632653061,,,
740,740,,,,,,,,0.096,,,1.06,,11.0416666666667,,,
741,741,,,,,,,,0.101,,,1.13,,11.1881188118812,,,
742,742,,,,,,,,0.092,,,0.978,,10.6304347826087,,,
743,743,,,,,,,,0.103,,,1.16,,11.2621359223301,,,
744,744,,,,,,,,0.111,,,1.18,,10.6306306306306,,,
745,745,,,,,,,,0.101,,,1.08,,10.6930693069307,,,
746,746,,,,,,,,0.11,,,1.18,,10.7272727272727,,,
747,747,,,,,,,,0.11,,,1.26,,11.4545454545455,,,
748,748,,,,,,,,0.094,,,1.01,,10.7446808510638,,,
749,749,,,,,,,,0.116,,,1.21,,10.4310344827586,,,
750,750,,,,,,,,0.099,,,1.03,,10.4040404040404,,,
751,751,,,,,,,,0.113,,,1.14,,10.0884955752212,,,
752,752,,,,,,,,0.116,,,1.29,,11.1206896551724,,,
753,753,,,,,,,,0.123,,,1.37,,11.1382113821138,,,
754,754,,,,,,,,0.106,,,1.15,,10.8490566037736,,,
755,755,,,,,,,,0.116,,,1.27,,10.948275862069,,,
756,756,,,,,,,,0.112,,,1.19,,10.625,,,
757,757,,,,,,,,0.113,,,1.26,,11.1504424778761,,,
758,758,,,,,,,,0.107,,,1.18,,11.0280373831776,,,
759,759,,,,,,,,0.116,,,1.27,,10.948275862069,,,
760,760,,,,,,,,0.122,,,1.36,,11.1475409836066,,,
761,761,,,,,,,,0.114,,,1.19,,10.4385964912281,,,
762,762,,,,,,,,0.115,,,1.18,,10.2608695652174,,,
763,763,,,,,,,,0.116,,,1.32,,11.3793103448276,,,
764,764,,,,,,,,0.125,,,1.35,,10.8,,,
765,765,,,,,,,,0.124,,,1.29,,10.4032258064516,,,
766,766,,,,,,,,0.115,,,1.27,,11.0434782608696,,,
767,767,,,,,,,,0.117,,,1.28,,10.9401709401709,,,
768,768,,,,,,,,0.128,,,1.42,,11.09375,,,
769,769,,,,,,,,0.073,,,0.732,,10.027397260274,,,
770,770,,,,,,,,0.083,,,0.844,,10.1686746987952,,,
771,771,,,,,,,,0.075,,,0.789,,10.52,,,
772,772,,,,,,,,0.072,,,0.747,,10.375,,,
773,773,,,,,,,,0.073,,,0.755,,10.3424657534247,,,
774,774,,,,,,,,0.078,,,0.848,,10.8717948717949,,,
775,775,,,,,,,,0.08,,,0.839,,10.4875,,,
776,776,,,,,,,,0.075,,,0.797,,10.6266666666667,,,
777,777,,,,,,,,0.076,,,0.813,,10.6973684210526,,,
778,778,,,,,,,,0.085,,,0.887,,10.4352941176471,,,
779,779,,,,,,,,0.08,,,0.828,,10.35,,,
780,780,,,,,,,,0.082,,,0.836,,10.1951219512195,,,
781,781,,,,,,,,0.076,,,0.845,,11.1184210526316,,,
782,782,,,,,,,,0.086,,,0.996,,11.5813953488372,,,
783,783,,,,,,,,0.082,,,0.849,,10.3536585365854,,,
784,784,,,,,,,,0.075,,,0.835,,11.1333333333333,,,
785,785,,,,,,,,0.081,,,0.886,,10.9382716049383,,,
786,786,,,,,,,,0.082,,,0.91,,11.0975609756098,,,
787,787,,,,,,,,0.094,,,1.04,,11.063829787234,,,
788,788,,,,,,,,0.087,,,0.938,,10.7816091954023,,,
789,789,,,,,,,,0.091,,,0.984,,10.8131868131868,,,
790,790,,,,,,,,0.09,,,1.01,,11.2222222222222,,,
791,791,,,,,,,,0.09,,,0.997,,11.0777777777778,,,
792,792,,,,,,,,0.089,,,0.983,,11.0449438202247,,,
793,793,,,,,,,,0.094,,,0.943,,10.031914893617,,,
794,794,,,,,,,,0.088,,,0.95,,10.7954545454545,,,
795,795,,,,,,,,0.098,,,0.999,,10.1938775510204,,,
796,796,,,,,,,,0.092,,,0.992,,10.7826086956522,,,
797,797,,,,,,,,0.098,,,1.07,,10.9183673469388,,,
798,798,,,,,,,,0.097,,,1.06,,10.9278350515464,,,
799,799,,,,,,,,0.096,,,1.04,,10.8333333333333,,,
800,800,,,,,,,,0.092,,,1,,10.8695652173913,,,
801,801,,,,,,,,0.097,,,1.04,,10.7216494845361,,,
802,802,,,,,,,,0.098,,,1.02,,10.4081632653061,,,
803,803,,,,,,,,0.096,,,1.05,,10.9375,,,
804,804,,,,,,,,0.096,,,1.06,,11.0416666666667,,,
805,805,,,,,,,,0.101,,,1.13,,11.1881188118812,,,
806,806,,,,,,,,0.115,,,1.27,,11.0434782608696,,,
807,807,,,,,,,,0.112,,,1.18,,10.5357142857143,,,
808,808,,,,,,,,0.1,,,1.09,,10.9,,,
809,809,,,,,,,,0.109,,,1.25,,11.4678899082569,,,
810,810,,,,,,,,0.111,,,1.25,,11.2612612612613,,,
811,811,,,,,,,,0.106,,,1.11,,10.4716981132075,,,
812,812,,,,,,,,0.099,,,1.03,,10.4040404040404,,,
813,813,,,,,,,,0.106,,,1.15,,10.8490566037736,,,
814,814,,,,,,,,0.114,,,1.23,,10.7894736842105,,,
815,815,,,,,,,,0.102,,,1.1,,10.7843137254902,,,
816,816,,,,,,,,0.105,,,1.12,,10.6666666666667,,,
817,817,,,,,,,,0.117,,,1.26,,10.7692307692308,,,
818,818,,,,,,,,0.111,,,1.16,,10.4504504504505,,,
819,819,,,,,,,,0.108,,,1.17,,10.8333333333333,,,
820,820,,,,,,,,0.112,,,1.24,,11.0714285714286,,,
821,821,,,,,,,,0.116,,,1.25,,10.7758620689655,,,
822,822,,,,,,,,0.11,,,1.21,,11,,,
823,823,,,,,,,,0.114,,,1.27,,11.140350877193,,,
824,824,,,,,,,,0.11,,,1.25,,11.3636363636364,,,
825,825,,,,,,,,0.122,,,1.36,,11.1475409836066,,,
826,826,,,,,,,,0.112,,,1.23,,10.9821428571429,,,
827,827,,,,,,,,0.113,,,1.29,,11.4159292035398,,,
828,828,,,,,,,,0.11,,,1.24,,11.2727272727273,,,
829,829,,,,,,,,0.119,,,1.3,,10.9243697478992,,,
830,830,,,,,,,,0.125,,,1.42,,11.36,,,
831,831,,,,,,,,0.117,,,1.28,,10.9401709401709,,,
832,832,,,,,,,,0.118,,,1.27,,10.7627118644068,,,
833,833,,,,,,,,0.075,,,0.754,,10.0533333333333,,,
834,834,,,,,,,,0.086,,,0.854,,9.93023255813953,,,
835,835,,,,,,,,0.081,,,0.796,,9.82716049382716,,,
836,836,,,,,,,,0.08,,,0.762,,9.525,,,
837,837,,,,,,,,0.073,,,0.737,,10.0958904109589,,,
838,838,,,,,,,,0.088,,,0.889,,10.1022727272727,,,
839,839,,,,,,,,0.084,,,0.893,,10.6309523809524,,,
840,840,,,,,,,,0.082,,,0.781,,9.52439024390244,,,
841,841,,,,,,,,0.081,,,0.807,,9.96296296296296,,,
842,842,,,,,,,,0.082,,,0.886,,10.8048780487805,,,
843,843,,,,,,,,0.086,,,0.87,,10.1162790697674,,,
844,844,,,,,,,,0.086,,,0.773,,8.98837209302326,,,
845,845,,,,,,,,0.079,,,0.826,,10.4556962025316,,,
846,846,,,,,,,,0.092,,,0.967,,10.5108695652174,,,
847,847,,,,,,,,0.088,,,0.888,,10.0909090909091,,,
848,848,,,,,,,,0.084,,,0.835,,9.94047619047619,,,
849,849,,,,,,,,0.082,,,0.847,,10.3292682926829,,,
850,850,,,,,,,,0.085,,,0.896,,10.5411764705882,,,
851,851,,,,,,,,0.097,,,1.05,,10.8247422680412,,,
852,852,,,,,,,,0.088,,,0.892,,10.1363636363636,,,
853,853,,,,,,,,0.088,,,0.898,,10.2045454545455,,,
854,854,,,,,,,,0.091,,,0.951,,10.4505494505495,,,
855,855,,,,,,,,0.098,,,1.02,,10.4081632653061,,,
856,856,,,,,,,,0.091,,,0.925,,10.1648351648352,,,
857,857,,,,,,,,0.09,,,0.943,,10.4777777777778,,,
858,858,,,,,,,,0.092,,,0.973,,10.5760869565217,,,
859,859,,,,,,,,0.092,,,0.945,,10.2717391304348,,,
860,860,,,,,,,,0.093,,,0.99,,10.6451612903226,,,
861,861,,,,,,,,0.094,,,0.996,,10.5957446808511,,,
862,862,,,,,,,,0.1,,,1.05,,10.5,,,
863,863,,,,,,,,0.087,,,0.923,,10.6091954022989,,,
864,864,,,,,,,,0.096,,,1,,10.4166666666667,,,
865,865,,,,,,,,0.097,,,0.988,,10.1855670103093,,,
866,866,,,,,,,,0.1,,,1.01,,10.1,,,
867,867,,,,,,,,0.098,,,1.08,,11.0204081632653,,,
868,868,,,,,,,,0.099,,,1.01,,10.2020202020202,,,
869,869,,,,,,,,0.104,,,1.1,,10.5769230769231,,,
870,870,,,,,,,,0.107,,,1.16,,10.8411214953271,,,
871,871,,,,,,,,0.106,,,1.03,,9.71698113207547,,,
872,872,,,,,,,,0.1,,,1.06,,10.6,,,
873,873,,,,,,,,0.105,,,1.09,,10.3809523809524,,,
874,874,,,,,,,,0.114,,,1.2,,10.5263157894737,,,
875,875,,,,,,,,0.105,,,1.1,,10.4761904761905,,,
876,876,,,,,,,,0.1,,,1.03,,10.3,,,
877,877,,,,,,,,0.115,,,1.21,,10.5217391304348,,,
878,878,,,,,,,,0.12,,,1.25,,10.4166666666667,,,
879,879,,,,,,,,0.11,,,1.17,,10.6363636363636,,,
880,880,,,,,,,,0.103,,,1.06,,10.2912621359223,,,
881,881,,,,,,,,0.11,,,1.17,,10.6363636363636,,,
882,882,,,,,,,,0.111,,,1.21,,10.9009009009009,,,
883,883,,,,,,,,0.109,,,1.17,,10.7339449541284,,,
884,884,,,,,,,,0.114,,,1.17,,10.2631578947368,,,
885,885,,,,,,,,0.117,,,1.22,,10.4273504273504,,,
886,886,,,,,,,,0.112,,,1.14,,10.1785714285714,,,
887,887,,,,,,,,0.122,,,1.29,,10.5737704918033,,,
888,888,,,,,,,,0.11,,,1.17,,10.6363636363636,,,
889,889,,,,,,,,0.131,,,1.41,,10.763358778626,,,
890,890,,,,,,,,0.116,,,1.26,,10.8620689655172,,,
891,891,,,,,,,,0.109,,,1.2,,11.0091743119266,,,
892,892,,,,,,,,0.111,,,1.17,,10.5405405405405,,,
893,893,,,,,,,,0.132,,,1.41,,10.6818181818182,,,
894,894,,,,,,,,0.128,,,1.43,,11.171875,,,
895,895,,,,,,,,0.109,,,1.2,,11.0091743119266,,,
896,896,,,,,,,,0.117,,,1.23,,10.5128205128205,,,
897,897,,,,,,,,0.068,,,0.76,,11.1764705882353,,,
898,898,,,,,,,,0.075,,,0.866,,11.5466666666667,,,
899,899,,,,,,,,0.082,,,0.857,,10.4512195121951,,,
900,900,,,,,,,,0.073,,,0.818,,11.2054794520548,,,
901,901,,,,,,,,0.069,,,0.802,,11.6231884057971,,,
902,902,,,,,,,,0.077,,,0.915,,11.8831168831169,,,
903,903,,,,,,,,0.071,,,0.897,,12.6338028169014,,,
904,904,,,,,,,,0.08,,,0.837,,10.4625,,,
905,905,,,,,,,,0.077,,,0.858,,11.1428571428571,,,
906,906,,,,,,,,0.077,,,0.934,,12.1298701298701,,,
907,907,,,,,,,,0.087,,,0.923,,10.6091954022989,,,
908,908,,,,,,,,0.079,,,0.88,,11.1392405063291,,,
909,909,,,,,,,,0.074,,,0.875,,11.8243243243243,,,
910,910,,,,,,,,0.098,,,1.09,,11.1224489795918,,,
911,911,,,,,,,,0.095,,,0.966,,10.1684210526316,,,
912,912,,,,,,,,0.079,,,0.88,,11.1392405063291,,,
913,913,,,,,,,,0.078,,,0.918,,11.7692307692308,,,
914,914,,,,,,,,0.085,,,1.05,,12.3529411764706,,,
915,915,,,,,,,,0.099,,,1.07,,10.8080808080808,,,
916,916,,,,,,,,0.086,,,0.996,,11.5813953488372,,,
917,917,,,,,,,,0.089,,,0.99,,11.123595505618,,,
918,918,,,,,,,,0.082,,,1.01,,12.3170731707317,,,
919,919,,,,,,,,0.09,,,1.06,,11.7777777777778,,,
920,920,,,,,,,,0.086,,,0.966,,11.2325581395349,,,
921,921,,,,,,,,0.099,,,1.1,,11.1111111111111,,,
922,922,,,,,,,,0.093,,,1.08,,11.6129032258065,,,
923,923,,,,,,,,0.099,,,1.07,,10.8080808080808,,,
924,924,,,,,,,,0.097,,,1.1,,11.340206185567,,,
925,925,,,,,,,,0.094,,,1.12,,11.9148936170213,,,
926,926,,,,,,,,0.092,,,1.06,,11.5217391304348,,,
927,927,,,,,,,,0.113,,,1.2,,10.6194690265487,,,
928,928,,,,,,,,0.099,,,1.17,,11.8181818181818,,,
929,929,,,,,,,,0.096,,,1.21,,12.6041666666667,,,
930,930,,,,,,,,0.101,,,1.2,,11.8811881188119,,,
931,931,,,,,,,,0.097,,,1.14,,11.7525773195876,,,
932,932,,,,,,,,0.108,,,1.12,,10.3703703703704,,,
933,933,,,,,,,,0.096,,,1.18,,12.2916666666667,,,
934,934,,,,,,,,0.114,,,1.33,,11.6666666666667,,,
935,935,,,,,,,,0.102,,,1.23,,12.0588235294118,,,
936,936,,,,,,,,0.106,,,1.18,,11.1320754716981,,,
937,937,,,,,,,,0.111,,,1.36,,12.2522522522523,,,
938,938,,,,,,,,0.106,,,1.25,,11.7924528301887,,,
939,939,,,,,,,,0.099,,,1.23,,12.4242424242424,,,
940,940,,,,,,,,0.104,,,1.25,,12.0192307692308,,,
941,941,,,,,,,,0.126,,,1.36,,10.7936507936508,,,
942,942,,,,,,,,0.123,,,1.46,,11.869918699187,,,
943,943,,,,,,,,0.114,,,1.38,,12.1052631578947,,,
944,944,,,,,,,,0.11,,,1.2,,10.9090909090909,,,
945,945,,,,,,,,0.119,,,1.43,,12.0168067226891,,,
946,946,,,,,,,,0.121,,,1.51,,12.4793388429752,,,
947,947,,,,,,,,0.107,,,1.31,,12.2429906542056,,,
948,948,,,,,,,,0.127,,,1.38,,10.8661417322835,,,
949,949,,,,,,,,0.125,,,1.56,,12.48,,,
950,950,,,,,,,,0.11,,,1.3,,11.8181818181818,,,
951,951,,,,,,,,0.118,,,1.35,,11.4406779661017,,,
952,952,,,,,,,,0.117,,,1.31,,11.1965811965812,,,
953,953,,,,,,,,0.123,,,1.51,,12.2764227642276,,,
954,954,,,,,,,,0.115,,,1.41,,12.2608695652174,,,
955,955,,,,,,,,0.132,,,1.53,,11.5909090909091,,,
956,956,,,,,,,,0.125,,,1.4,,11.2,,,
957,957,,,,,,,,0.123,,,1.45,,11.7886178861789,,,
958,958,,,,,,,,0.125,,,1.53,,12.24,,,
959,959,,,,,,,,0.107,,,1.29,,12.0560747663551,,,
960,960,,,,,,,,0.125,,,1.45,,11.6,,,
961,961,,,,,,,,0.064,,,0.87,,13.59375,,,
962,962,,,,,,,,0.078,,,1.02,,13.0769230769231,,,
963,963,,,,,,,,0.07,,,0.86,,12.2857142857143,,,
964,964,,,,,,,,0.067,,,0.85,,12.6865671641791,,,
965,965,,,,,,,,0.067,,,0.81,,12.089552238806,,,
966,966,,,,,,,,0.081,,,0.98,,12.0987654320988,,,
967,967,,,,,,,,0.082,,,1.02,,12.4390243902439,,,
968,968,,,,,,,,0.069,,,0.86,,12.463768115942,,,
969,969,,,,,,,,0.071,,,0.9,,12.6760563380282,,,
970,970,,,,,,,,0.084,,,1.05,,12.5,,,
971,971,,,,,,,,0.073,,,0.93,,12.7397260273973,,,
972,972,,,,,,,,0.074,,,0.93,,12.5675675675676,,,
973,973,,,,,,,,0.071,,,0.87,,12.2535211267606,,,
974,974,,,,,,,,0.087,,,1.11,,12.7586206896552,,,
975,975,,,,,,,,0.082,,,0.96,,11.7073170731707,,,
976,976,,,,,,,,0.075,,,0.94,,12.5333333333333,,,
977,977,,,,,,,,0.076,,,0.95,,12.5,,,
978,978,,,,,,,,0.081,,,0.97,,11.9753086419753,,,
979,979,,,,,,,,0.096,,,1.22,,12.7083333333333,,,
980,980,,,,,,,,0.082,,,1,,12.1951219512195,,,
981,981,,,,,,,,0.083,,,1.04,,12.5301204819277,,,
982,982,,,,,,,,0.084,,,1.02,,12.1428571428571,,,
983,983,,,,,,,,0.089,,,1.12,,12.5842696629214,,,
984,984,,,,,,,,0.086,,,1.03,,11.9767441860465,,,
985,985,,,,,,,,0.099,,,1.18,,11.9191919191919,,,
986,986,,,,,,,,0.091,,,1.17,,12.8571428571429,,,
987,987,,,,,,,,0.087,,,1.1,,12.6436781609195,,,
988,988,,,,,,,,0.083,,,1.1,,13.2530120481928,,,
989,989,,,,,,,,0.091,,,1.12,,12.3076923076923,,,
990,990,,,,,,,,0.098,,,1.18,,12.0408163265306,,,
991,991,,,,,,,,0.088,,,1.1,,12.5,,,
992,992,,,,,,,,0.091,,,1.18,,12.967032967033,,,
993,993,,,,,,,,0.096,,,1.2,,12.5,,,
994,994,,,,,,,,0.095,,,1.16,,12.2105263157895,,,
995,995,,,,,,,,0.093,,,1.19,,12.7956989247312,,,
996,996,,,,,,,,0.092,,,1.16,,12.6086956521739,,,
997,997,,,,,,,,0.104,,,1.31,,12.5961538461538,,,
998,998,,,,,,,,0.102,,,1.31,,12.843137254902,,,
999,999,,,,,,,,0.102,,,1.31,,12.843137254902,,,
1000,1000,,,,,,,,0.094,,,1.18,,12.5531914893617,,,
1001,1001,,,,,,,,0.107,,,1.35,,12.6168224299065,,,
1002,1002,,,,,,,,0.106,,,1.35,,12.7358490566038,,,
1003,1003,,,,,,,,0.101,,,1.36,,13.4653465346535,,,
1004,1004,,,,,,,,0.096,,,1.17,,12.1875,,,
1005,1005,,,,,,,,0.103,,,1.29,,12.5242718446602,,,
1006,1006,,,,,,,,0.097,,,1.25,,12.8865979381443,,,
1007,1007,,,,,,,,0.1,,,1.28,,12.8,,,
1008,1008,,,,,,,,0.096,,,1.22,,12.7083333333333,,,
1009,1009,,,,,,,,0.119,,,1.48,,12.436974789916,,,
1010,1010,,,,,,,,0.109,,,1.34,,12.2935779816514,,,
1011,1011,,,,,,,,0.097,,,1.32,,13.6082474226804,,,
1012,1012,,,,,,,,0.117,,,1.52,,12.991452991453,,,
1013,1013,,,,,,,,0.119,,,1.49,,12.5210084033613,,,
1014,1014,,,,,,,,0.105,,,1.31,,12.4761904761905,,,
1015,1015,,,,,,,,0.111,,,1.43,,12.8828828828829,,,
1016,1016,,,,,,,,0.116,,,1.46,,12.5862068965517,,,
1017,1017,,,,,,,,0.128,,,1.56,,12.1875,,,
1018,1018,,,,,,,,0.111,,,1.41,,12.7027027027027,,,
1019,1019,,,,,,,,0.117,,,1.5,,12.8205128205128,,,
1020,1020,,,,,,,,0.111,,,1.41,,12.7027027027027,,,
1021,1021,,,,,,,,0.11,,,1.36,,12.3636363636364,,,
1022,1022,,,,,,,,0.114,,,1.54,,13.5087719298246,,,
1023,1023,,,,,,,,0.108,,,1.38,,12.7777777777778,,,
1024,1024,,,,,,,,0.123,,,1.52,,12.3577235772358,,,
1025,1025,,,,,,,,0.077786,,,0.808,,10.3874733242486,,,
1026,1026,,,,,,,,0.083482,,,1.079,,12.9249419036439,,,
1027,1027,,,,,,,,0.071289,,,0.85,,11.9232981245353,,,
1028,1028,,,,,,,,0.078676,,,0.984,,12.5069906960191,,,
1029,1029,,,,,,,,0.078943,,,0.87,,11.020609807076,,,
1030,1030,,,,,,,,0.08099,,,0.996,,12.2978145450056,,,
1031,1031,,,,,,,,0.082948,,,1.02,,12.2968606838019,,,
1032,1032,,,,,,,,0.072891,,,0.869,,11.9219107983153,,,
1033,1033,,,,,,,,0.077608,,,0.863,,11.1199876301412,,,
1034,1034,,,,,,,,0.082503,,,0.997,,12.0844090517921,,,
1035,1035,,,,,,,,0.078142,,,0.936,,11.9781935450846,,,
1036,1036,,,,,,,,0.07209,,,0.901,,12.4982660563185,,,
1037,1037,,,,,,,,0.075116,,,0.92,,12.2477235209543,,,
1038,1038,,,,,,,,0.10502,,,1.037,,9.87430965530375,,,
1039,1039,,,,,,,,0.075828,,,0.899,,11.8557788679643,,,
1040,1040,,,,,,,,0.073781,,,0.888,,12.0356189262818,,,
1041,1041,,,,,,,,0.079655,,,0.989,,12.4160441905718,,,
1042,1042,,,,,,,,0.085529,,,1.019,,11.9140876194039,,,
1043,1043,,,,,,,,0.096387,,,1.156,,11.9933186010562,,,
1044,1044,,,,,,,,0.081346,,,1.1011,,13.5360066874831,,,
1045,1045,,,,,,,,0.085885,,,1.051,,12.2372940560051,,,
1046,1046,,,,,,,,0.088377,,,1.073,,12.1411679509375,,,
1047,1047,,,,,,,,0.09256,,,1.143,,12.3487467588591,,,
1048,1048,,,,,,,,0.084461,,,1.009,,11.9463420987201,,,
1049,1049,,,,,,,,0.092382,,,1.152,,12.4699616808469,,,
1050,1050,,,,,,,,0.096476,,,1.165,,12.0755421037356,,,
1051,1051,,,,,,,,0.098523,,,1.194,,12.1189975944703,,,
1052,1052,,,,,,,,0.079477,,,0.994,,12.5067629628698,,,
1053,1053,,,,,,,,0.097277,,,1.185,,12.1817079062882,,,
1054,1054,,,,,,,,0.100125,,,1.239,,12.374531835206,,,
1055,1055,,,,,,,,0.090246,,,1.079,,11.9562085854221,,,
1056,1056,,,,,,,,0.094963,,,1.161,,12.225814264503,,,
1057,1057,,,,,,,,0.100125,,,1.215,,12.1348314606742,,,
1058,1058,,,,,,,,0.111784,,,1.379,,12.3362914191655,,,
1059,1059,,,,,,,,0.102528,,,1.276,,12.4453807740325,,,
1060,1060,,,,,,,,0.093183,,,1.152,,12.3627700331606,,,
1061,1061,,,,,,,,0.096387,,,1.154,,11.9725689148952,,,
1062,1062,,,,,,,,0.113742,,,1.404,,12.3437252729862,,,
1063,1063,,,,,,,,0.103507,,,1.264,,12.2117344720647,,,
1064,1064,,,,,,,,0.089623,,,1.112,,12.4075293172512,,,
1065,1065,,,,,,,,0.110894,,,1.371,,12.3631576099699,,,
1066,1066,,,,,,,,0.112229,,,1.382,,12.3141077618084,,,
1067,1067,,,,,,,,0.105109,,,1.249,,11.882902510727,,,
1068,1068,,,,,,,,0.093539,,,1.177,,12.5829867755695,,,
1069,1069,,,,,,,,0.110627,,,1.333,,12.0494996700625,,,
1070,1070,,,,,,,,0.105287,,,1.263,,11.9957829551607,,,
1071,1071,,,,,,,,0.098701,,,1.185,,12.00595738645,,,
1072,1072,,,,,,,,0.116412,,,1.475,,12.6705150671752,,,
1073,1073,,,,,,,,0.116234,,,1.431,,12.3113718877437,,,
1074,1074,,,,,,,,0.112051,,,1.383,,12.3425939973762,,,
1075,1075,,,,,,,,0.103151,,,1.263,,12.2441857083305,,,
1076,1076,,,,,,,,0.107334,,,1.349,,12.5682449177334,,,
1077,1077,,,,,,,,0.120239,,,1.483,,12.333768577583,,,
1078,1078,,,,,,,,0.10146,,,1.25,,12.3201261580919,,,
1079,1079,,,,,,,,0.111339,,,1.372,,12.3227260887919,,,
1080,1080,,,,,,,,0.113564,,,1.406,,12.3806840195837,,,
1081,1081,,,,,,,,0.12549,,,1.545,,12.3117379870906,,,
1082,1082,,,,,,,,0.117658,,,1.425,,12.1113736422513,,,
1083,1083,,,,,,,,0.108669,,,1.316,,12.1101694135402,,,
1084,1084,,,,,,,,0.122197,,,1.551,,12.6926192950727,,,
1085,1085,,,,,,,,0.118459,,,1.4745,,12.4473446508919,,,
1086,1086,,,,,,,,0.122998,,,1.49,,12.1140181141157,,,
1087,1087,,,,,,,,0.11125,,,1.352,,12.152808988764,,,
1088,1088,,,,,,,,0.108491,,,1.336,,12.3143855250666,,,
1089,1089,1.68,36.54,12,0.18,57.2,14.3,71.5,0.0646,,,0.787,,12.1826625386997,,,
1090,1090,1.58,40.27,15,0.25,72.4,14.2,86.6,0.08265,,173.2,0.9017,,10.9098608590442,,,
1091,1091,1.66,37.43,11,0.47,40.6,1.9,42.5,0.0751925,,195.94,0.84275,,11.2078997240416,,,
1092,1092,1.49,43.61,18.62,0.44,,,,0.067735,,202,0.79065,,11.6726950616373,,,
1093,1093,1.68,36.61,13.6,0.33,57,6.6,63.6,0.06555,,,0.80895,,12.3409610983982,,,
1094,1094,1.68,36.71,10.1,1.21,61.5,6.9,68.4,0.081795,,252.95,0.9351,,11.4322391344214,,,
1095,1095,1.7,35.9,12.43,0.24,50.8,14.8,65.6,0.0832675,,221.99,0.9526,,11.4402377878524,,,
1096,1096,1.55,41.63,16.5,0.58,,,,0.07353,,216.01,0.8429,,11.4633482932137,,,
1097,1097,1.69,36.42,13.2,0.22,45.2,14.4,59.6,0.0684,,,0.8039,,11.7529239766082,,,
1098,1098,1.56,41.29,15.2,0.1,67.9,4.5,72.4,0.080465,,240.52,0.9356,,11.6274156465544,,,
1099,1099,1.54,42.07,12.25,0.04,45.3,3.2,48.5,0.0743375,,193.03,0.83455,,11.226500756684,,,
1100,1100,1.63,38.41,11.87,0.05,,,,0.070965,,213.83,0.85305,,12.0207144366941,,,
1101,1101,1.68,36.55,10.7,0.92,51.2,3,54.2,0.06935,,,0.83925,,12.1016582552271,,,
1102,1102,1.72,35.05,7.8,0.43,83.5,17.4,100.9,0.08949,,214.02,1.00655,,11.2476254330093,,,
1103,1103,1.59,39.84,12.6,0.22,73.4,1.3,74.7,0.0805125,,187.04,0.90195,,11.2026082906381,,,
1104,1104,1.61,39.19,13.4,0.13,,,,0.0779,,216.12,0.87965,,11.2920410783055,,,
1105,1105,1.66,37.35,14.9,0.43,69.1,19.8,88.9,0.07505,,,0.8896,,11.8534310459694,,,
1106,1106,1.61,39.26,13.5,0.21,83.2,15.6,98.8,0.0825075,,199.63,0.962,,11.6595461018695,,,
1107,1107,1.59,40.01,13.3,0.19,65.8,12.3,78.1,0.096045,,242.27,1.1257,,11.7205476599511,,,
1108,1108,1.59,40.08,13.7,0.06,,,,0.083885,,231.92,0.95885,,11.4305298921142,,,
1109,1109,1.67,37.01,12.6,0.18,87.4,4.6,92,0.0798,,,0.99105,,12.4191729323308,,,
1110,1110,1.53,42.42,17.2,0.3,80.2,9.2,89.4,0.084455,,172.83,0.94775,,11.221952519093,,,
1111,1111,1.35,48.98,23.36,0.93,64.9,5.9,70.8,0.0926725,,242.49,1.05355,,11.3685289595079,,,
1112,1112,1.52,42.63,16.95,0.51,,,,0.08075,,218.11,0.91185,,11.2922600619195,,,
1113,1113,1.69,36.12,11.2,0.06,93.8,5.1,98.9,0.08645,,,1.028,,11.8912666281087,,,
1114,1114,1.44,45.75,20.61,0.65,90.8,5.8,96.6,0.0904875,,207.52,1.04315,,11.5281116176267,,,
1115,1115,1.53,42.43,16.3,0.32,70.7,6.1,76.8,0.0949525,,242.26,1.06425,,11.2082356967958,,,
1116,1116,1.54,42.07,16,0.25,,,,0.0881125,,196.84,1.03085,,11.6992481203008,,,
1117,1117,1.48,44.01,19.4,0.89,104.6,1.2,105.8,0.0931,,,1.1151,,11.9774436090226,,,
1118,1118,1.55,41.51,14.4,0.5,112.5,12.4,124.9,0.0965675,,172.88,1.10485,,11.4412198721102,,,
1119,1119,1.55,41.43,13.9,0.29,78.5,2.6,81.1,0.09443,,216.96,1.0394,,11.0070952027957,,,
1120,1120,1.56,41.23,15.4,0.37,,,,0.09101,,226.62,1.0554,,11.596527854082,,,
1121,1121,1.57,40.8,15.7,0.51,96.1,11.8,107.9,0.096425,,,1.1756,,12.1918589577392,,,
1122,1122,1.56,41.29,13.8,0.21,67,11.3,78.3,0.10108,,255.26,1.1557,,11.4335180055402,,,
1123,1123,1.39,47.66,22.5,0.67,67.2,16.4,83.6,0.0984675,,235.84,1.1226,,11.4007159722751,,,
1124,1124,1.43,46.02,18.7,0.26,,,,0.09823,,251.47,1.11035,,11.3035732464624,,,
1125,1125,1.55,41.54,14.7,0.4,103.3,9.2,112.5,0.10583,,,1.26975,,11.9980156855334,,,
1126,1126,1.49,43.61,16.2,0.45,92.4,4.3,96.7,0.11419,,219.09,1.2848,,11.2514230668185,,,
1127,1127,1.63,38.47,10.8,0.14,76.6,9,85.6,0.10716,,225.9,1.25145,,11.6783314669653,,,
1128,1128,1.4,47.13,20.9,1.72,,,,0.1004625,,246.33,1.15165,,11.4634813985318,,,
1129,1129,1.51,42.84,17,1.31,113.5,16.3,129.8,0.110485,,,1.1962,,10.8268090691044,,,
1130,1130,1.23,53.68,31,0.81,99.4,6.4,105.8,0.1081575,,238.7,1.25445,,11.598363497677,,,
1131,1131,1.57,40.67,12.35,0.21,73.7,7.8,81.5,0.1052125,,231.74,1.21705,,11.5675418795295,,,
1132,1132,1.28,51.75,23,1.1,,,,0.097565,,219.87,1.12645,,11.545636242505,,,
1133,1133,1.42,46.34,18.3,0.53,117.8,6.3,124.1,0.10754,,,1.22685,,11.4083131857913,,,
1134,1134,1.6,39.49,11.6,0.16,117,9.3,126.3,0.11191,,219.54,1.2817,,11.4529532660173,,,
1135,1135,1.53,42.24,15.18,0.22,76,12.8,88.8,0.1110075,,251.37,1.2713,,11.452379343738,,,
1136,1136,1.37,48.13,21.6,0.57,,,,0.1040725,,270.98,1.22035,,11.7259602680823,,,
1137,1137,1.45,45.18,16.8,1.06,94,32.5,126.5,0.11286,,,1.3123,,11.6276803118908,,,
1138,1138,1.28,51.81,20.7,1.49,86.7,11.9,98.6,0.1109125,,261.22,1.27075,,11.4572297982644,,,
1139,1139,1.44,45.59,20.54,0.61,68,13.5,81.5,0.10887,,257.93,1.2616,,11.5881326352531,,,
1140,1140,1.61,39.34,12.3,0.2,,,,0.1178475,,249.45,1.3469,,11.4291775387683,,,
1141,1141,1.31,50.6,23.2,0.47,109.4,2.8,112.2,0.121695,,,1.42605,,11.7182300012326,,,
1142,1142,1.56,41.2,14.5,0.62,98.1,37.1,135.2,0.1122425,,276.66,1.17665,,10.4831057754416,,,
1143,1143,1.66,37.47,12.12,0.1,79,8.2,87.2,0.1179425,,284.45,1.35755,,11.5102698348772,,,
1144,1144,1.38,47.88,21.4,1.12,,,,0.1167075,,253.89,1.38815,,11.8942655784761,,,
1145,1145,1.55,41.47,13.3,0.23,109.7,1.3,111,0.127585,,,1.47895,,11.5918799231885,,,
1146,1146,1.38,48.07,21.9,0.95,108,16.1,124.1,0.1142375,,283.2,1.32135,,11.5666921982711,,,
1147,1147,1.65,37.79,8.9,0.12,85.2,5.9,91.1,0.111625,,265.66,1.27355,,11.4091825307951,,,
1148,1148,1.56,41.2,13.4,0.21,,,,0.1116725,,259.84,1.316,,11.7844590207974,,,
1149,1149,1.42,46.32,22.1,0.29,108.5,5.4,113.9,0.12331,,,1.4113,,11.4451382694023,,,
1150,1150,1.18,55.41,25.2,1.63,111.4,8.6,120,0.1257325,,243.3,1.447,,11.5085598393415,,,
1151,1151,1.59,40.13,14.76,0.36,82.5,7.2,89.7,0.114855,,228.3,1.3274,,11.557180793174,,,
1152,1152,1.5,43.26,15.8,0.66,,,,0.11818,,268.58,1.38735,,11.7392959891691,,,
1153,1153,,,,,54,5.4,59.4,0.07268,2.82,173.58,0.808,21.84,11.1172261970281,6.9,14.22,23.67
1154,1154,,,,,50.9,6.4,57.3,0.07268,2.62,171.8,0.811,21,11.1585030269675,6.6,20.83,25.18
1155,1155,,,,,62.2,0,62.2,0.06624,2.35,158.27,0.786,19.94,11.8659420289855,6.6,16.91,14.46
1156,1156,,,,,44.2,5,49.2,0.07176,2.66,199.12,0.821,23.86,11.4409141583055,6.6,15.4,13.93
1157,1157,,,,,49.4,0,49.4,0.06808,2.31,151.54,0.787,20.13,11.5599294947121,6.8,18.3,28.3
1158,1158,,,,,52.9,0.5,53.4,0.08004,3.05,179.82,0.92,23.77,11.4942528735632,6.8,19.52,20.81
1159,1159,,,,,61.6,0,61.6,0.08556,3.48,159.53,0.641,27,7.49181860682562,6.8,18.28,22.73
1160,1160,,,,,51.5,2.1,53.6,0.069,2.66,175.76,0.771,19.32,11.1739130434783,6.8,15.1,19.32
1161,1161,,,,,51.5,0,51.5,0.07084,2.49,163.04,0.826,21.46,11.6600790513834,6.7,16.19,20.06
1162,1162,,,,,70.3,6.5,76.8,0.0874,2.87,148.19,0.968,27.19,11.0755148741419,6.7,18.17,19.86
1163,1163,,,,,58,0.1,58.1,0.08096,3.01,200.94,0.877,25.66,10.8325098814229,6.5,13.88,8.94
1164,1164,,,,,58.7,15.6,74.3,0.09936,3.81,169.29,1.145,32.61,11.5237520128824,6.8,14.6,17.34
1165,1165,,,,,64.5,0,64.5,0.06992,3.01,156.54,0.81,21.47,11.5846681922197,6.7,14.49,25.18
1166,1166,,,,,71.6,3,74.6,0.09476,3.7,220.41,1.052,27.46,11.101730688054,6.6,18.46,18.66
1167,1167,,,,,61.1,0.5,61.6,0.08188,3.44,171.8,0.955,22.97,11.6634098680997,6.8,15.46,19.2
1168,1168,,,,,57.1,0.4,57.5,0.07544,3.18,148.53,0.879,23.39,11.6516436903499,6.6,14.2,18.11
1169,1169,,,,,61.1,0,61.1,0.08188,2.76,160.22,0.989,26.87,12.0786516853933,6.7,22.17,31.28
1170,1170,,,,,65.6,0,65.6,0.07912,2.64,205.34,0.913,25.66,11.5394337714864,6.6,24.29,22.46
1171,1171,,,,,62.8,1,63.8,0.08188,3.7,222.26,0.953,25.75,11.6389838788471,6.9,26.08,30.76
1172,1172,,,,,85.7,19.2,104.9,0.08372,3.89,238.59,0.963,29.74,11.5026278069756,6.8,20.42,28.59
1173,1173,,,,,70.3,0,70.3,0.07912,2.86,216.61,0.944,27.25,11.9312436804853,6.8,21.47,32.09
1174,1174,,,,,73.7,4.1,77.8,0.08832,2.98,201.24,1.04,29.65,11.7753623188406,6.8,25.52,27.55
1175,1175,,,,,72.5,0,72.5,0.09844,3.79,209.31,1.123,32.99,11.407964242178,6.7,22.89,21.17
1176,1176,,,,,86,5.4,91.4,0.092,3.81,156.74,1.134,29.74,12.3260869565217,6.7,19.25,20.7
1177,1177,,,,,56.5,0,56.5,0.08188,3.31,234.61,0.966,28.48,11.7977528089888,6.8,23.43,27.74
1178,1178,,,,,85.3,0,85.3,0.09108,3.31,151.98,1.048,30.25,11.5063680281072,6.7,25.47,25.69
1179,1179,,,,,74.2,0.5,74.7,0.0828,3.59,173.99,0.967,26.31,11.6787439613527,6.7,22.32,20.02
1180,1180,,,,,105.4,6.4,111.8,0.0966,4.38,222.69,1.091,33.51,11.2939958592132,6.8,19.35,23.79
1181,1181,,,,,77.9,0,77.9,0.092,4.29,179.19,1.128,31.23,12.2608695652174,6.8,22.11,31.66
1182,1182,,,,,76.8,2.1,78.9,0.09936,4.06,200.17,1.132,33.01,11.3929146537842,6.6,22.72,24.66
1183,1183,,,,,71.2,0.4,71.6,0.08648,3.71,212.68,1.002,29.3,11.586493987049,6.7,18.51,25.29
1184,1184,,,,,109.3,5.9,115.2,0.0782,3.12,163.21,0.905,26.73,11.5728900255754,6.7,20.14,24.77
1185,1185,,,,,77.5,0,77.5,0.09384,3.61,238.25,1.128,32.81,12.0204603580563,6.7,29.91,36.8
1186,1186,,,,,107.5,13.6,121.1,0.09384,4.1,207.39,1.065,36.43,11.349104859335,6.7,28.21,37.69
1187,1187,,,,,91.9,3.6,95.5,0.09752,5.46,211.53,1.125,38.18,11.5360951599672,6.9,28.23,37.71
1188,1188,,,,,118.3,7.5,125.8,0.09936,4.65,233.47,1.2,38.58,12.0772946859903,6.7,26.15,27.19
1189,1189,,,,,70.8,0,70.8,0.09108,3.59,278.13,1.059,32.53,11.6271409749671,6.7,29,35.39
1190,1190,,,,,120.9,9,129.9,0.10764,4.78,181.43,1.208,41.65,11.2225938312895,6.6,29.64,28.35
1191,1191,,,,,77.5,1.3,78.8,0.12236,4.87,216.25,1.396,44.56,11.4089571755476,6.8,31.64,34.9
1192,1192,,,,,129.3,4.5,133.8,0.0966,4.63,210.43,1.145,34.95,11.8530020703934,6.7,23.44,22.04
1193,1193,,,,,103.4,0,103.4,0.11776,5.34,226.27,1.397,42.62,11.8631114130435,6.6,30.53,25.67
1194,1194,,,,,135.3,7,142.3,0.10304,4.78,204.28,1.175,38.76,11.4033385093168,6.7,27.87,33.95
1195,1195,,,,,109.7,3.5,113.2,0.12328,4.84,251.87,1.382,42.56,11.210253082414,6.8,30.3,28.88
1196,1196,,,,,122.2,21.2,143.4,0.09752,4.57,235.31,1.103,34.43,11.3105004101723,6.6,23.99,20.88
1197,1197,,,,,145.2,9,154.2,0.10304,5.72,185.65,1.215,45.55,11.7915372670807,6.7,27.46,30.63
1198,1198,,,,,125.4,2.5,127.9,0.11132,5.59,244.57,1.259,44.86,11.3097376931369,6.5,26.02,22.68
1199,1199,,,,,142.1,2.5,144.6,0.1104,4.63,193.07,1.263,42.02,11.4402173913043,6.7,25.86,31.61
1200,1200,,,,,149.5,1.3,150.8,0.10028,4.74,196.36,1.146,34.65,11.4280015955325,6.7,22.96,30.25
1201,1201,,,,,133.3,0,133.3,0.10672,5.69,260.82,1.224,48.05,11.4692653673163,6.8,36.3,42.44
1202,1202,,,,,110.1,7.7,117.8,0.11132,4.98,230.6,1.247,43.78,11.201940352138,6.6,31.91,32.36
1203,1203,,,,,134.2,0,134.2,0.115,5.56,243.72,1.266,45.27,11.0086956521739,6.7,29.06,29.4
1204,1204,,,,,183.7,11.1,194.8,0.10856,5.63,263.46,1.291,47.96,11.8920412675018,6.7,36.71,33.1
1205,1205,,,,,106.1,0,106.1,0.115,5.37,223.37,1.329,44.14,11.5565217391304,6.8,37.05,42.6
1206,1206,,,,,118.1,3.5,121.6,0.11408,5.39,231,1.322,44.84,11.5883590462833,6.7,29.76,37.56
1207,1207,,,,,113.7,1.8,115.5,0.11408,5.23,304.6,1.313,42.38,11.5094670406732,6.8,29.97,39.52
1208,1208,,,,,168.7,16.2,184.9,0.12328,5.94,249.96,1.468,45.99,11.9078520441272,6.9,40.18,38.84
1209,1209,,,,,144.4,0,144.4,0.13248,6.19,185.29,1.527,48.7,11.526268115942,6.8,38.07,41.83
1210,1210,,,,,125.7,3.4,129.1,0.12696,5.82,218.01,1.442,44.89,11.3579080025205,6.6,31,29.06
1211,1211,,,,,140.3,0,140.3,0.11592,6.23,209.58,1.377,45.74,11.8788819875776,6.9,28.1,34.04
1212,1212,,,,,124.3,10.1,134.4,0.11316,6.14,199.34,1.349,47.08,11.9211735595617,6.8,34.93,35.44
1213,1213,,,,,172.9,0,172.9,0.11132,5.6,256.35,1.292,43.01,11.6061803808839,6.6,28.79,35.19
1214,1214,,,,,138.5,2.1,140.6,0.115,5.37,190.07,1.322,41.93,11.495652173913,6.7,34.43,34.01
1215,1215,,,,,114.5,3.8,118.3,0.13248,6.82,208.95,1.538,48.55,11.6092995169082,6.8,29.31,32.31
1216,1216,,,,,135.6,6.5,142.1,0.11868,5.57,241.52,1.37,38.32,11.5436467812605,6.7,33.45,33.75
1217,1217,,,,,38,0,38,0.062211,,,0.79325,,12.7509604410795,,,
1218,1218,,,,,45.3,4.1,49.4,0.0762285,,,0.931,,12.2132798100448,,,
1219,1219,,,,,39.3,4.2,43.5,0.0701765,,,0.836,,11.9128198186002,,,
1220,1220,,,,,,,,0.0699985,,,0.8279725,,11.8284320378294,,,
1221,1221,,,,,36.9,0,36.9,0.061588,,,0.79401,,12.89228421121,,,
1222,1222,,,,,44.6,0,44.6,0.0784535,,,0.9357975,,11.9280529230691,,,
1223,1223,,,,,48.3,0,48.3,0.079922,,,0.9539425,,11.9359187708015,,,
1224,1224,,,,,,,,0.069598,,,0.817,,11.7388430702032,,,
1225,1225,,,,,45.5,0,45.5,0.0654595,,,0.87229,,13.3256441005507,,,
1226,1226,,,,,49.5,3.8,53.3,0.076095,,,0.9592625,,12.6061173533084,,,
1227,1227,,,,,52,5,57,0.0771185,,,0.91466,,11.8604485305082,,,
1228,1228,,,,,,,,0.0726685,,,0.874,,12.0272194967558,,,
1229,1229,,,,,64.2,0,64.2,0.0656375,,,0.82175,,12.5195200914112,,,
1230,1230,,,,,74.4,0,74.4,0.085796,,,1.0325075,,12.0344479929134,,,
1231,1231,,,,,85.3,4.4,89.7,0.0774745,,,0.912,,11.7716151766065,,,
1232,1232,,,,,,,,0.0727575,,,0.867065,,11.9171906676288,,,
1233,1233,,,,,49.5,0,49.5,0.078053,,,0.9823,,12.585038371363,,,
1234,1234,,,,,49,5,54,0.074048,,,0.9224025,,12.4568185501296,,,
1235,1235,,,,,56.4,7,63.4,0.0965205,,,1.159,,12.0078118119985,,,
1236,1236,,,,,,,,0.084105,,,0.9595,,11.4083585993698,,,
1237,1237,,,,,51.9,5.4,57.3,0.088466,,,1.0252875,,11.589622001673,,,
1238,1238,,,,,63.2,21.2,84.4,0.077252,,,0.9595,,12.4203904106043,,,
1239,1239,,,,,64.8,0,64.8,0.0880655,,,1.0545,,11.9740420482482,,,
1240,1240,,,,,,,,0.085084,,,1.02125,,12.0028442480372,,,
1241,1241,,,,,69.5,8.1,77.6,0.088555,,,1.06533,,12.0301507537688,,,
1242,1242,,,,,57.9,11.6,69.5,0.076006,,,0.94734,,12.4640159987369,,,
1243,1243,,,,,62.7,6.3,69,0.0908245,,,1.088225,,11.9816239010399,,,
1244,1244,,,,,,,,0.0924265,,,1.09725,,11.871595267591,,,
1245,1245,,,,,80.1,5.7,85.8,0.091403,,,1.11321,,12.1791407284225,,,
1246,1246,,,,,81.9,13.5,95.4,0.0905575,,,1.13088,,12.4879772520222,,,
1247,1247,,,,,78.1,4.6,82.7,0.088466,,,1.0545,,11.9198336083919,,,
1248,1248,,,,,,,,0.100392,,,1.159,,11.5447446011634,,,
1249,1249,,,,,58.2,7.5,65.7,0.1034625,,,1.265495,,12.2314365108131,,,
1250,1250,,,,,70,13.4,83.4,0.092293,,,1.15425,,12.5063655965241,,,
1251,1251,,,,,63.1,8.9,72,0.1019495,,,1.253525,,12.2955482861613,,,
1252,1252,,,,,,,,0.1020385,,,1.2255,,12.0101726309187,,,
1253,1253,,,,,81.6,7.8,89.4,0.1130211,,,1.3927,,12.322477838209,,,
1254,1254,,,,,75.1,5.7,80.8,0.1116505,,,1.3783075,,12.3448394767601,,,
1255,1255,,,,,72.3,7.9,80.2,0.100303,,,1.23595,,12.322163843554,,,
1256,1256,,,,,,,,0.096921,,,1.159,,11.9581927549241,,,
1257,1257,,,,,80.4,9.7,90.1,0.1108673,,,1.3642,,12.3048004235694,,,
1258,1258,,,,,97.3,4.9,102.2,0.119527,,,1.42462,,11.9188133225129,,,
1259,1259,,,,,84.8,4.4,89.2,0.1029285,,,1.254,,12.1832145615646,,,
1260,1260,,,,,,,,0.107957,,,1.254,,11.615735894847,,,
1261,1261,,,,,105.9,6,111.9,0.1090695,,,1.331615,,12.2088668234474,,,
1262,1262,,,,,87.7,11.3,99,0.1065775,,,1.324205,,12.4248082381366,,,
1263,1263,,,,,81.9,8.7,90.6,0.107779,,,1.2825,,11.8993495950046,,,
1264,1264,,,,,,,,0.10324,,,1.2445,,12.0544362650136,,,
1265,1265,,,,,79.1,14.2,93.3,0.1185925,,,1.4402,,12.1441069207581,,,
1266,1266,,,,,71.6,12.3,83.9,0.1128075,,,1.3465775,,11.9369501141325,,,
1267,1267,,,,,69.4,13.3,82.7,0.1070225,,,1.2825,,11.9834614216637,,,
1268,1268,,,,,,,,0.118192,,,1.4155,,11.9762758900772,,,
1269,1269,,,,,75.8,9.2,85,0.117391,,,1.444,,12.3007726316327,,,
1270,1270,,,,,69.4,10.3,79.7,0.10235,,,1.2635,,12.3448949682462,,,
1271,1271,,,,,79.2,9.1,88.3,0.120328,,,1.444,,12.0005318795293,,,
1272,1272,,,,,,,,0.1144985,,,1.368,,11.94775477408,,,
1273,1273,,,,,113.4,9.2,122.6,0.1242885,,,1.5143,,12.1837499044562,,,
1274,1274,,,,,76.2,5.3,81.5,0.1186815,,,1.4535,,12.2470646225402,,,
1275,1275,,,,,83.4,11.1,94.5,0.11659,,,1.425,,12.2223175229436,,,
1276,1276,,,,,,,,0.11125,,,1.349,,12.1258426966292,,,
1277,1277,,,,,131.9,19.4,151.3,0.1172575,,,1.474685,,12.5764663241157,,,
1278,1278,,,,,118.7,6,124.7,0.127715,,,1.546885,,12.1120072035391,,,
1279,1279,,,,,131.6,16.4,148,0.118459,,,1.3916075,,11.7475877729847,,,
1280,1280,,,,,,,,0.11926,,,1.4345,,12.028341438873,,,
1281,1281,,,,,36.8,5.8,42.6,,,,,,,,,
1282,1282,,,,,46.4,0,46.4,,,,,,,,,
1283,1283,,,,,33,5.6,38.6,,,,,,,,,
1284,1284,,,,,,,,,,,,,,,,
1285,1285,,,,,36.6,5.7,42.3,,,,,,,,,
1286,1286,,,,,56.7,4.4,61.1,,,,,,,,,
1287,1287,,,,,45.4,6.1,51.5,,,,,,,,,
1288,1288,,,,,,,,,,,,,,,,
1289,1289,,,,,37.2,0,37.2,,,,,,,,,
1290,1290,,,,,41.8,0,41.8,,,,,,,,,
1291,1291,,,,,45.1,0,45.1,,,,,,,,,
1292,1292,,,,,,,,,,,,,,,,
1293,1293,,,,,38.5,0,38.5,,,,,,,,,
1294,1294,,,,,59.5,13.4,72.9,,,,,,,,,
1295,1295,,,,,41.1,0,41.1,,,,,,,,,
1296,1296,,,,,,,,,,,,,,,,
1297,1297,,,,,71.2,7.3,78.5,,,,,,,,,
1298,1298,,,,,72.6,11.5,84.1,,,,,,,,,
1299,1299,,,,,72.3,10.6,82.9,,,,,,,,,
1300,1300,,,,,,,,,,,,,,,,
1301,1301,,,,,66,7.7,73.7,,,,,,,,,
1302,1302,,,,,70.1,5.4,75.5,,,,,,,,,
1303,1303,,,,,83.5,7.9,91.4,,,,,,,,,
1304,1304,,,,,,,,,,,,,,,,
1305,1305,,,,,70.2,6.3,76.5,,,,,,,,,
1306,1306,,,,,67.7,0,67.7,,,,,,,,,
1307,1307,,,,,70.5,6.5,77,,,,,,,,,
1308,1308,,,,,,,,,,,,,,,,
1309,1309,,,,,63.3,7,70.3,,,,,,,,,
1310,1310,,,,,76.6,4.6,81.2,,,,,,,,,
1311,1311,,,,,109.1,7.6,116.7,,,,,,,,,
1312,1312,,,,,,,,,,,,,,,,
1313,1313,,,,,72.7,7.9,80.6,,,,,,,,,
1314,1314,,,,,101.5,13.8,115.3,,,,,,,,,
1315,1315,,,,,80.6,9,89.6,,,,,,,,,
1316,1316,,,,,,,,,,,,,,,,
1317,1317,,,,,104,10.9,114.9,,,,,,,,,
1318,1318,,,,,121.1,12.1,133.2,,,,,,,,,
1319,1319,,,,,89.1,13.5,102.6,,,,,,,,,
1320,1320,,,,,,,,,,,,,,,,
1321,1321,,,,,134.6,6.9,141.5,,,,,,,,,
1322,1322,,,,,87.2,9.1,96.3,,,,,,,,,
1323,1323,,,,,102.9,9.3,112.2,,,,,,,,,
1324,1324,,,,,,,,,,,,,,,,
1325,1325,,,,,126.1,11.9,138,,,,,,,,,
1326,1326,,,,,96.9,7.4,104.3,,,,,,,,,
1327,1327,,,,,79.6,7.4,87,,,,,,,,,
1328,1328,,,,,,,,,,,,,,,,
1329,1329,,,,,140.3,19.4,159.7,,,,,,,,,
1330,1330,,,,,136.9,11.8,148.7,,,,,,,,,
1331,1331,,,,,132,20.9,152.9,,,,,,,,,
1332,1332,,,,,,,,,,,,,,,,
1333,1333,,,,,97.2,10.8,108,,,,,,,,,
1334,1334,,,,,118.2,11.1,129.3,,,,,,,,,
1335,1335,,,,,139.3,17.2,156.5,,,,,,,,,
1336,1336,,,,,,,,,,,,,,,,
1337,1337,,,,,121.4,12.1,133.5,,,,,,,,,
1338,1338,,,,,135.3,6.8,142.1,,,,,,,,,
1339,1339,,,,,138.5,20.4,158.9,,,,,,,,,
1340,1340,,,,,,,,,,,,,,,,
1341,1341,,,,,124,4.7,128.7,,,,,,,,,
1342,1342,,,,,131.9,12.9,144.8,,,,,,,,,
1343,1343,,,,,134.7,20,154.7,,,,,,,,,
1344,1344,,,,,,,,,,,,,,,,
