!,SOIL_header.csv,,,,,,,,,,,,,,,,,,,
!,Sheet1,,,,,,,,,,,,,,,,,,,
%,SOIL_ID,SL_SOURCE,SLTX,SLDP,SL_NOTES,SOIL_SITE,SL_LOC_1,SOIL_LAT,SOIL_LONG,CLASSIFICATION,SLCOM,SALB,SLU1,SLDR,SLRO,SLNF,SLPF,SMHB,SMPX,SMKE
1,IB00000001,IBSNAT,SICL,210,DEFAULT - DEEP SILTY CLAY,Generic,Generic,NA,NA,Generic,NA,0.11,6,0.3,85,1,1,IB001,SA099,IB001
!,SOIL_profile.csv,,,,,,,,,,,,,,,,,,,
!,Sheet1,,,,,,,,,,,,,,,,,,,
%,!SOIL_ID,SLLB,SLMH,SLLL,SLDUL,SLSAT,SLRGF,SKSAT,SLBDM,SLOC,SLCLY,SLSIL,SLCF,SLNI,SLPHW,SLPHB,SLCEC,SLADC,,
1,IB00000001,5,NA,0.228,0.385,0.481,1,NA,1.3,1.75,50,45,0,0.17,6.5,NA,NA,NA,,
1,IB00000001,15,NA,0.228,0.385,0.481,1,NA,1.3,1.75,50,45,0,0.17,6.5,NA,NA,NA,,
1,IB00000001,30,NA,0.249,0.406,0.482,0.638,NA,1.3,1.6,50,45,0,0.17,6.5,NA,NA,NA,,
1,IB00000001,45,NA,0.249,0.406,0.465,0.472,NA,1.35,1.45,50,45,0,0.14,6.5,NA,NA,NA,,
1,IB00000001,60,NA,0.249,0.406,0.465,0.35,NA,1.35,1.45,50,45,0,0.14,6.5,NA,NA,NA,,
1,IB00000001,90,NA,0.308,0.456,0.468,0.223,NA,1.35,1.1,50,45,0,0.11,6.5,NA,NA,NA,,
1,IB00000001,120,NA,0.207,0.341,0.452,0.122,NA,1.4,0.65,50,45,0,0.06,6.5,NA,NA,NA,,
1,IB00000001,150,NA,0.243,0.365,0.455,0.067,NA,1.4,0.3,50,45,0,0.03,6.5,NA,NA,NA,,
1,IB00000001,180,NA,0.259,0.361,0.457,0.037,NA,1.4,0.1,50,45,0,0.01,6.5,NA,NA,NA,,
1,IB00000001,210,NA,0.259,0.361,0.457,0.02,NA,1.4,0.01,50,45,0,0,6.5,NA,NA,NA,,
